id,assunto,frase
1,Partida,"No clássico de quarta-feira, o centroavante finalizou com o pé esquerdo."
2,Arbitragem,"No segundo tempo, o juiz da partida marcou o impedimento."
3,Mercado da bola,"O presidente do clube, em pleno feriado, recusou uma proposta milionária."
4,Mercado da bola,"No estádio lotado, o clube europeu renovou o vínculo do capitão."
5,Imprensa,A emissora de rádio entrevistou o técnico em noite de casa cheia.
6,Campeonato,"Na Arena da Baixada, o time do interior venceu o clássico regional."
7,Partida,"O capitão do time, no clássico de quarta-feira, finalizou na trave."
8,Torcida,"Em pleno feriado, a charanga aplaudiu o goleiro."
9,Imprensa,"Na quarta-feira à noite, o comentarista previu uma goleada no clássico."
10,Imprensa,O jornalista esportivo narrou o golaço da rodada no jogo do returno.
11,Mercado da bola,"No jogo do centenário do clube, o investidor da SAF pagou a multa rescisória."
12,Treinamento,"Em noite de casa cheia, a comissão técnica liberou o elenco para o fim de semana."
13,Campeonato,O líder do campeonato venceu o confronto direto fora de casa.
14,Mercado da bola,"Na despedida do ídolo, o clube árabe negociou a liberação do meia."
15,Mercado da bola,"O clube rival, no estádio do rival, apresentou o reforço à torcida."
16,Campeonato,O vice-líder empatou sem gols na noite de sábado.
17,Categorias de base,"O time sub-20, após o intervalo, assinou com um clube europeu."
18,Categorias de base,"Na reta final da temporada, o time sub-15 disputou a semifinal do sub-20."
19,Categorias de base,"Na quarta-feira à noite, o menino da comunidade disputou a semifinal do sub-20."
20,Mercado da bola,"Em meio à crise, o diretor de futebol renovou o vínculo do capitão."
21,Categorias de base,"O coordenador da base, na decisão do estadual, estreou no time profissional."
22,Categorias de base,O menino da comunidade revelou um goleiro de futuro no jogo do centenário do clube.
23,Imprensa,"Na noite de sábado, o narrador noticiou a venda do atacante."
24,Treinamento,"O analista de desempenho, na volta das férias, liberou o atacante para o jogo."
25,Torcida,"Diante de 40 mil torcedores, o torcedor mais antigo do clube fez uma grande recepção ao elenco."
26,Partida,"O atacante, no meio da semana, cabeceou para o fundo da rede."
27,Imprensa,"Na abertura da rodada, a repórter de campo entrevistou o presidente do clube."
28,Partida,"No último jogo do ano, o meia-armador marcou dois gols."
29,Partida,O capitão do time marcou de pênalti no segundo tempo.
30,Arbitragem,"O quarto árbitro, no gramado encharcado, marcou a falta na entrada da área."
31,Campeonato,"Antes do intervalo, o atual campeão garantiu a permanência na primeira divisão."
32,Partida,"Nos acréscimos, o ponta-direita perdeu um gol feito."
33,Treinamento,"O treinador interino, pela primeira vez na temporada, testou o meia na lateral."
34,Partida,"No estádio lotado, o atacante deu uma assistência precisa."
35,Campeonato,O atual campeão empatou o jogo de ida após o intervalo.
36,Imprensa,"Na despedida do ídolo, o blogueiro esportivo criticou o esquema tático."
37,Mercado da bola,"Logo no primeiro minuto, o diretor de futebol renovou o contrato do goleiro."
38,Imprensa,"Diante de 40 mil torcedores, a coluna do jornal narrou a virada histórica."
39,Arbitragem,O assistente de vídeo revisou o lance no monitor para delírio da torcida.
40,Torcida,"Antes do intervalo, o grupo de torcedores vaiou o árbitro."
41,Treinamento,"O auxiliar técnico, na abertura da rodada, testou o meia na lateral."
42,Torcida,"A torcida jovem, na reta final da temporada, fez um protesto pacífico."
43,Arbitragem,"Para delírio da torcida, o árbitro principal deu o apito final."
44,Arbitragem,"O árbitro de vídeo, no estádio lotado, revisou o toque de mão."
45,Campeonato,"Em noite de casa cheia, o time da casa empatou o jogo de ida."
46,Treinamento,"O técnico, diante de 40 mil torcedores, planejou a pré-temporada."
47,Categorias de base,"Na volta das férias, o jovem goleiro revelou um novo talento."
48,Mercado da bola,"No domingo à tarde, o clube europeu recusou a oferta do rival."
49,Imprensa,"O setorista, sob forte chuva, revelou a escalação do clássico."
50,Partida,"No estádio do rival, o meia-armador cabeceou por cima do travessão."
51,Categorias de base,"O time sub-20, no jogo do returno, conquistou o torneio internacional de base."
52,Arbitragem,O árbitro principal marcou o impedimento durante a pré-temporada.
53,Partida,O ponta-direita finalizou rente à trave após o intervalo.
54,Mercado da bola,"Em pleno feriado, o investidor da SAF pagou as luvas do reforço."
55,Mercado da bola,"Depois de três derrotas seguidas, a diretoria sondou um zagueiro do futebol argentino."
56,Arbitragem,"Diante de 40 mil torcedores, o quarto árbitro expulsou o técnico."
57,Arbitragem,O quarto árbitro marcou o impedimento pela primeira vez na temporada.
58,Treinamento,"O departamento médico, fora de casa, ajustou a saída de bola."
59,Partida,O jogador reserva cruzou para a área na despedida do ídolo.
60,Campeonato,"O azarão da competição, na Arena da Baixada, conquistou o título nacional."
61,Imprensa,A emissora de rádio narrou a decisão por pênaltis na volta das férias.
62,Categorias de base,O garoto da base assinou o primeiro contrato profissional na partida transmitida para todo o país.
63,Categorias de base,O olheiro estreou na seleção de base logo no primeiro minuto.
64,Mercado da bola,O clube árabe pagou a multa rescisória depois de três derrotas seguidas.
65,Arbitragem,"Aos 45 minutos do segundo tempo, o assistente de vídeo marcou um escanteio duvidoso."
66,Partida,"Logo no primeiro minuto, o camisa 10 perdeu um gol feito."
67,Campeonato,"O vice-líder, logo no primeiro minuto, conquistou a copa do estado."
68,Categorias de base,O treinador do sub-17 impressionou o técnico do profissional no segundo tempo.
69,Arbitragem,A assistente deu o apito final em pleno feriado.
70,Arbitragem,"No jogo de ida, a assistente anulou o pênalti após revisão."
71,Treinamento,O departamento médico planejou a sequência de jogos antes do intervalo.
72,Treinamento,"No último jogo do ano, a comissão técnica intensificou o trabalho físico."
73,Partida,O ponta-direita cabeceou por cima do travessão sob forte chuva.
74,Treinamento,"O auxiliar técnico, diante de 40 mil torcedores, liberou o atacante para o jogo."
75,Imprensa,"Na final da copa, o narrador noticiou a crise no vestiário."
76,Mercado da bola,"O investidor da SAF, no clássico de quarta-feira, renovou o contrato do artilheiro."
77,Mercado da bola,"Após o intervalo, o presidente do clube negociou a contratação do volante."
78,Campeonato,O time do interior conquistou a copa do estado no gramado encharcado.
79,Partida,"O capitão do time, em meio à crise, sofreu uma falta dura."
80,Treinamento,"Em meio à crise, o fisiologista ajustou a marcação por pressão."
81,Mercado da bola,O presidente do clube sondou um zagueiro do futebol argentino no jogo de ida.
82,Campeonato,"Nos acréscimos, o time da casa venceu o confronto direto."
83,Categorias de base,"No estádio do rival, o coordenador da base disputou a peneira regional."
84,Campeonato,O time do interior conquistou o título nacional para delírio da torcida.
85,Imprensa,O comentarista previu o título do líder no estádio lotado.
86,Campeonato,"O azarão da competição, depois de três derrotas seguidas, assumiu a liderança da tabela."
87,Mercado da bola,"No jogo do returno, o diretor de futebol renovou o vínculo do capitão."
88,Treinamento,"Em pleno feriado, o auxiliar técnico planejou a sequência de jogos."
89,Mercado da bola,"Sob forte chuva, o agente do jogador pagou a multa rescisória."
90,Torcida,"A arquibancada, aos 45 minutos do segundo tempo, aplaudiu o goleiro."
91,Campeonato,"O vice-líder, na despedida do ídolo, perdeu a liderança da tabela."
92,Treinamento,A comissão técnica liberou o atacante para o jogo na reta final da temporada.
93,Mercado da bola,O gerente de futebol renovou o contrato do goleiro no estádio lotado.
94,Mercado da bola,O empresário anunciou a saída do capitão no jogo do centenário do clube.
95,Mercado da bola,O clube europeu recusou uma proposta milionária em plena data FIFA.
96,Mercado da bola,"O clube europeu, em plena data FIFA, sondou um ponta do interior paulista."
97,Campeonato,O time da casa empatou o jogo de ida no domingo à tarde.
98,Partida,"O camisa 10, na reta final da temporada, perdeu o pênalti."
99,Mercado da bola,"O clube árabe, antes do intervalo, renovou o contrato do artilheiro."
100,Torcida,A charanga aplaudiu a entrada do time em campo no gramado encharcado.
101,Categorias de base,"Na quarta-feira à noite, o menino da comunidade conquistou a Copinha."
102,Partida,O centroavante deu uma assistência precisa no jogo do centenário do clube.
103,Campeonato,"O atual campeão, antes do intervalo, assumiu a vice-liderança."
104,Partida,"Na despedida do ídolo, o volante chutou forte de fora da área."
105,Categorias de base,"O treinador do sub-17, na estreia do campeonato, conquistou a Copinha."
106,Mercado da bola,"O agente do jogador, no confronto pela copa, renovou o contrato do artilheiro."
107,Imprensa,"Na Arena da Baixada, o podcast de futebol entrevistou o capitão."
108,Partida,O capitão do time finalizou na trave no estádio lotado.
109,Categorias de base,O olheiro estreou com gol no confronto pela copa.
110,Imprensa,O jornalista esportivo narrou a virada histórica para delírio da torcida.
111,Treinamento,"O fisiologista, na rodada de domingo, planejou a sequência de jogos."
112,Treinamento,"No jogo do centenário do clube, o coordenador técnico testou o jovem da base no time titular."
113,Partida,O jogador reserva perdeu o pênalti sob forte chuva.
114,Mercado da bola,"Nos acréscimos, o empresário recusou a troca de jogadores."
115,Torcida,"No estádio lotado, a charanga pediu mais raça aos jogadores."
116,Campeonato,"Logo no primeiro minuto, o vice-líder eliminou o favorito ao título."
117,Partida,"No meio da semana, o centroavante chutou forte de fora da área."
118,Imprensa,O jornalista esportivo revelou a escalação do clássico no confronto pela copa.
119,Categorias de base,"No estádio do rival, o garoto da base foi promovido ao time sub-20."
120,Treinamento,"O departamento médico, após o intervalo, comandou o rachão."
121,Imprensa,"A coluna do jornal, logo no primeiro minuto, criticou a arbitragem."
122,Treinamento,O coordenador técnico testou um novo esquema tático na reta final da temporada.
123,Categorias de base,"Após o intervalo, o olheiro conquistou o torneio internacional de base."
124,Mercado da bola,O clube rival recusou a troca de jogadores na quarta-feira à noite.
125,Torcida,A torcida jovem fez uma festa bonita no último jogo do ano.
126,Mercado da bola,"Após o intervalo, o investidor da SAF sondou o técnico da seleção."
127,Treinamento,O auxiliar técnico intensificou as cobranças de pênalti na estreia do campeonato.
128,Imprensa,"No estádio lotado, o podcast de futebol entrevistou o técnico."
129,Arbitragem,"Aos 45 minutos do segundo tempo, o assistente de vídeo marcou o pênalti."
130,Mercado da bola,"Na reta final da temporada, o clube rival apresentou o novo uniforme."
131,Campeonato,"Nos acréscimos, o lanterna conquistou a copa do estado."
132,Imprensa,"No estádio lotado, a emissora de rádio entrevistou o técnico."
133,Mercado da bola,"O presidente do clube, depois de três derrotas seguidas, renovou o contrato do artilheiro."
134,Categorias de base,"O garoto da base, na final da copa, disputou a semifinal do sub-20."
135,Mercado da bola,O empresário anunciou a saída do capitão no jogo de ida.
136,Campeonato,"Fora de casa, o time da casa empatou o jogo de ida."
137,Treinamento,"Na rodada de domingo, o auxiliar técnico intensificou as cobranças de pênalti."
138,Treinamento,"Logo no primeiro minuto, o fisiologista intensificou os treinos de finalização."
139,Torcida,"A torcida mandante, na reta final da temporada, comemorou o acesso à primeira divisão."
140,Arbitragem,"Na rodada de domingo, o quarto árbitro deu seis minutos de acréscimo."
141,Campeonato,"O clube recém-promovido, nos acréscimos, venceu a partida decisiva."
142,Arbitragem,"No estádio do rival, o árbitro anulou o pênalti após revisão."
143,Partida,"O atacante, na noite de sábado, cruzou na cabeça do centroavante."
144,Partida,O zagueiro cabeceou após o escanteio no último jogo do ano.
145,Torcida,"A torcida organizada, no último jogo do ano, vaiou o time na saída de campo."
146,Imprensa,"Na noite de sábado, o canal de esportes narrou o golaço da rodada."
147,Imprensa,"O comentarista, em pleno feriado, noticiou a crise no vestiário."
148,Treinamento,"O departamento médico, aos 45 minutos do segundo tempo, ajustou a bola parada."
149,Campeonato,O time da casa venceu por goleada em meio à crise.
150,Mercado da bola,"Na noite de sábado, o agente do jogador renovou o contrato do artilheiro."
151,Mercado da bola,"Na estreia do campeonato, o diretor de futebol anunciou a saída do capitão."
152,Arbitragem,"Pela primeira vez na temporada, o árbitro de vídeo ignorou o toque de mão."
153,Torcida,A torcida mandante aplaudiu o elenco após a derrota em plena data FIFA.
154,Torcida,"No clássico de quarta-feira, a arquibancada aplaudiu a entrada do time em campo."
155,Imprensa,"O blogueiro esportivo, sob forte chuva, entrevistou o técnico."
156,Mercado da bola,"Na abertura da rodada, o empresário sondou um zagueiro do futebol argentino."
157,Treinamento,O coordenador técnico comandou a atividade de finalização na reta final da temporada.
158,Mercado da bola,O clube europeu anunciou um patrocínio master após o intervalo.
159,Categorias de base,"O menino da comunidade, após o intervalo, conquistou o torneio internacional de base."
160,Campeonato,O time visitante garantiu a vaga na Libertadores no jogo do centenário do clube.
161,Mercado da bola,O presidente do clube negociou a venda do jovem atacante na rodada de domingo.
162,Campeonato,"O time da casa, aos 45 minutos do segundo tempo, assumiu a liderança da tabela."
163,Treinamento,"O analista de desempenho, na volta das férias, comandou o treino tático."
164,Mercado da bola,"O investidor da SAF, durante a pré-temporada, apresentou o novo camisa 9."
165,Imprensa,O podcast de futebol elogiou a estreia do reforço fora de casa.
166,Partida,"Na reta final da temporada, o zagueiro chutou a bola no ângulo."
167,Campeonato,O clube recém-promovido venceu o confronto direto antes do intervalo.
168,Arbitragem,"O quarto árbitro, no jogo do returno, anulou o pênalti após revisão."
169,Arbitragem,"Na abertura da rodada, o assistente de vídeo deu a bola ao chão."
170,Treinamento,"O departamento médico, em pleno feriado, ajustou a saída de bola."
171,Campeonato,O atual campeão venceu o clássico regional na decisão do estadual.
172,Partida,O ponta-direita perdeu um gol feito no segundo tempo.
173,Treinamento,"O analista de desempenho, no jogo do centenário do clube, testou o jovem da base no time titular."
174,Imprensa,"Na partida transmitida para todo o país, o blogueiro esportivo noticiou a lesão do artilheiro."
175,Categorias de base,"O olheiro, na noite de sábado, estreou na seleção de base."
176,Campeonato,"Logo no primeiro minuto, o líder do campeonato empatou com o rival."
177,Mercado da bola,"O clube europeu, depois de três derrotas seguidas, pagou as luvas do reforço."
178,Torcida,A arquibancada aplaudiu o goleiro na reta final da temporada.
179,Treinamento,"Depois de três derrotas seguidas, o treinador interino fechou o treino à imprensa."
180,Torcida,O sócio-torcedor lotou o aeroporto após o intervalo.
181,Treinamento,"Sob forte chuva, o fisiologista ajustou a saída de bola."
182,Campeonato,"O vice-líder, no último jogo do ano, empatou sem gols."
183,Categorias de base,"O time sub-20, pela primeira vez na temporada, impressionou o técnico do profissional."
184,Mercado da bola,"O empresário, no estádio do rival, anunciou a saída do capitão."
185,Partida,O lateral-esquerdo chutou a bola para fora para delírio da torcida.
186,Imprensa,A emissora de rádio entrevistou o presidente do clube na despedida do ídolo.
187,Arbitragem,O árbitro marcou o impedimento sob forte chuva.
188,Mercado da bola,"No jogo do centenário do clube, o presidente do clube negociou a contratação do volante."
189,Arbitragem,"A assistente, em plena data FIFA, ignorou as reclamações do banco."
190,Partida,"O ponta-direita, no jogo de ida, cruzou para a área."
191,Torcida,A torcida mandante lotou o aeroporto no estádio lotado.
192,Categorias de base,O jovem goleiro assinou com um clube europeu na rodada de domingo.
193,Campeonato,O favorito ao título assumiu a vice-liderança na estreia do campeonato.
194,Treinamento,"Na final da copa, o preparador de goleiros fechou a escalação para o clássico."
195,Partida,O jogador reserva sofreu uma lesão muscular na abertura da rodada.
196,Treinamento,"No estádio do rival, o treinador interino testou três zagueiros."
197,Partida,O atacante sofreu uma falta dura no jogo do returno.
198,Partida,"No último jogo do ano, o ponta-direita chutou a bola no ângulo."
199,Partida,"Para delírio da torcida, o atacante finalizou na trave."
200,Treinamento,O treinador interino planejou a recuperação dos atletas na abertura da rodada.
201,Mercado da bola,O clube árabe sondou o técnico da seleção na reta final da temporada.
202,Mercado da bola,"Logo no primeiro minuto, o clube rival pagou as luvas do reforço."
203,Campeonato,"Logo no primeiro minuto, o clube recém-promovido garantiu a classificação para as quartas."
204,Partida,"O meia-armador, para delírio da torcida, cruzou rasteiro para o meio."
205,Imprensa,A repórter de campo narrou o golaço da rodada na partida transmitida para todo o país.
206,Campeonato,"Aos 45 minutos do segundo tempo, o lanterna venceu por goleada."
207,Torcida,"Na noite de sábado, a torcida mandante vaiou o jogador adversário."
208,Torcida,"A torcida jovem, depois de três derrotas seguidas, aplaudiu a homenagem ao ídolo."
209,Partida,O centroavante cabeceou no canto do goleiro no domingo à tarde.
210,Imprensa,O jornalista esportivo noticiou a venda do atacante em pleno feriado.
211,Partida,"O volante, em plena data FIFA, finalizou por cobertura."
212,Categorias de base,O coordenador da base estreou com gol para delírio da torcida.
213,Mercado da bola,"O clube rival, na abertura da rodada, pagou a primeira parcela da transferência."
214,Arbitragem,O árbitro anulou o gol por falta no goleiro na decisão do estadual.
215,Imprensa,"O podcast de futebol, fora de casa, previu o rebaixamento do clube."
216,Categorias de base,"A promessa do clube, diante de 40 mil torcedores, conquistou o torneio internacional de base."
217,Imprensa,"Na rodada de domingo, o setorista entrevistou o técnico."
218,Arbitragem,O árbitro de vídeo revisou a jogada do gol na reta final da temporada.
219,Torcida,A torcida organizada comemorou o acesso à primeira divisão no estádio lotado.
220,Partida,"O atacante, no clássico de quarta-feira, chutou cruzado para o gol."
221,Arbitragem,O assistente de vídeo expulsou o técnico na abertura da rodada.
222,Imprensa,O podcast de futebol elogiou a postura do time no jogo do centenário do clube.
223,Imprensa,O narrador criticou a arbitragem na abertura da rodada.
224,Mercado da bola,"O clube árabe, no meio da semana, anunciou um patrocínio master."
225,Categorias de base,"O menino da comunidade, na rodada de domingo, foi promovido ao elenco principal."
226,Campeonato,O time do interior venceu a partida decisiva antes do intervalo.
227,Mercado da bola,"O diretor de futebol, em pleno feriado, recusou uma proposta milionária."
228,Imprensa,"Na despedida do ídolo, o blogueiro esportivo noticiou a venda do atacante."
229,Categorias de base,"Após o intervalo, o olheiro revelou um lateral promissor."
230,Partida,"O jogador reserva, durante a pré-temporada, cabeceou por cima do travessão."
231,Mercado da bola,O clube rival pagou a multa rescisória no último jogo do ano.
232,Torcida,"No confronto pela copa, a charanga vaiou o jogador adversário."
233,Treinamento,"Antes do intervalo, o coordenador técnico liberou o elenco para o fim de semana."
234,Imprensa,"O narrador, na estreia do campeonato, narrou a virada histórica."
235,Partida,"Na decisão do estadual, o centroavante sofreu uma falta dura."
236,Imprensa,"Na decisão do estadual, o comentarista noticiou a venda do atacante."
237,Campeonato,"O azarão da competição, na decisão do estadual, assumiu a vice-liderança."
238,Imprensa,"O blogueiro esportivo, após o intervalo, previu uma goleada no clássico."
239,Mercado da bola,O presidente do clube pagou as luvas do reforço na volta das férias.
240,Arbitragem,O quarto árbitro aplicou o cartão vermelho aos 45 minutos do segundo tempo.
241,Partida,"Na reta final da temporada, o meia-armador perdeu a chance de empatar."
242,Treinamento,A comissão técnica testou três zagueiros no jogo do returno.
243,Imprensa,O podcast de futebol previu o rebaixamento do clube no gramado encharcado.
244,Torcida,"O torcedor, na despedida do ídolo, cantou o hino do clube."
245,Partida,"No jogo do returno, o jogador reserva cabeceou no canto do goleiro."
246,Campeonato,"Na reta final da temporada, o líder do campeonato venceu o confronto direto."
247,Categorias de base,O time sub-15 assinou com um clube europeu no clássico de quarta-feira.
248,Imprensa,O narrador noticiou a lesão do artilheiro no clássico de quarta-feira.
249,Arbitragem,A árbitra deu a bola ao chão no gramado encharcado.
250,Mercado da bola,"No estádio lotado, o clube europeu negociou a venda do jovem atacante."
251,Treinamento,"O preparador de goleiros, sob forte chuva, intensificou os treinos de finalização."
252,Treinamento,O preparador físico fechou a escalação para o clássico na partida transmitida para todo o país.
253,Campeonato,"No estádio lotado, o time da casa assumiu a liderança da tabela."
254,Torcida,A torcida organizada cantou durante os noventa minutos no gramado encharcado.
255,Mercado da bola,"Aos 45 minutos do segundo tempo, o agente do jogador anunciou a chegada do novo técnico."
256,Campeonato,"No estádio do rival, o time da casa garantiu a vaga na Libertadores."
257,Torcida,"A torcida mandante, na Arena da Baixada, cantou o nome do ídolo."
258,Treinamento,"Em meio à crise, o técnico testou o meia na lateral."
259,Partida,"Na partida transmitida para todo o país, o atacante sofreu uma falta dura."
260,Partida,O capitão do time cabeceou no canto do goleiro na partida transmitida para todo o país.
261,Treinamento,"No meio da semana, o preparador físico liberou o lateral após exames."
262,Partida,"Depois de três derrotas seguidas, o meia-armador finalizou na trave."
263,Partida,O volante marcou dois gols antes do intervalo.
264,Campeonato,"O clube recém-promovido, para delírio da torcida, empatou o jogo de ida."
265,Arbitragem,"Na rodada de domingo, o árbitro principal deu seis minutos de acréscimo."
266,Imprensa,A emissora de rádio previu o título do líder no jogo do centenário do clube.
267,Arbitragem,"Aos 45 minutos do segundo tempo, o árbitro de vídeo aplicou o cartão amarelo."
268,Categorias de base,"Na rodada de domingo, o menino da comunidade foi promovido ao elenco principal."
269,Partida,"O camisa 10, no último jogo do ano, perdeu a chance de empatar."
270,Partida,"O camisa 10, após o intervalo, perdeu o pênalti."
271,Mercado da bola,"O clube europeu, na quarta-feira à noite, anunciou o reforço para a temporada."
272,Treinamento,"O coordenador técnico, após o intervalo, intensificou as cobranças de pênalti."
273,Arbitragem,O juiz da partida ignorou as reclamações do banco aos 45 minutos do segundo tempo.
274,Imprensa,"A coluna do jornal, na volta das férias, entrevistou o presidente do clube."
275,Arbitragem,A árbitra revisou o lance no monitor em meio à crise.
276,Treinamento,"No último jogo do ano, o treinador interino planejou a pré-temporada."
277,Arbitragem,O juiz da partida deu seis minutos de acréscimo na noite de sábado.
278,Partida,"Diante de 40 mil torcedores, o centroavante chutou a bola no ângulo."
279,Mercado da bola,O presidente do clube negociou a venda do jovem atacante na quarta-feira à noite.
280,Treinamento,"O coordenador técnico, na noite de sábado, comandou a atividade de finalização."
281,Mercado da bola,"No estádio do rival, o clube árabe negociou o empréstimo do lateral."
282,Imprensa,"O jornalista esportivo, na estreia do campeonato, elogiou a postura do time."
283,Campeonato,"O time da casa, depois de três derrotas seguidas, empatou o jogo de ida."
284,Torcida,"Na quarta-feira à noite, a torcida visitante lotou o estádio."
285,Torcida,A torcida organizada comemorou o título estadual nos acréscimos.
286,Imprensa,O narrador entrevistou o presidente do clube na decisão do estadual.
287,Mercado da bola,"O agente do jogador, sob forte chuva, negociou a liberação do meia."
288,Torcida,"No jogo de ida, o grupo de torcedores lotou a frente do centro de treinamento."
289,Treinamento,O fisiologista intensificou as cobranças de pênalti antes do intervalo.
290,Imprensa,"O jornalista esportivo, no estádio do rival, previu o título do líder."
291,Arbitragem,"No segundo tempo, a equipe de arbitragem revisou a jogada do gol."
292,Treinamento,O departamento médico testou um novo esquema tático fora de casa.
293,Imprensa,O comentarista noticiou a venda do atacante em noite de casa cheia.
294,Torcida,"O torcedor mais antigo do clube, no estádio do rival, vaiou o time na saída de campo."
295,Imprensa,A coluna do jornal narrou o golaço da rodada no clássico de quarta-feira.
296,Categorias de base,"No domingo à tarde, o treinador do sub-17 impressionou o técnico do profissional."
297,Partida,"Em noite de casa cheia, o lateral-esquerdo perdeu o pênalti."
298,Mercado da bola,"O clube rival, no estádio do rival, apresentou o novo camisa 9."
299,Treinamento,"Na quarta-feira à noite, o auxiliar técnico liberou o atacante para o jogo."
300,Partida,O zagueiro chutou forte de fora da área durante a pré-temporada.
301,Torcida,"A torcida mandante, na rodada de domingo, cantou o hino do clube."
302,Imprensa,"Após o intervalo, a emissora de rádio entrevistou o técnico."
303,Torcida,"No estádio do rival, a torcida visitante cantou sem parar."
304,Partida,"No jogo do centenário do clube, o volante finalizou de primeira."
305,Imprensa,A emissora de rádio entrevistou o presidente do clube no estádio lotado.
306,Mercado da bola,"O clube rival, na rodada de domingo, recusou a oferta do rival."
307,Campeonato,O clube recém-promovido conquistou o acesso à Série A na despedida do ídolo.
308,Partida,"Na noite de sábado, o volante chutou a bola no ângulo."
309,Treinamento,"Aos 45 minutos do segundo tempo, o treinador interino liberou o elenco para o fim de semana."
310,Campeonato,O time do interior foi rebaixado para a segunda divisão em meio à crise.
311,Categorias de base,"O coordenador da base, na Arena da Baixada, revelou um novo talento."
312,Imprensa,"A emissora de rádio, na quarta-feira à noite, elogiou o desempenho do goleiro."
313,Torcida,"Em noite de casa cheia, o sócio-torcedor aplaudiu a homenagem ao ídolo."
314,Mercado da bola,"O empresário, na quarta-feira à noite, pagou as luvas do reforço."
315,Categorias de base,"O treinador do sub-17, no estádio lotado, revelou um novo talento."
316,Imprensa,"No gramado encharcado, a coluna do jornal narrou o golaço da rodada."
317,Campeonato,"Durante a pré-temporada, o azarão da competição foi rebaixado para a segunda divisão."
318,Partida,"No estádio do rival, o camisa 10 chutou a bola para fora."
319,Partida,"O centroavante, sob forte chuva, deu um drible desconcertante."
320,Imprensa,"Na reta final da temporada, a emissora de rádio previu o rebaixamento do clube."
321,Mercado da bola,"A diretoria, no jogo do returno, negociou a contratação do volante."
322,Torcida,"A charanga, no jogo do centenário do clube, lotou o aeroporto."
323,Campeonato,O líder do campeonato empatou com o rival em pleno feriado.
324,Mercado da bola,O clube europeu sondou um zagueiro do futebol argentino no estádio lotado.
325,Partida,O jogador reserva chutou a bola para fora na partida transmitida para todo o país.
326,Torcida,O torcedor cantou durante os noventa minutos em meio à crise.
327,Imprensa,"O canal de esportes, para delírio da torcida, revelou o novo patrocinador."
328,Campeonato,"O vice-líder, em plena data FIFA, perdeu a liderança da tabela."
329,Torcida,"O sócio-torcedor, no último jogo do ano, vaiou a escalação do técnico."
330,Treinamento,O preparador físico fechou o treino à imprensa no segundo tempo.
331,Arbitragem,O árbitro revisou o toque de mão na quarta-feira à noite.
332,Treinamento,O fisiologista ajustou a marcação por pressão no clássico de quarta-feira.
333,Mercado da bola,A diretoria renovou o vínculo do capitão em meio à crise.
334,Treinamento,"A comissão técnica, na volta das férias, comandou a atividade de finalização."
335,Campeonato,O time do interior foi rebaixado para a segunda divisão pela primeira vez na temporada.
336,Partida,O meia-armador chutou cruzado para o gol em noite de casa cheia.
337,Treinamento,O preparador físico ajustou a marcação por pressão no estádio lotado.
338,Arbitragem,"A árbitra, no estádio lotado, deu seis minutos de acréscimo."
339,Torcida,"No domingo à tarde, o sócio-torcedor vaiou o jogador adversário."
340,Arbitragem,"Durante a pré-temporada, o árbitro principal aplicou a lei da vantagem."
341,Torcida,A torcida visitante vaiou o árbitro na decisão do estadual.
342,Torcida,A arquibancada fez um protesto pacífico na final da copa.
343,Treinamento,"O departamento médico, na reta final da temporada, fechou a escalação para o clássico."
344,Mercado da bola,O presidente do clube negociou o empréstimo do lateral logo no primeiro minuto.
345,Categorias de base,O time sub-15 impressionou o técnico do profissional no gramado encharcado.
346,Campeonato,O atual campeão perdeu a invencibilidade em meio à crise.
347,Treinamento,"Nos acréscimos, a comissão técnica ajustou o posicionamento da defesa."
348,Arbitragem,O quarto árbitro marcou o impedimento na reta final da temporada.
349,Treinamento,O coordenador técnico ajustou a marcação por pressão no estádio do rival.
350,Torcida,A torcida visitante aplaudiu a entrada do time em campo na volta das férias.
351,Arbitragem,"Na Arena da Baixada, o juiz da partida revisou a jogada do gol."
352,Mercado da bola,O agente do jogador negociou a contratação do volante na final da copa.
353,Mercado da bola,"O empresário, na rodada de domingo, recusou a troca de jogadores."
354,Treinamento,O treinador interino comandou o treino tático no clássico de quarta-feira.
355,Partida,"Na estreia do campeonato, o centroavante cabeceou por cima do travessão."
356,Mercado da bola,"Na despedida do ídolo, o agente do jogador apresentou o novo uniforme."
357,Campeonato,O lanterna perdeu a final nos pênaltis no clássico de quarta-feira.
358,Mercado da bola,"No clássico de quarta-feira, o agente do jogador pagou a multa rescisória."
359,Campeonato,"Na reta final da temporada, o lanterna perdeu a final nos pênaltis."
360,Arbitragem,"Nos acréscimos, o árbitro deu o apito final."
361,Campeonato,"O atual campeão, no segundo tempo, perdeu a final nos pênaltis."
362,Partida,O ponta-direita marcou o gol da vitória na volta das férias.
363,Campeonato,O vice-líder conquistou a copa do estado no clássico de quarta-feira.
364,Torcida,"O grupo de torcedores, no clássico de quarta-feira, comemorou o acesso à primeira divisão."
365,Torcida,"O torcedor mais antigo do clube, na estreia do campeonato, cantou o hino do clube."
366,Partida,"No estádio do rival, o atacante chutou forte de fora da área."
367,Partida,"Depois de três derrotas seguidas, o ponta-direita chutou cruzado para o gol."
368,Campeonato,O azarão da competição eliminou o favorito ao título em meio à crise.
369,Treinamento,O treinador interino intensificou os treinos de finalização logo no primeiro minuto.
370,Imprensa,A emissora de rádio previu o rebaixamento do clube na final da copa.
371,Arbitragem,"A equipe de arbitragem, na partida transmitida para todo o país, marcou um escanteio duvidoso."
372,Treinamento,"Pela primeira vez na temporada, o preparador de goleiros planejou a pré-temporada."
373,Mercado da bola,O clube rival recusou a oferta do rival no estádio do rival.
374,Campeonato,O líder do campeonato venceu o confronto direto nos acréscimos.
375,Campeonato,O clube recém-promovido empatou com o rival no domingo à tarde.
376,Campeonato,"Na abertura da rodada, o vice-líder eliminou o atual campeão."
377,Campeonato,"Aos 45 minutos do segundo tempo, o vice-líder assumiu a liderança da tabela."
378,Imprensa,"O podcast de futebol, na final da copa, entrevistou o capitão."
379,Torcida,"Em plena data FIFA, o sócio-torcedor lotou o estádio."
380,Partida,"O camisa 10, em meio à crise, deu um chapéu no marcador."
381,Arbitragem,"Em noite de casa cheia, o árbitro de vídeo marcou o tiro de meta."
382,Campeonato,"Pela primeira vez na temporada, o vice-líder assumiu a liderança da tabela."
383,Torcida,"Na reta final da temporada, a torcida organizada fez uma grande recepção ao elenco."
384,Arbitragem,O árbitro de vídeo marcou o tiro de meta fora de casa.
385,Mercado da bola,"O gerente de futebol, no estádio do rival, negociou a liberação do meia."
386,Imprensa,"Sob forte chuva, o blogueiro esportivo elogiou a postura do time."
387,Mercado da bola,O clube árabe negociou a liberação do meia pela primeira vez na temporada.
388,Campeonato,"No estádio do rival, o líder do campeonato eliminou o atual campeão."
389,Mercado da bola,A diretoria sondou o técnico da seleção sob forte chuva.
390,Torcida,"Logo no primeiro minuto, o grupo de torcedores pediu a saída do técnico."
391,Partida,O capitão do time marcou o gol de empate na decisão do estadual.
392,Imprensa,"Sob forte chuva, o jornalista esportivo noticiou a venda do atacante."
393,Categorias de base,O olheiro estreou no time profissional no jogo de ida.
394,Arbitragem,O bandeirinha aplicou o cartão vermelho no estádio do rival.
395,Mercado da bola,"O investidor da SAF, no jogo de ida, recusou a troca de jogadores."
396,Categorias de base,"Sob forte chuva, o coordenador da base estreou na seleção de base."
397,Mercado da bola,O gerente de futebol pagou as luvas do reforço no segundo tempo.
398,Categorias de base,A escolinha de futebol conquistou a Copinha em noite de casa cheia.
399,Torcida,"O grupo de torcedores, na reta final da temporada, comemorou o acesso à primeira divisão."
400,Mercado da bola,"No jogo do centenário do clube, o gerente de futebol sondou um zagueiro do futebol argentino."
401,Arbitragem,O quarto árbitro deu seis minutos de acréscimo na despedida do ídolo.
402,Mercado da bola,"Na final da copa, o gerente de futebol anunciou o reforço para a temporada."
403,Arbitragem,"No jogo do returno, o árbitro anulou o gol por impedimento."
404,Imprensa,"O podcast de futebol, fora de casa, entrevistou o capitão."
405,Mercado da bola,"Aos 45 minutos do segundo tempo, o investidor da SAF recusou a troca de jogadores."
406,Partida,"O jogador reserva, no estádio do rival, finalizou por cobertura."
407,Partida,"O ponta-direita, na decisão do estadual, sofreu um pênalti."
408,Categorias de base,O time sub-15 revelou um goleiro de futuro fora de casa.
409,Torcida,"A arquibancada, no estádio lotado, fez uma grande recepção ao elenco."
410,Partida,O ponta-direita marcou de falta no jogo do returno.
411,Treinamento,"Em plena data FIFA, o analista de desempenho ajustou a marcação por pressão."
412,Torcida,A torcida visitante lotou a frente do centro de treinamento no jogo de ida.
413,Partida,"O capitão do time, na decisão do estadual, cabeceou no canto do goleiro."
414,Imprensa,"O blogueiro esportivo, depois de três derrotas seguidas, criticou a escalação inicial."
415,Partida,O lateral-esquerdo finalizou com o pé esquerdo aos 45 minutos do segundo tempo.
416,Categorias de base,A promessa do clube disputou a semifinal do sub-20 fora de casa.
417,Arbitragem,"Antes do intervalo, o árbitro de vídeo revisou o lance no monitor."
418,Categorias de base,"O time sub-20, aos 45 minutos do segundo tempo, conquistou o título estadual juvenil."
419,Campeonato,"O time da casa, na Arena da Baixada, venceu o clássico regional."
420,Torcida,"No clássico de quarta-feira, o sócio-torcedor vaiou o time na saída de campo."
421,Imprensa,"A emissora de rádio, no estádio lotado, previu o título do líder."
422,Imprensa,"Na reta final da temporada, o setorista elogiou a postura do time."
423,Partida,"O capitão do time, na noite de sábado, cabeceou após o escanteio."
424,Mercado da bola,"Na abertura da rodada, o presidente do clube sondou um zagueiro do futebol argentino."
425,Arbitragem,"O assistente de vídeo, na quarta-feira à noite, expulsou o técnico."
426,Arbitragem,"Na decisão do estadual, o bandeirinha marcou a falta na entrada da área."
427,Imprensa,"Na abertura da rodada, o narrador narrou a virada histórica."
428,Campeonato,"O clube recém-promovido, fora de casa, assumiu a vice-liderança."
429,Partida,"Durante a pré-temporada, o lateral-esquerdo chutou cruzado para o gol."
430,Arbitragem,O quarto árbitro aplicou o cartão vermelho na despedida do ídolo.
431,Arbitragem,O assistente de vídeo revisou o toque de mão na noite de sábado.
432,Torcida,"O torcedor, em plena data FIFA, cantou sem parar."
433,Torcida,A arquibancada comemorou o gol da virada na partida transmitida para todo o país.
434,Torcida,"A arquibancada, na final da copa, cantou o nome do ídolo."
435,Partida,"O lateral-esquerdo, na estreia do campeonato, chutou a bola no ângulo."
436,Partida,O atacante sofreu uma falta dura fora de casa.
437,Treinamento,"Antes do intervalo, o preparador de goleiros intensificou o trabalho físico."
438,Campeonato,"O time do interior, após o intervalo, assumiu a vice-liderança."
439,Categorias de base,O time sub-15 disputou a semifinal do sub-20 no segundo tempo.
440,Torcida,"Na final da copa, a arquibancada vaiou o time na saída de campo."
441,Treinamento,A comissão técnica comandou o rachão em plena data FIFA.
442,Partida,O camisa 10 finalizou por cobertura no estádio do rival.
443,Partida,"Nos acréscimos, o volante sofreu um pênalti."
444,Partida,"Na Arena da Baixada, o ponta-direita marcou de falta."
445,Torcida,O torcedor mais antigo do clube aplaudiu o goleiro na partida transmitida para todo o país.
446,Partida,"Nos acréscimos, o camisa 10 marcou de falta."
447,Arbitragem,O assistente de vídeo anulou o gol por impedimento logo no primeiro minuto.
448,Partida,"Na abertura da rodada, o centroavante chutou a bola para fora."
449,Partida,"O ponta-direita, na rodada de domingo, marcou um golaço."
450,Imprensa,"O blogueiro esportivo, no clássico de quarta-feira, criticou a arbitragem."
451,Mercado da bola,"O gerente de futebol, no segundo tempo, negociou o empréstimo do lateral."
452,Mercado da bola,"No último jogo do ano, o clube árabe recusou a oferta do rival."
453,Campeonato,O favorito ao título conquistou a copa do estado sob forte chuva.
454,Arbitragem,O árbitro de vídeo marcou a falta na entrada da área na noite de sábado.
455,Arbitragem,"Na rodada de domingo, o assistente de vídeo revisou a jogada do gol."
456,Categorias de base,O time sub-15 impressionou os olheiros europeus depois de três derrotas seguidas.
457,Treinamento,"Antes do intervalo, o departamento médico comandou a atividade de finalização."
458,Imprensa,"Em plena data FIFA, a repórter de campo elogiou a postura do time."
459,Imprensa,"No segundo tempo, o jornalista esportivo entrevistou o presidente do clube."
460,Imprensa,O canal de esportes noticiou a lesão do artilheiro na noite de sábado.
461,Categorias de base,O olheiro conquistou o torneio internacional de base antes do intervalo.
462,Imprensa,A repórter de campo revelou a escalação do clássico no jogo do centenário do clube.
463,Partida,"O zagueiro, logo no primeiro minuto, cruzou para a área."
464,Treinamento,"Na quarta-feira à noite, o preparador de goleiros comandou o rachão."
465,Arbitragem,O assistente de vídeo deu o apito final para delírio da torcida.
466,Imprensa,A repórter de campo elogiou o trabalho do técnico na abertura da rodada.
467,Torcida,"O grupo de torcedores, na rodada de domingo, fez um protesto pacífico."
468,Imprensa,"O comentarista, na abertura da rodada, criticou a atuação do time."
469,Treinamento,"No estádio do rival, o departamento médico liberou o elenco para o fim de semana."
470,Treinamento,O fisiologista ajustou a saída de bola após o intervalo.
471,Imprensa,"Em plena data FIFA, a coluna do jornal elogiou a postura do time."
472,Campeonato,O azarão da competição eliminou o atual campeão no segundo tempo.
473,Partida,"No segundo tempo, o centroavante finalizou com o pé esquerdo."
474,Imprensa,O blogueiro esportivo elogiou o desempenho do goleiro durante a pré-temporada.
475,Treinamento,"O técnico, no último jogo do ano, ajustou a bola parada."
476,Campeonato,"O time do interior, no meio da semana, venceu por goleada."
477,Mercado da bola,"Aos 45 minutos do segundo tempo, o presidente do clube renovou o vínculo do capitão."
478,Imprensa,"No meio da semana, a coluna do jornal entrevistou o técnico."
479,Torcida,A torcida jovem fez um protesto pacífico na volta das férias.
480,Treinamento,"O preparador físico, após o intervalo, liberou o elenco para o fim de semana."
481,Arbitragem,"Durante a pré-temporada, o quarto árbitro expulsou o zagueiro."
482,Campeonato,"O atual campeão, na estreia do campeonato, garantiu a permanência na primeira divisão."
483,Arbitragem,"O árbitro de vídeo, em meio à crise, revisou o lance no monitor."
484,Partida,"Após o intervalo, o volante sofreu um pênalti."
485,Categorias de base,A escolinha de futebol foi promovido ao time sub-20 no gramado encharcado.
486,Categorias de base,"Fora de casa, o olheiro disputou a peneira regional."
487,Treinamento,O analista de desempenho ajustou o posicionamento da defesa no estádio lotado.
488,Campeonato,O azarão da competição eliminou o atual campeão no domingo à tarde.
489,Partida,"Na Arena da Baixada, o camisa 10 cruzou para a área."
490,Arbitragem,"Na despedida do ídolo, o bandeirinha expulsou o zagueiro."
491,Imprensa,O blogueiro esportivo revelou a escalação do clássico no segundo tempo.
492,Arbitragem,"No estádio lotado, a equipe de arbitragem marcou o tiro de meta."
493,Arbitragem,"No meio da semana, o quarto árbitro anulou o gol por falta no goleiro."
494,Categorias de base,O time sub-20 impressionou a comissão técnica na reta final da temporada.
495,Categorias de base,"O menino da comunidade, antes do intervalo, estreou com gol."
496,Campeonato,"O lanterna, pela primeira vez na temporada, conquistou a copa do estado."
497,Partida,O centroavante chutou cruzado para o gol no clássico de quarta-feira.
498,Arbitragem,O quarto árbitro ignorou o toque de mão na Arena da Baixada.
499,Categorias de base,"O menino da comunidade, no gramado encharcado, disputou a semifinal do sub-20."
500,Treinamento,A comissão técnica testou um novo esquema tático no jogo de ida.
501,Arbitragem,"O juiz da partida, durante a pré-temporada, marcou a falta na entrada da área."
502,Imprensa,O narrador noticiou a crise no vestiário pela primeira vez na temporada.
503,Partida,O camisa 10 chutou a bola para fora pela primeira vez na temporada.
504,Mercado da bola,"O clube rival, na estreia do campeonato, anunciou a saída do capitão."
505,Arbitragem,"No jogo de ida, o árbitro principal anulou o pênalti após revisão."
506,Torcida,A torcida mandante vaiou o time na saída de campo no último jogo do ano.
507,Mercado da bola,"No clássico de quarta-feira, o gerente de futebol negociou o empréstimo do lateral."
508,Partida,O volante deu um drible desconcertante no jogo do returno.
509,Categorias de base,O olheiro assinou com um clube europeu no meio da semana.
510,Partida,"Na quarta-feira à noite, o capitão do time cruzou rasteiro para o meio."
511,Torcida,"O torcedor, no jogo de ida, vaiou a escalação do técnico."
512,Imprensa,"O jornalista esportivo, no jogo de ida, elogiou o trabalho do técnico."
513,Partida,"O centroavante, aos 45 minutos do segundo tempo, chutou a bola para fora."
514,Partida,"Em meio à crise, o centroavante finalizou de primeira."
515,Partida,"Na final da copa, o zagueiro marcou de pênalti."
516,Partida,O centroavante marcou de falta em plena data FIFA.
517,Mercado da bola,O agente do jogador renovou o vínculo do capitão durante a pré-temporada.
518,Arbitragem,"O árbitro de vídeo, depois de três derrotas seguidas, aplicou o cartão vermelho."
519,Imprensa,"O comentarista, na rodada de domingo, noticiou a crise no vestiário."
520,Imprensa,"No último jogo do ano, a emissora de rádio entrevistou o autor do gol."
521,Imprensa,"O canal de esportes, durante a pré-temporada, narrou o golaço da rodada."
522,Arbitragem,A árbitra expulsou o zagueiro na noite de sábado.
523,Partida,O camisa 10 sofreu uma falta dura no segundo tempo.
524,Treinamento,"No segundo tempo, o fisiologista comandou a atividade de finalização."
525,Mercado da bola,"O clube árabe, no domingo à tarde, pagou a primeira parcela da transferência."
526,Partida,O centroavante cruzou para a área no segundo tempo.
527,Arbitragem,O árbitro de vídeo expulsou o volante adversário na decisão do estadual.
528,Treinamento,A comissão técnica ajustou a saída de bola antes do intervalo.
529,Treinamento,"No estádio lotado, o preparador físico ajustou o posicionamento da defesa."
530,Treinamento,"Na quarta-feira à noite, o técnico planejou a sequência de jogos."
531,Torcida,"Em pleno feriado, o torcedor mais antigo do clube fez uma festa bonita."
532,Categorias de base,O time sub-15 disputou a semifinal do sub-20 na final da copa.
533,Treinamento,A comissão técnica liberou o lateral após exames no jogo do returno.
534,Imprensa,O podcast de futebol criticou a atuação do time para delírio da torcida.
535,Torcida,"Na decisão do estadual, a charanga cantou o hino do clube."
536,Categorias de base,"O time sub-15, no jogo do centenário do clube, conquistou o título estadual juvenil."
537,Partida,"Na final da copa, o centroavante marcou de pênalti."
538,Torcida,"O sócio-torcedor, na despedida do ídolo, lotou a frente do centro de treinamento."
539,Mercado da bola,"Logo no primeiro minuto, o clube rival renovou o contrato do goleiro."
540,Partida,O camisa 10 sofreu uma falta dura no estádio lotado.
541,Imprensa,O podcast de futebol criticou a escalação inicial no clássico de quarta-feira.
542,Categorias de base,"Após o intervalo, o olheiro estreou com gol."
543,Mercado da bola,O clube rival anunciou a chegada do novo técnico em plena data FIFA.
544,Imprensa,A coluna do jornal revelou a escalação do clássico na Arena da Baixada.
545,Mercado da bola,"Nos acréscimos, o investidor da SAF recusou uma proposta milionária."
546,Treinamento,O auxiliar técnico testou três zagueiros na quarta-feira à noite.
547,Torcida,"No confronto pela copa, a arquibancada lotou a frente do centro de treinamento."
548,Campeonato,"O líder do campeonato, na estreia do campeonato, perdeu a liderança da tabela."
549,Torcida,"Durante a pré-temporada, a torcida organizada lotou a frente do centro de treinamento."
550,Torcida,A charanga fez uma grande recepção ao elenco na decisão do estadual.
551,Partida,"O camisa 10, logo no primeiro minuto, cruzou para a área."
552,Partida,O camisa 10 finalizou com o pé esquerdo na noite de sábado.
553,Arbitragem,"Na abertura da rodada, o bandeirinha marcou a falta na entrada da área."
554,Mercado da bola,"O clube rival, no jogo de ida, anunciou a chegada do novo técnico."
555,Mercado da bola,"Logo no primeiro minuto, o empresário anunciou a saída do capitão."
556,Treinamento,"Na partida transmitida para todo o país, a comissão técnica testou três zagueiros."
557,Torcida,"A arquibancada, fora de casa, fez uma grande recepção ao elenco."
558,Arbitragem,"Em plena data FIFA, o assistente de vídeo revisou o toque de mão."
559,Partida,O jogador reserva marcou o gol da vitória no segundo tempo.
560,Imprensa,"No clássico de quarta-feira, o jornalista esportivo revelou o novo patrocinador."
561,Imprensa,"Em noite de casa cheia, o comentarista criticou o esquema tático."
562,Partida,"Em meio à crise, o ponta-direita finalizou rente à trave."
563,Campeonato,O clube recém-promovido eliminou o atual campeão logo no primeiro minuto.
564,Torcida,"Na Arena da Baixada, a torcida visitante fez um mosaico gigante."
565,Mercado da bola,O investidor da SAF anunciou um patrocínio master aos 45 minutos do segundo tempo.
566,Partida,O zagueiro cruzou para a área logo no primeiro minuto.
567,Imprensa,"O canal de esportes, depois de três derrotas seguidas, criticou a escalação inicial."
568,Campeonato,O time do interior assumiu a vice-liderança no estádio lotado.
569,Campeonato,"O time visitante, na volta das férias, empatou com o rival."
570,Mercado da bola,O clube europeu recusou a troca de jogadores na quarta-feira à noite.
571,Campeonato,"Aos 45 minutos do segundo tempo, o atual campeão foi rebaixado para a segunda divisão."
572,Torcida,"A arquibancada, em meio à crise, pediu a contratação de um centroavante."
573,Arbitragem,"Pela primeira vez na temporada, o árbitro principal marcou um escanteio duvidoso."
574,Imprensa,"No jogo do centenário do clube, o setorista narrou o golaço da rodada."
575,Mercado da bola,"O agente do jogador, no domingo à tarde, anunciou a chegada do novo técnico."
576,Categorias de base,O coordenador da base revelou um novo talento fora de casa.
577,Categorias de base,"O jovem goleiro, fora de casa, estreou com gol."
578,Arbitragem,"O assistente de vídeo, na volta das férias, ignorou as reclamações do banco."
579,Partida,"Após o intervalo, o volante deu um drible desconcertante."
580,Imprensa,"O canal de esportes, diante de 40 mil torcedores, previu uma goleada no clássico."
581,Campeonato,O vice-líder venceu o clássico regional na reta final da temporada.
582,Partida,"No segundo tempo, o atacante perdeu a chance de empatar."
583,Imprensa,O setorista criticou o esquema tático na volta das férias.
584,Torcida,"Depois de três derrotas seguidas, a torcida jovem lotou a frente do centro de treinamento."
585,Treinamento,"No segundo tempo, o coordenador técnico testou três zagueiros."
586,Partida,O volante sofreu uma lesão muscular na estreia do campeonato.
587,Torcida,"A charanga, durante a pré-temporada, vaiou a escalação do técnico."
588,Imprensa,"A coluna do jornal, durante a pré-temporada, narrou a decisão por pênaltis."
589,Mercado da bola,"No estádio lotado, o clube europeu negociou a contratação do volante."
590,Campeonato,O time do interior empatou com o rival fora de casa.
591,Torcida,A torcida organizada vaiou o árbitro no meio da semana.
592,Categorias de base,"Após o intervalo, o jovem goleiro impressionou os olheiros europeus."
593,Campeonato,"Fora de casa, o azarão da competição empatou com o rival."
594,Treinamento,"O auxiliar técnico, na despedida do ídolo, liberou o atacante para o jogo."
595,Categorias de base,O treinador do sub-17 estreou no time profissional na rodada de domingo.
596,Arbitragem,O árbitro de vídeo ignorou o toque de mão pela primeira vez na temporada.
597,Campeonato,"O líder do campeonato, diante de 40 mil torcedores, conquistou a copa do estado."
598,Torcida,O torcedor mais antigo do clube cantou o nome do ídolo no domingo à tarde.
599,Mercado da bola,"O gerente de futebol, no jogo do centenário do clube, negociou a contratação do volante."
600,Campeonato,"No estádio lotado, o time visitante conquistou o acesso à Série A."
601,Arbitragem,"O árbitro, depois de três derrotas seguidas, ignorou o toque de mão."
602,Arbitragem,"Na despedida do ídolo, o árbitro principal aplicou o cartão vermelho."
603,Campeonato,"No último jogo do ano, o time do interior venceu por goleada."
604,Torcida,"Logo no primeiro minuto, a torcida mandante comemorou o gol da virada."
605,Treinamento,O técnico testou um novo esquema tático durante a pré-temporada.
606,Arbitragem,"O árbitro de vídeo, no gramado encharcado, ignorou o pedido de pênalti."
607,Treinamento,"O departamento médico, pela primeira vez na temporada, testou o jovem da base no time titular."
608,Imprensa,"Em plena data FIFA, o setorista entrevistou o presidente do clube."
609,Treinamento,O departamento médico ajustou a saída de bola em plena data FIFA.
610,Mercado da bola,"O clube rival, na partida transmitida para todo o país, sondou um zagueiro do futebol argentino."
611,Campeonato,"O time da casa, durante a pré-temporada, eliminou o favorito ao título."
612,Treinamento,O coordenador técnico fechou o treino à imprensa durante a pré-temporada.
613,Campeonato,"O líder do campeonato, na despedida do ídolo, garantiu a classificação para as quartas."
614,Imprensa,"Na rodada de domingo, a coluna do jornal criticou o esquema tático."
615,Mercado da bola,"Pela primeira vez na temporada, o clube árabe sondou o técnico da seleção."
616,Arbitragem,"No confronto pela copa, o assistente de vídeo aplicou o cartão vermelho."
617,Torcida,O sócio-torcedor aplaudiu o elenco após a derrota no gramado encharcado.
618,Torcida,"Na despedida do ídolo, a torcida organizada pediu a contratação de um centroavante."
619,Imprensa,"No segundo tempo, o setorista criticou o esquema tático."
620,Treinamento,"O preparador de goleiros, em noite de casa cheia, liberou o lateral após exames."
621,Torcida,"A torcida organizada, no domingo à tarde, comemorou o gol da virada."
622,Mercado da bola,"O empresário, nos acréscimos, apresentou o novo uniforme."
623,Partida,O atacante chutou cruzado para o gol durante a pré-temporada.
624,Arbitragem,"Na noite de sábado, o árbitro de vídeo aplicou a lei da vantagem."
625,Campeonato,"No jogo do returno, o atual campeão empatou sem gols."
626,Campeonato,"O clube recém-promovido, no clássico de quarta-feira, perdeu a final nos pênaltis."
627,Mercado da bola,O agente do jogador recusou uma proposta milionária aos 45 minutos do segundo tempo.
628,Categorias de base,O garoto da base revelou um novo talento fora de casa.
629,Treinamento,O preparador de goleiros planejou a sequência de jogos aos 45 minutos do segundo tempo.
630,Campeonato,O lanterna empatou o jogo de ida na final da copa.
631,Partida,"O zagueiro, no domingo à tarde, marcou de pênalti."
632,Imprensa,"No jogo de ida, a emissora de rádio criticou o esquema tático."
633,Torcida,"A torcida visitante, no confronto pela copa, cantou durante os noventa minutos."
634,Partida,O meia-armador perdeu o pênalti na quarta-feira à noite.
635,Arbitragem,A árbitra marcou o tiro de meta na noite de sábado.
636,Treinamento,O técnico ajustou a marcação por pressão em meio à crise.
637,Mercado da bola,"O clube rival, no último jogo do ano, pagou as luvas do reforço."
638,Categorias de base,"A escolinha de futebol, no segundo tempo, conquistou a Copinha."
639,Torcida,"A arquibancada, no domingo à tarde, pediu mais raça aos jogadores."
640,Partida,O jogador reserva marcou um golaço em meio à crise.
641,Categorias de base,"Fora de casa, o olheiro disputou a final do sub-17."
642,Categorias de base,O jovem goleiro conquistou a Copinha na final da copa.
643,Partida,"No estádio lotado, o ponta-direita deu um carrinho perfeito."
644,Partida,"O camisa 10, no estádio lotado, cabeceou após o escanteio."
645,Mercado da bola,"A diretoria, na noite de sábado, renovou o contrato do artilheiro."
646,Torcida,"O grupo de torcedores, fora de casa, pediu mais raça aos jogadores."
647,Campeonato,"Na reta final da temporada, o vice-líder eliminou o favorito ao título."
648,Campeonato,"O vice-líder, logo no primeiro minuto, foi rebaixado para a segunda divisão."
649,Imprensa,"O blogueiro esportivo, em plena data FIFA, revelou o novo patrocinador."
650,Imprensa,"Antes do intervalo, o narrador criticou a atuação do time."
651,Arbitragem,"Aos 45 minutos do segundo tempo, a árbitra ignorou as reclamações do banco."
652,Mercado da bola,O clube árabe negociou a liberação do meia no domingo à tarde.
653,Partida,"Na final da copa, o volante finalizou por cobertura."
654,Treinamento,"Sob forte chuva, o auxiliar técnico comandou o rachão."
655,Treinamento,"Em meio à crise, o técnico intensificou os treinos de finalização."
656,Mercado da bola,"Depois de três derrotas seguidas, a diretoria sondou um ponta do interior paulista."
657,Mercado da bola,"Na final da copa, o clube europeu apresentou o novo uniforme."
658,Campeonato,"No domingo à tarde, o atual campeão venceu o clássico regional."
659,Imprensa,"A emissora de rádio, no domingo à tarde, noticiou a venda do atacante."
660,Imprensa,O podcast de futebol criticou a escalação inicial no jogo do returno.
661,Torcida,A torcida organizada pediu a contratação de um centroavante na noite de sábado.
662,Mercado da bola,O clube europeu negociou a contratação do volante depois de três derrotas seguidas.
663,Partida,O capitão do time cabeceou para o fundo da rede no clássico de quarta-feira.
664,Partida,O meia-armador deu um drible desconcertante na partida transmitida para todo o país.
665,Partida,"Na quarta-feira à noite, o jogador reserva cruzou rasteiro para o meio."
666,Categorias de base,"A escolinha de futebol, no último jogo do ano, disputou a peneira regional."
667,Treinamento,"Antes do intervalo, o preparador físico liberou o lateral após exames."
668,Arbitragem,A equipe de arbitragem aplicou a lei da vantagem na despedida do ídolo.
669,Mercado da bola,"O clube rival, aos 45 minutos do segundo tempo, apresentou o reforço à torcida."
670,Torcida,A arquibancada comemorou a classificação diante de 40 mil torcedores.
671,Arbitragem,"Sob forte chuva, o assistente de vídeo anulou o gol por falta no goleiro."
672,Partida,O zagueiro deu um drible desconcertante na partida transmitida para todo o país.
673,Categorias de base,"No estádio do rival, a escolinha de futebol revelou um novo talento."
674,Imprensa,"No jogo do centenário do clube, o narrador revelou o novo patrocinador."
675,Imprensa,"O podcast de futebol, na abertura da rodada, criticou o esquema tático."
676,Campeonato,"O líder do campeonato, em pleno feriado, perdeu a final nos pênaltis."
677,Torcida,"Em plena data FIFA, o sócio-torcedor comemorou o título estadual."
678,Torcida,O torcedor vaiou a escalação do técnico na estreia do campeonato.
679,Arbitragem,O quarto árbitro expulsou o volante adversário após o intervalo.
680,Arbitragem,"Na rodada de domingo, o quarto árbitro deu a bola ao chão."
681,Mercado da bola,"Nos acréscimos, o clube rival anunciou a chegada do novo técnico."
682,Arbitragem,O bandeirinha ignorou o pedido de pênalti na partida transmitida para todo o país.
683,Arbitragem,"O árbitro de vídeo, na estreia do campeonato, revisou a jogada do gol."
684,Partida,"O jogador reserva, na abertura da rodada, finalizou com o pé esquerdo."
685,Treinamento,"O preparador físico, no domingo à tarde, liberou o atacante para o jogo."
686,Torcida,"O sócio-torcedor, no clássico de quarta-feira, aplaudiu a entrada do time em campo."
687,Categorias de base,O jovem goleiro revelou um goleiro de futuro na partida transmitida para todo o país.
688,Imprensa,O setorista elogiou a estreia do reforço na partida transmitida para todo o país.
689,Partida,"O atacante, na decisão do estadual, cruzou na cabeça do centroavante."
690,Campeonato,"Na quarta-feira à noite, o vice-líder assumiu a vice-liderança."
691,Imprensa,"No estádio do rival, a repórter de campo criticou a arbitragem."
692,Imprensa,A emissora de rádio entrevistou o autor do gol sob forte chuva.
693,Mercado da bola,O empresário renovou o contrato do goleiro durante a pré-temporada.
694,Treinamento,"Pela primeira vez na temporada, a comissão técnica intensificou os treinos de finalização."
695,Arbitragem,"No domingo à tarde, o árbitro de vídeo expulsou o técnico."
696,Campeonato,"Sob forte chuva, o atual campeão venceu o confronto direto."
697,Categorias de base,"Na noite de sábado, o menino da comunidade revelou um lateral promissor."
698,Categorias de base,"O time sub-15, antes do intervalo, disputou a semifinal do sub-20."
699,Campeonato,"O azarão da competição, na abertura da rodada, conquistou a copa do estado."
700,Mercado da bola,"A diretoria, no segundo tempo, apresentou o reforço à torcida."
701,Torcida,A torcida visitante lotou o aeroporto fora de casa.
702,Categorias de base,"O time sub-20, nos acréscimos, conquistou a Copinha."
703,Mercado da bola,"O clube europeu, na decisão do estadual, apresentou o reforço à torcida."
704,Partida,"Para delírio da torcida, o zagueiro finalizou na trave."
705,Torcida,"Em meio à crise, a torcida visitante fez uma festa bonita."
706,Arbitragem,"O assistente de vídeo, depois de três derrotas seguidas, revisou o toque de mão."
707,Mercado da bola,"No jogo do returno, a diretoria sondou um ponta do interior paulista."
708,Partida,O jogador reserva deu um carrinho perfeito no clássico de quarta-feira.
709,Torcida,O torcedor aplaudiu o elenco após a derrota diante de 40 mil torcedores.
710,Partida,O capitão do time sofreu uma falta dura no domingo à tarde.
711,Mercado da bola,"Aos 45 minutos do segundo tempo, o clube europeu pagou as luvas do reforço."
712,Imprensa,"Durante a pré-temporada, o podcast de futebol narrou a decisão por pênaltis."
713,Categorias de base,"Na abertura da rodada, o garoto da base assinou com um clube europeu."
714,Imprensa,"A emissora de rádio, no meio da semana, noticiou a lesão do artilheiro."
715,Categorias de base,O menino da comunidade disputou a final do sub-17 diante de 40 mil torcedores.
716,Partida,O atacante finalizou com o pé esquerdo na estreia do campeonato.
717,Campeonato,"O vice-líder, nos acréscimos, venceu por goleada."
718,Treinamento,O técnico testou um novo esquema tático antes do intervalo.
719,Partida,"O lateral-esquerdo, no domingo à tarde, chutou forte de fora da área."
720,Arbitragem,A assistente revisou a jogada do gol no segundo tempo.
721,Arbitragem,"Diante de 40 mil torcedores, a árbitra expulsou o técnico."
722,Torcida,O grupo de torcedores fez uma grande recepção ao elenco pela primeira vez na temporada.
723,Mercado da bola,"A diretoria, para delírio da torcida, anunciou um patrocínio master."
724,Torcida,"A torcida organizada, no segundo tempo, comemorou o título estadual."
725,Imprensa,"Durante a pré-temporada, o comentarista narrou a virada histórica."
726,Imprensa,A repórter de campo narrou o golaço da rodada durante a pré-temporada.
727,Torcida,A torcida jovem aplaudiu a entrada do time em campo sob forte chuva.
728,Partida,"Em meio à crise, o centroavante cruzou na cabeça do centroavante."
729,Partida,"Diante de 40 mil torcedores, o capitão do time cabeceou após o escanteio."
730,Arbitragem,"Na despedida do ídolo, o juiz da partida deu seis minutos de acréscimo."
731,Mercado da bola,"No meio da semana, o empresário apresentou o reforço à torcida."
732,Partida,O capitão do time chutou forte de fora da área durante a pré-temporada.
733,Campeonato,O azarão da competição garantiu a vaga na Libertadores antes do intervalo.
734,Campeonato,"O clube recém-promovido, em noite de casa cheia, assumiu a liderança da tabela."
735,Categorias de base,"O time sub-20, no último jogo do ano, foi promovido ao time sub-20."
736,Partida,O lateral-esquerdo sofreu uma lesão muscular em pleno feriado.
737,Treinamento,"O técnico, na abertura da rodada, intensificou as cobranças de pênalti."
738,Torcida,"Na volta das férias, a arquibancada fez um mosaico gigante."
739,Imprensa,O jornalista esportivo criticou a atuação do time em pleno feriado.
740,Arbitragem,A árbitra aplicou o cartão vermelho na decisão do estadual.
741,Imprensa,"A emissora de rádio, na volta das férias, entrevistou o capitão."
742,Partida,"O centroavante, na despedida do ídolo, finalizou na trave."
743,Arbitragem,O árbitro principal deu o apito final na despedida do ídolo.
744,Treinamento,O coordenador técnico fechou a escalação para o clássico fora de casa.
745,Mercado da bola,"O presidente do clube, no meio da semana, negociou a liberação do meia."
746,Partida,"Nos acréscimos, o centroavante cabeceou após o escanteio."
747,Mercado da bola,"O investidor da SAF, no estádio do rival, recusou a oferta do rival."
748,Mercado da bola,O agente do jogador negociou o empréstimo do lateral no jogo do returno.
749,Torcida,"A torcida jovem, na decisão do estadual, aplaudiu o goleiro."
750,Campeonato,"Nos acréscimos, o time visitante conquistou a copa do estado."
751,Arbitragem,"No meio da semana, o árbitro de vídeo deu a bola ao chão."
752,Imprensa,A coluna do jornal revelou a escalação do clássico no clássico de quarta-feira.
753,Campeonato,O atual campeão perdeu a liderança da tabela aos 45 minutos do segundo tempo.
754,Treinamento,O departamento médico comandou a atividade de finalização aos 45 minutos do segundo tempo.
755,Imprensa,"O narrador, na decisão do estadual, noticiou a demissão do treinador."
756,Arbitragem,"No segundo tempo, o árbitro principal expulsou o técnico."
757,Partida,O meia-armador cruzou na cabeça do centroavante no último jogo do ano.
758,Partida,"O lateral-esquerdo, no jogo do centenário do clube, perdeu um gol feito."
759,Categorias de base,O time sub-15 foi promovido ao time sub-20 na partida transmitida para todo o país.
760,Partida,"No domingo à tarde, o meia-armador sofreu uma lesão muscular."
761,Campeonato,"Aos 45 minutos do segundo tempo, o time da casa assumiu a vice-liderança."
762,Mercado da bola,"O diretor de futebol, no domingo à tarde, apresentou o novo camisa 9."
763,Categorias de base,O time sub-15 estreou com gol no gramado encharcado.
764,Arbitragem,O assistente de vídeo aplicou o cartão vermelho na decisão do estadual.
765,Torcida,"A arquibancada, em plena data FIFA, pediu a contratação de um centroavante."
766,Categorias de base,"Na volta das férias, o coordenador da base impressionou a comissão técnica."
767,Imprensa,"Em meio à crise, o podcast de futebol criticou o esquema tático."
768,Torcida,"A charanga, no jogo do centenário do clube, comemorou a classificação."
769,Torcida,"Na abertura da rodada, o torcedor fez um protesto pacífico."
770,Arbitragem,O juiz da partida revisou o lance no monitor no confronto pela copa.
771,Treinamento,"Aos 45 minutos do segundo tempo, o fisiologista intensificou o trabalho físico."
772,Mercado da bola,"Na quarta-feira à noite, o presidente do clube apresentou o novo uniforme."
773,Mercado da bola,O gerente de futebol negociou a contratação do volante na despedida do ídolo.
774,Arbitragem,"A equipe de arbitragem, na decisão do estadual, anulou o gol por falta no goleiro."
775,Arbitragem,"O juiz da partida, no domingo à tarde, aplicou o cartão vermelho."
776,Categorias de base,"Na noite de sábado, o time sub-20 disputou a peneira regional."
777,Imprensa,"No último jogo do ano, o canal de esportes previu o rebaixamento do clube."
778,Campeonato,"Na Arena da Baixada, o favorito ao título conquistou o título nacional."
779,Mercado da bola,"Em meio à crise, o diretor de futebol pagou a multa rescisória."
780,Treinamento,"Na final da copa, o preparador de goleiros comandou o coletivo com os titulares."
781,Arbitragem,"Antes do intervalo, o assistente de vídeo expulsou o volante adversário."
782,Torcida,A torcida visitante aplaudiu a entrada do time em campo sob forte chuva.
783,Torcida,A torcida mandante cantou o nome do ídolo antes do intervalo.
784,Campeonato,"O time da casa, em plena data FIFA, perdeu a final nos pênaltis."
785,Treinamento,O departamento médico liberou o lateral após exames para delírio da torcida.
786,Torcida,"Na quarta-feira à noite, a charanga cantou durante os noventa minutos."
787,Campeonato,"O time do interior, no meio da semana, garantiu a classificação para as quartas."
788,Imprensa,"No gramado encharcado, o blogueiro esportivo noticiou a lesão do artilheiro."
789,Arbitragem,"O árbitro principal, depois de três derrotas seguidas, ignorou o pedido de pênalti."
790,Categorias de base,A promessa do clube disputou a peneira regional na Arena da Baixada.
791,Campeonato,O líder do campeonato perdeu a final nos pênaltis na decisão do estadual.
792,Arbitragem,"O árbitro de vídeo, no jogo do centenário do clube, marcou o pênalti."
793,Treinamento,O preparador de goleiros liberou o elenco para o fim de semana aos 45 minutos do segundo tempo.
794,Campeonato,O clube recém-promovido venceu o confronto direto no estádio do rival.
795,Campeonato,O time da casa venceu a partida decisiva no estádio do rival.
796,Imprensa,O narrador entrevistou o técnico na volta das férias.
797,Treinamento,O preparador físico comandou o treino tático na Arena da Baixada.
798,Torcida,"O grupo de torcedores, logo no primeiro minuto, comemorou o gol da virada."
799,Torcida,"Antes do intervalo, a torcida organizada comemorou a classificação."
800,Treinamento,"Em noite de casa cheia, o analista de desempenho liberou o elenco para o fim de semana."
801,Categorias de base,"No jogo de ida, o jovem goleiro estreou com gol."
802,Mercado da bola,"O gerente de futebol, na Arena da Baixada, recusou a troca de jogadores."
803,Imprensa,"Após o intervalo, o canal de esportes narrou a virada histórica."
804,Categorias de base,A escolinha de futebol impressionou os olheiros europeus na rodada de domingo.
805,Partida,"O centroavante, no estádio do rival, perdeu um gol feito."
806,Treinamento,O fisiologista liberou o lateral após exames nos acréscimos.
807,Arbitragem,"Na decisão do estadual, o árbitro marcou o tiro de meta."
808,Arbitragem,A equipe de arbitragem marcou o pênalti no jogo do returno.
809,Campeonato,"No gramado encharcado, o clube recém-promovido garantiu a vaga na Libertadores."
810,Partida,"O centroavante, na reta final da temporada, finalizou por cobertura."
811,Arbitragem,O juiz da partida marcou o tiro de meta diante de 40 mil torcedores.
812,Arbitragem,O árbitro marcou o impedimento no estádio lotado.
813,Campeonato,"O vice-líder, na volta das férias, venceu o confronto direto."
814,Campeonato,"O time do interior, na final da copa, conquistou o título nacional."
815,Treinamento,"O analista de desempenho, no segundo tempo, intensificou as cobranças de pênalti."
816,Torcida,"Após o intervalo, a arquibancada fez um protesto pacífico."
817,Partida,"No meio da semana, o jogador reserva sofreu um pênalti."
818,Mercado da bola,O clube rival recusou a oferta do rival em noite de casa cheia.
819,Imprensa,O jornalista esportivo revelou o novo patrocinador na reta final da temporada.
820,Arbitragem,"O árbitro, em noite de casa cheia, anulou o gol por impedimento."
821,Torcida,"No jogo do centenário do clube, o torcedor mais antigo do clube vaiou o árbitro."
822,Arbitragem,"A equipe de arbitragem, em pleno feriado, anulou o gol por falta no goleiro."
823,Partida,O jogador reserva deu uma assistência precisa depois de três derrotas seguidas.
824,Mercado da bola,O gerente de futebol negociou a contratação do volante nos acréscimos.
825,Categorias de base,O menino da comunidade revelou um lateral promissor em meio à crise.
826,Partida,"O centroavante, no clássico de quarta-feira, marcou um golaço."
827,Arbitragem,"O árbitro, na noite de sábado, anulou o gol por impedimento."
828,Arbitragem,"No estádio lotado, o quarto árbitro revisou o toque de mão."
829,Mercado da bola,"Em pleno feriado, o clube árabe anunciou um patrocínio master."
830,Treinamento,O departamento médico ajustou o posicionamento da defesa no jogo do returno.
831,Imprensa,O setorista narrou a decisão por pênaltis antes do intervalo.
832,Treinamento,O auxiliar técnico intensificou o trabalho físico no meio da semana.
833,Treinamento,"O auxiliar técnico, durante a pré-temporada, liberou o elenco para o fim de semana."
834,Partida,"Na reta final da temporada, o camisa 10 marcou o gol de empate."
835,Mercado da bola,"O clube rival, no segundo tempo, sondou um ponta do interior paulista."
836,Categorias de base,"O olheiro, diante de 40 mil torcedores, estreou na seleção de base."
837,Arbitragem,A equipe de arbitragem marcou a falta na entrada da área no estádio lotado.
838,Imprensa,A coluna do jornal criticou a atuação do time na decisão do estadual.
839,Treinamento,"O preparador de goleiros, no segundo tempo, liberou o atacante para o jogo."
840,Arbitragem,A equipe de arbitragem deu seis minutos de acréscimo em noite de casa cheia.
841,Partida,"No meio da semana, o ponta-direita marcou o gol de empate."
842,Imprensa,A coluna do jornal narrou a decisão por pênaltis na Arena da Baixada.
843,Categorias de base,"Na partida transmitida para todo o país, o menino da comunidade disputou a final do sub-17."
844,Mercado da bola,O diretor de futebol apresentou o novo camisa 9 no jogo do returno.
845,Imprensa,A coluna do jornal noticiou a venda do atacante em plena data FIFA.
846,Campeonato,O vice-líder conquistou o título nacional no estádio lotado.
847,Imprensa,O setorista narrou o golaço da rodada na despedida do ídolo.
848,Campeonato,"Antes do intervalo, o vice-líder venceu o confronto direto."
849,Imprensa,O podcast de futebol narrou a decisão por pênaltis para delírio da torcida.
850,Categorias de base,"A promessa do clube, na despedida do ídolo, revelou um goleiro de futuro."
851,Mercado da bola,O clube rival pagou a primeira parcela da transferência no jogo do returno.
852,Mercado da bola,O clube europeu apresentou o novo uniforme na abertura da rodada.
853,Torcida,"O grupo de torcedores, em plena data FIFA, vaiou a escalação do técnico."
854,Treinamento,"Nos acréscimos, o fisiologista comandou a atividade de finalização."
855,Arbitragem,O árbitro de vídeo anulou o gol por impedimento fora de casa.
856,Imprensa,"Na rodada de domingo, a emissora de rádio entrevistou o presidente do clube."
857,Arbitragem,"Na partida transmitida para todo o país, a equipe de arbitragem marcou um escanteio duvidoso."
858,Partida,"O lateral-esquerdo, diante de 40 mil torcedores, finalizou rente à trave."
859,Treinamento,"Pela primeira vez na temporada, o auxiliar técnico liberou o lateral após exames."
860,Categorias de base,O time sub-20 disputou a semifinal do sub-20 em plena data FIFA.
861,Torcida,A torcida visitante cantou o nome do ídolo na partida transmitida para todo o país.
862,Partida,"Na quarta-feira à noite, o atacante perdeu um gol feito."
863,Arbitragem,"O árbitro, em meio à crise, marcou um escanteio duvidoso."
864,Mercado da bola,O investidor da SAF apresentou o novo uniforme no confronto pela copa.
865,Categorias de base,"Na partida transmitida para todo o país, o garoto da base impressionou os olheiros europeus."
866,Torcida,A torcida jovem fez uma grande recepção ao elenco após o intervalo.
867,Partida,"Pela primeira vez na temporada, o centroavante sofreu um pênalti."
868,Arbitragem,"A equipe de arbitragem, no jogo do returno, expulsou o zagueiro."
869,Mercado da bola,"O clube árabe, na abertura da rodada, apresentou o novo camisa 9."
870,Imprensa,"A emissora de rádio, na decisão do estadual, narrou o golaço da rodada."
871,Imprensa,A repórter de campo previu o título do líder fora de casa.
872,Treinamento,A comissão técnica comandou o rachão em pleno feriado.
873,Campeonato,"No meio da semana, o clube recém-promovido empatou sem gols."
874,Categorias de base,O time sub-15 foi promovido ao elenco principal aos 45 minutos do segundo tempo.
875,Campeonato,"Nos acréscimos, o time da casa venceu o clássico regional."
876,Treinamento,"O coordenador técnico, no estádio do rival, intensificou as cobranças de pênalti."
877,Campeonato,"O favorito ao título, em pleno feriado, venceu a partida decisiva."
878,Mercado da bola,"No domingo à tarde, o empresário pagou a multa rescisória."
879,Arbitragem,A equipe de arbitragem ignorou o toque de mão aos 45 minutos do segundo tempo.
880,Partida,O atacante deu uma assistência precisa na Arena da Baixada.
881,Partida,"O zagueiro, no segundo tempo, marcou de pênalti."
882,Categorias de base,A promessa do clube conquistou o título estadual juvenil pela primeira vez na temporada.
883,Torcida,"A charanga, fora de casa, cantou durante os noventa minutos."
884,Imprensa,O setorista entrevistou o capitão na quarta-feira à noite.
885,Partida,O centroavante cabeceou no canto do goleiro no confronto pela copa.
886,Imprensa,"Na noite de sábado, o canal de esportes revelou a escalação do clássico."
887,Campeonato,"O favorito ao título, no confronto pela copa, venceu por goleada."
888,Arbitragem,"O árbitro, na partida transmitida para todo o país, anulou o gol por falta no goleiro."
889,Arbitragem,"No gramado encharcado, o juiz da partida deu o apito final."
890,Partida,"O camisa 10, na partida transmitida para todo o país, cabeceou por cima do travessão."
891,Categorias de base,"O time sub-15, na reta final da temporada, impressionou os olheiros europeus."
892,Torcida,O grupo de torcedores vaiou o time na saída de campo na rodada de domingo.
893,Campeonato,O líder do campeonato conquistou o acesso à Série A depois de três derrotas seguidas.
894,Treinamento,O departamento médico ajustou a marcação por pressão na decisão do estadual.
895,Mercado da bola,O clube europeu pagou a primeira parcela da transferência no segundo tempo.
896,Arbitragem,"No segundo tempo, o bandeirinha marcou a falta na entrada da área."
897,Imprensa,"O jornalista esportivo, na volta das férias, previu o rebaixamento do clube."
898,Imprensa,O setorista elogiou a postura do time na decisão do estadual.
899,Arbitragem,"A assistente, logo no primeiro minuto, ignorou o pedido de pênalti."
900,Partida,O meia-armador chutou a bola para fora em plena data FIFA.
901,Mercado da bola,"O investidor da SAF, no estádio lotado, recusou a troca de jogadores."
902,Imprensa,"Na decisão do estadual, o blogueiro esportivo previu uma goleada no clássico."
903,Torcida,"O sócio-torcedor, no domingo à tarde, aplaudiu o goleiro."
904,Mercado da bola,A diretoria sondou um ponta do interior paulista em meio à crise.
905,Categorias de base,"Em pleno feriado, o menino da comunidade estreou na seleção de base."
906,Partida,"O atacante, após o intervalo, perdeu a chance de empatar."
907,Partida,O ponta-direita marcou dois gols em noite de casa cheia.
908,Torcida,"A torcida organizada, depois de três derrotas seguidas, fez uma festa bonita."
909,Arbitragem,"A equipe de arbitragem, na partida transmitida para todo o país, marcou o impedimento."
910,Torcida,"Pela primeira vez na temporada, a charanga cantou o hino do clube."
911,Treinamento,O departamento médico fechou o treino à imprensa para delírio da torcida.
912,Torcida,"No jogo do centenário do clube, o grupo de torcedores lotou o estádio."
913,Imprensa,A repórter de campo elogiou o desempenho do goleiro aos 45 minutos do segundo tempo.
914,Imprensa,A coluna do jornal criticou a escalação inicial na final da copa.
915,Torcida,"Na rodada de domingo, a torcida visitante lotou o aeroporto."
916,Categorias de base,"No clássico de quarta-feira, o treinador do sub-17 conquistou o torneio internacional de base."
917,Arbitragem,"No confronto pela copa, o assistente de vídeo marcou um escanteio duvidoso."
918,Partida,"Sob forte chuva, o meia-armador perdeu a chance de empatar."
919,Mercado da bola,"No confronto pela copa, o gerente de futebol pagou a primeira parcela da transferência."
920,Treinamento,"A comissão técnica, logo no primeiro minuto, testou o jovem da base no time titular."
921,Categorias de base,"O treinador do sub-17, aos 45 minutos do segundo tempo, revelou um goleiro de futuro."
922,Mercado da bola,"O agente do jogador, após o intervalo, anunciou um patrocínio master."
923,Imprensa,"Na quarta-feira à noite, a coluna do jornal previu uma goleada no clássico."
924,Imprensa,"No jogo do centenário do clube, o narrador previu o título do líder."
925,Mercado da bola,"No gramado encharcado, o investidor da SAF sondou um zagueiro do futebol argentino."
926,Partida,"No estádio lotado, o jogador reserva finalizou rente à trave."
927,Partida,O capitão do time chutou a bola para fora na rodada de domingo.
928,Partida,O camisa 10 sofreu um pênalti em noite de casa cheia.
929,Arbitragem,"O árbitro, na abertura da rodada, expulsou o zagueiro."
930,Treinamento,"A comissão técnica, no gramado encharcado, planejou a recuperação dos atletas."
931,Partida,"O volante, no jogo de ida, finalizou por cobertura."
932,Torcida,O sócio-torcedor cantou sem parar no estádio do rival.
933,Mercado da bola,O investidor da SAF negociou o empréstimo do lateral aos 45 minutos do segundo tempo.
934,Categorias de base,"No confronto pela copa, a escolinha de futebol estreou na seleção de base."
935,Mercado da bola,"Na volta das férias, o clube europeu recusou a oferta do rival."
936,Torcida,O torcedor mais antigo do clube cantou o hino do clube depois de três derrotas seguidas.
937,Treinamento,"O coordenador técnico, depois de três derrotas seguidas, testou o meia na lateral."
938,Imprensa,"No jogo de ida, o canal de esportes previu uma goleada no clássico."
939,Imprensa,O podcast de futebol criticou a arbitragem para delírio da torcida.
940,Arbitragem,O árbitro principal marcou o tiro de meta na final da copa.
941,Arbitragem,"O árbitro principal, na final da copa, aplicou o cartão vermelho."
942,Arbitragem,"O árbitro principal, no domingo à tarde, deu seis minutos de acréscimo."
943,Arbitragem,"O assistente de vídeo, pela primeira vez na temporada, ignorou o toque de mão."
944,Imprensa,A repórter de campo elogiou a estreia do reforço no jogo de ida.
945,Mercado da bola,O empresário anunciou um patrocínio master no segundo tempo.
946,Torcida,"No jogo do centenário do clube, a arquibancada cantou o hino do clube."
947,Mercado da bola,"Na abertura da rodada, o diretor de futebol negociou a liberação do meia."
948,Arbitragem,"O juiz da partida, depois de três derrotas seguidas, deu a bola ao chão."
949,Campeonato,"O clube recém-promovido, na abertura da rodada, conquistou o acesso à Série A."
950,Torcida,A torcida jovem comemorou o acesso à primeira divisão na estreia do campeonato.
951,Partida,O zagueiro marcou dois gols no clássico de quarta-feira.
952,Imprensa,"A emissora de rádio, na quarta-feira à noite, noticiou a lesão do artilheiro."
953,Mercado da bola,O diretor de futebol anunciou um patrocínio master na reta final da temporada.
954,Partida,O jogador reserva finalizou rente à trave na rodada de domingo.
955,Partida,"O camisa 10, em plena data FIFA, marcou o gol de empate."
956,Mercado da bola,"O empresário, na rodada de domingo, renovou o contrato do artilheiro."
957,Campeonato,O time da casa conquistou o título nacional nos acréscimos.
958,Arbitragem,"No domingo à tarde, a assistente expulsou o técnico."
959,Torcida,"No meio da semana, a arquibancada lotou o estádio."
960,Campeonato,"Em meio à crise, o clube recém-promovido garantiu a classificação para as quartas."
961,Categorias de base,"O coordenador da base, antes do intervalo, revelou um lateral promissor."
962,Treinamento,"Antes do intervalo, o coordenador técnico comandou o coletivo com os titulares."
963,Torcida,"A torcida mandante, diante de 40 mil torcedores, vaiou o jogador adversário."
964,Arbitragem,A assistente revisou o toque de mão no segundo tempo.
965,Arbitragem,"O árbitro, em pleno feriado, deu seis minutos de acréscimo."
966,Mercado da bola,"Sob forte chuva, o clube europeu renovou o contrato do artilheiro."
967,Campeonato,"No segundo tempo, o vice-líder venceu por goleada."
968,Categorias de base,"Em meio à crise, a escolinha de futebol disputou a final do sub-17."
969,Treinamento,O auxiliar técnico liberou o lateral após exames no jogo do returno.
970,Arbitragem,"Antes do intervalo, a árbitra revisou o toque de mão."
971,Torcida,"Na partida transmitida para todo o país, a charanga lotou o estádio."
972,Imprensa,"O narrador, em noite de casa cheia, criticou a escalação inicial."
973,Partida,"Na estreia do campeonato, o volante perdeu um gol feito."
974,Campeonato,"O atual campeão, na noite de sábado, perdeu a invencibilidade."
975,Treinamento,"O preparador de goleiros, no meio da semana, fechou o treino à imprensa."
976,Campeonato,O time do interior perdeu a invencibilidade sob forte chuva.
977,Partida,"Aos 45 minutos do segundo tempo, o lateral-esquerdo marcou um golaço."
978,Categorias de base,O time sub-20 estreou com gol na abertura da rodada.
979,Categorias de base,"Na estreia do campeonato, o time sub-20 conquistou a Copinha."
980,Imprensa,"Aos 45 minutos do segundo tempo, a emissora de rádio previu o rebaixamento do clube."
981,Imprensa,O canal de esportes revelou o novo patrocinador no último jogo do ano.
982,Mercado da bola,"Em noite de casa cheia, o clube europeu negociou a contratação do volante."
983,Imprensa,A coluna do jornal entrevistou o capitão no confronto pela copa.
984,Mercado da bola,"A diretoria, em pleno feriado, anunciou um patrocínio master."
985,Categorias de base,"Aos 45 minutos do segundo tempo, o menino da comunidade conquistou o título estadual juvenil."
986,Campeonato,"O favorito ao título, na estreia do campeonato, conquistou o acesso à Série A."
987,Arbitragem,"A árbitra, fora de casa, marcou um escanteio duvidoso."
988,Mercado da bola,"Antes do intervalo, o empresário pagou a multa rescisória."
989,Imprensa,"Em plena data FIFA, o jornalista esportivo criticou o esquema tático."
990,Partida,O ponta-direita cabeceou por cima do travessão nos acréscimos.
991,Campeonato,"O favorito ao título, na final da copa, empatou o jogo de ida."
992,Mercado da bola,"O clube europeu, fora de casa, anunciou a chegada do novo técnico."
993,Mercado da bola,"Pela primeira vez na temporada, o agente do jogador renovou o vínculo do capitão."
994,Imprensa,"O comentarista, durante a pré-temporada, elogiou a postura do time."
995,Arbitragem,"O juiz da partida, nos acréscimos, revisou o toque de mão."
996,Mercado da bola,"Na abertura da rodada, o diretor de futebol anunciou o reforço para a temporada."
997,Arbitragem,"O assistente de vídeo, no meio da semana, ignorou o toque de mão."
998,Imprensa,"O canal de esportes, aos 45 minutos do segundo tempo, revelou a escalação do clássico."
999,Arbitragem,"O árbitro principal, após o intervalo, marcou o pênalti."
1000,Arbitragem,O árbitro de vídeo ignorou o toque de mão durante a pré-temporada.
1001,Torcida,A torcida visitante pediu a saída do técnico em pleno feriado.
1002,Partida,"No meio da semana, o meia-armador chutou forte de fora da área."
1003,Mercado da bola,O gerente de futebol negociou a liberação do meia no jogo do centenário do clube.
1004,Campeonato,"No último jogo do ano, o time do interior perdeu a liderança da tabela."
1005,Campeonato,O lanterna garantiu a classificação para as quartas sob forte chuva.
1006,Torcida,"Na partida transmitida para todo o país, a torcida visitante vaiou a escalação do técnico."
1007,Categorias de base,"Em pleno feriado, a promessa do clube disputou a semifinal do sub-20."
1008,Torcida,"No gramado encharcado, a arquibancada vaiou a escalação do técnico."
1009,Campeonato,"O azarão da competição, após o intervalo, empatou sem gols."
1010,Mercado da bola,"Depois de três derrotas seguidas, o agente do jogador sondou o técnico da seleção."
1011,Mercado da bola,"Diante de 40 mil torcedores, o agente do jogador anunciou o reforço para a temporada."
1012,Campeonato,"O time do interior, em noite de casa cheia, foi rebaixado para a segunda divisão."
1013,Treinamento,O preparador físico comandou o rachão fora de casa.
1014,Imprensa,"O setorista, na reta final da temporada, elogiou o trabalho do técnico."
1015,Partida,O capitão do time cabeceou após o escanteio na estreia do campeonato.
1016,Imprensa,A repórter de campo noticiou a venda do atacante no jogo de ida.
1017,Torcida,O grupo de torcedores fez um mosaico gigante no último jogo do ano.
1018,Partida,O camisa 10 sofreu uma lesão muscular no estádio lotado.
1019,Treinamento,O departamento médico fechou a escalação para o clássico no clássico de quarta-feira.
1020,Torcida,"Antes do intervalo, o torcedor mais antigo do clube pediu mais raça aos jogadores."
1021,Torcida,O grupo de torcedores vaiou a escalação do técnico logo no primeiro minuto.
1022,Treinamento,"O fisiologista, diante de 40 mil torcedores, planejou a pré-temporada."
1023,Mercado da bola,"No jogo do centenário do clube, o clube europeu negociou a venda do jovem atacante."
1024,Campeonato,"O favorito ao título, em noite de casa cheia, garantiu a permanência na primeira divisão."
1025,Mercado da bola,"Fora de casa, o agente do jogador apresentou o reforço à torcida."
1026,Partida,"O centroavante, fora de casa, cruzou na cabeça do centroavante."
1027,Mercado da bola,O clube europeu recusou a troca de jogadores no jogo de ida.
1028,Torcida,"No meio da semana, o grupo de torcedores aplaudiu o goleiro."
1029,Campeonato,O líder do campeonato eliminou o atual campeão para delírio da torcida.
1030,Campeonato,"O time do interior, em plena data FIFA, venceu por goleada."
1031,Arbitragem,"O árbitro, fora de casa, expulsou o zagueiro."
1032,Categorias de base,O time sub-15 disputou a final do sub-17 na abertura da rodada.
1033,Campeonato,"O azarão da competição, na partida transmitida para todo o país, perdeu a final nos pênaltis."
1034,Categorias de base,"Na quarta-feira à noite, o olheiro estreou no time profissional."
1035,Mercado da bola,O diretor de futebol anunciou a chegada do novo técnico no último jogo do ano.
1036,Partida,"Na decisão do estadual, o jogador reserva chutou forte de fora da área."
1037,Mercado da bola,O investidor da SAF apresentou o novo uniforme no segundo tempo.
1038,Imprensa,"A coluna do jornal, nos acréscimos, narrou o golaço da rodada."
1039,Campeonato,"O vice-líder, pela primeira vez na temporada, venceu o clássico regional."
1040,Campeonato,O favorito ao título assumiu a vice-liderança na abertura da rodada.
1041,Arbitragem,"O juiz da partida, na decisão do estadual, revisou a jogada do gol."
1042,Arbitragem,"A assistente, durante a pré-temporada, anulou o pênalti após revisão."
1043,Imprensa,"O canal de esportes, na partida transmitida para todo o país, criticou o esquema tático."
1044,Treinamento,"O auxiliar técnico, no último jogo do ano, comandou o treino tático."
1045,Mercado da bola,A diretoria renovou o contrato do goleiro no estádio do rival.
1046,Imprensa,A repórter de campo revelou o novo patrocinador aos 45 minutos do segundo tempo.
1047,Categorias de base,O time sub-20 foi promovido ao elenco principal fora de casa.
1048,Torcida,"No confronto pela copa, o sócio-torcedor aplaudiu a entrada do time em campo."
1049,Torcida,A torcida organizada aplaudiu o elenco após a derrota logo no primeiro minuto.
1050,Imprensa,"A repórter de campo, na final da copa, elogiou a estreia do reforço."
1051,Mercado da bola,O investidor da SAF negociou a liberação do meia na estreia do campeonato.
1052,Categorias de base,"Na Arena da Baixada, o treinador do sub-17 conquistou a Copinha."
1053,Torcida,"Para delírio da torcida, a torcida organizada aplaudiu a entrada do time em campo."
1054,Categorias de base,"O time sub-20, na quarta-feira à noite, revelou um novo talento."
1055,Partida,"Na final da copa, o jogador reserva deu um drible desconcertante."
1056,Partida,"O centroavante, na abertura da rodada, sofreu uma falta dura."
1057,Campeonato,"O lanterna, em pleno feriado, garantiu a vaga na Libertadores."
1058,Campeonato,"O atual campeão, no último jogo do ano, perdeu a final nos pênaltis."
1059,Campeonato,O lanterna assumiu a vice-liderança na despedida do ídolo.
1060,Imprensa,"Nos acréscimos, o canal de esportes previu o rebaixamento do clube."
1061,Mercado da bola,"O clube árabe, durante a pré-temporada, anunciou a chegada do novo técnico."
1062,Partida,O lateral-esquerdo cabeceou para o fundo da rede na reta final da temporada.
1063,Campeonato,"No jogo do returno, o lanterna eliminou o favorito ao título."
1064,Imprensa,O podcast de futebol noticiou a venda do atacante fora de casa.
1065,Partida,"Depois de três derrotas seguidas, o zagueiro chutou cruzado para o gol."
1066,Arbitragem,"Para delírio da torcida, o bandeirinha aplicou o cartão vermelho."
1067,Campeonato,"O líder do campeonato, no estádio do rival, assumiu a vice-liderança."
1068,Arbitragem,"No segundo tempo, a árbitra marcou o tiro de meta."
1069,Campeonato,"Em plena data FIFA, o atual campeão conquistou o acesso à Série A."
1070,Torcida,A torcida visitante fez um mosaico gigante aos 45 minutos do segundo tempo.
1071,Partida,"O jogador reserva, na rodada de domingo, marcou dois gols."
1072,Arbitragem,"O árbitro, no gramado encharcado, marcou o tiro de meta."
1073,Mercado da bola,"No último jogo do ano, o clube rival negociou a contratação do volante."
1074,Imprensa,"Em pleno feriado, o blogueiro esportivo entrevistou o técnico."
1075,Arbitragem,"O árbitro de vídeo, sob forte chuva, revisou o toque de mão."
1076,Partida,"Na volta das férias, o centroavante perdeu o pênalti."
1077,Treinamento,"Na quarta-feira à noite, o departamento médico ajustou a marcação por pressão."
1078,Torcida,"Na decisão do estadual, o torcedor fez um protesto pacífico."
1079,Torcida,"Em plena data FIFA, o sócio-torcedor vaiou o árbitro."
1080,Imprensa,"O blogueiro esportivo, em noite de casa cheia, entrevistou o técnico."
1081,Partida,"O volante, nos acréscimos, cruzou rasteiro para o meio."
1082,Categorias de base,"Na estreia do campeonato, o coordenador da base estreou na seleção de base."
1083,Torcida,"Na final da copa, o sócio-torcedor vaiou o time na saída de campo."
1084,Imprensa,"Fora de casa, a coluna do jornal previu o rebaixamento do clube."
1085,Torcida,"Nos acréscimos, a torcida organizada comemorou o título estadual."
1086,Treinamento,"A comissão técnica, no clássico de quarta-feira, comandou a atividade de finalização."
1087,Imprensa,A emissora de rádio elogiou a estreia do reforço na despedida do ídolo.
1088,Imprensa,O jornalista esportivo previu o rebaixamento do clube no meio da semana.
1089,Mercado da bola,"O diretor de futebol, na partida transmitida para todo o país, anunciou a saída do capitão."
1090,Mercado da bola,"O clube rival, no segundo tempo, pagou a multa rescisória."
1091,Partida,"Na estreia do campeonato, o camisa 10 sofreu uma lesão muscular."
1092,Arbitragem,A árbitra anulou o pênalti após revisão na despedida do ídolo.
1093,Torcida,"Na decisão do estadual, a charanga cantou sem parar."
1094,Mercado da bola,"O clube europeu, sob forte chuva, pagou a primeira parcela da transferência."
1095,Arbitragem,"A assistente, na final da copa, aplicou o cartão amarelo."
1096,Mercado da bola,"Na decisão do estadual, o clube rival anunciou um patrocínio master."
1097,Partida,O ponta-direita cabeceou após o escanteio na quarta-feira à noite.
1098,Treinamento,O coordenador técnico comandou o treino tático no clássico de quarta-feira.
1099,Imprensa,"No último jogo do ano, a coluna do jornal previu o título do líder."
1100,Categorias de base,"No jogo de ida, o jovem goleiro assinou o primeiro contrato profissional."
1101,Treinamento,"O preparador de goleiros, no jogo do returno, testou o jovem da base no time titular."
1102,Torcida,"Na decisão do estadual, a torcida organizada comemorou o acesso à primeira divisão."
1103,Arbitragem,"O juiz da partida, após o intervalo, expulsou o volante adversário."
1104,Partida,"No jogo de ida, o jogador reserva sofreu uma falta dura."
1105,Categorias de base,"O olheiro, no meio da semana, disputou a final do sub-17."
1106,Mercado da bola,"O clube europeu, na noite de sábado, negociou o empréstimo do lateral."
1107,Partida,O zagueiro perdeu o pênalti no confronto pela copa.
1108,Treinamento,"O coordenador técnico, em plena data FIFA, testou o meia na lateral."
1109,Partida,O atacante marcou dois gols no meio da semana.
1110,Partida,"Na rodada de domingo, o volante sofreu uma lesão muscular."
1111,Partida,O ponta-direita marcou o gol da vitória na despedida do ídolo.
1112,Arbitragem,"Nos acréscimos, o árbitro de vídeo anulou o pênalti após revisão."
1113,Imprensa,O narrador noticiou a lesão do artilheiro no jogo de ida.
1114,Campeonato,"Em meio à crise, o vice-líder perdeu a invencibilidade."
1115,Categorias de base,"O treinador do sub-17, fora de casa, conquistou a Copinha."
1116,Categorias de base,O garoto da base disputou a semifinal do sub-20 em noite de casa cheia.
1117,Campeonato,"Aos 45 minutos do segundo tempo, o atual campeão empatou sem gols."
1118,Campeonato,"O atual campeão, em plena data FIFA, garantiu a permanência na primeira divisão."
1119,Torcida,"No segundo tempo, a arquibancada vaiou o time na saída de campo."
1120,Arbitragem,"A equipe de arbitragem, no clássico de quarta-feira, marcou o pênalti."
1121,Categorias de base,"A promessa do clube, no jogo de ida, conquistou a Copinha."
1122,Partida,"O camisa 10, na estreia do campeonato, sofreu um pênalti."
1123,Torcida,"Em noite de casa cheia, o torcedor aplaudiu o goleiro."
1124,Mercado da bola,"Em meio à crise, o presidente do clube recusou a troca de jogadores."
1125,Torcida,"O sócio-torcedor, na quarta-feira à noite, fez um mosaico gigante."
1126,Campeonato,O time do interior eliminou o favorito ao título em plena data FIFA.
1127,Campeonato,"Em plena data FIFA, o atual campeão garantiu a vaga na Libertadores."
1128,Partida,O ponta-direita finalizou com o pé esquerdo na abertura da rodada.
1129,Treinamento,"A comissão técnica, no estádio do rival, intensificou os treinos de finalização."
1130,Imprensa,"No clássico de quarta-feira, o podcast de futebol elogiou o desempenho do goleiro."
1131,Treinamento,"O fisiologista, nos acréscimos, intensificou os treinos de finalização."
1132,Torcida,"No jogo do returno, a torcida mandante aplaudiu o goleiro."
1133,Campeonato,"No domingo à tarde, o clube recém-promovido empatou sem gols."
1134,Campeonato,"O vice-líder, na quarta-feira à noite, venceu a partida decisiva."
1135,Torcida,A torcida visitante lotou o estádio em noite de casa cheia.
1136,Torcida,"O torcedor mais antigo do clube, na abertura da rodada, pediu mais raça aos jogadores."
1137,Torcida,"A charanga, em pleno feriado, aplaudiu a entrada do time em campo."
1138,Imprensa,"O podcast de futebol, no último jogo do ano, criticou a escalação inicial."
1139,Mercado da bola,O diretor de futebol apresentou o novo camisa 9 em meio à crise.
1140,Torcida,O grupo de torcedores aplaudiu a entrada do time em campo na Arena da Baixada.
1141,Treinamento,"O técnico, depois de três derrotas seguidas, comandou o rachão."
1142,Torcida,O torcedor lotou o estádio pela primeira vez na temporada.
1143,Mercado da bola,A diretoria pagou a primeira parcela da transferência durante a pré-temporada.
1144,Campeonato,"O azarão da competição, depois de três derrotas seguidas, venceu a partida decisiva."
1145,Treinamento,"A comissão técnica, no jogo do centenário do clube, fechou a escalação para o clássico."
1146,Categorias de base,"O olheiro, pela primeira vez na temporada, assinou o primeiro contrato profissional."
1147,Treinamento,"Na reta final da temporada, a comissão técnica intensificou as cobranças de pênalti."
1148,Treinamento,"No meio da semana, o departamento médico testou o jovem da base no time titular."
1149,Campeonato,O favorito ao título assumiu a liderança da tabela no último jogo do ano.
1150,Arbitragem,A assistente anulou o gol por falta no goleiro depois de três derrotas seguidas.
1151,Categorias de base,"O treinador do sub-17, nos acréscimos, conquistou o título estadual juvenil."
1152,Torcida,"O grupo de torcedores, na quarta-feira à noite, cantou sem parar."
1153,Arbitragem,O assistente de vídeo marcou o impedimento em meio à crise.
1154,Imprensa,O setorista elogiou o desempenho do goleiro em noite de casa cheia.
1155,Categorias de base,A escolinha de futebol assinou o primeiro contrato profissional no estádio lotado.
1156,Treinamento,"O analista de desempenho, antes do intervalo, planejou a recuperação dos atletas."
1157,Mercado da bola,"O investidor da SAF, nos acréscimos, sondou um zagueiro do futebol argentino."
1158,Mercado da bola,"Na final da copa, o empresário recusou a oferta do rival."
1159,Partida,"O ponta-direita, para delírio da torcida, cabeceou após o escanteio."
1160,Campeonato,"Em plena data FIFA, o azarão da competição eliminou o favorito ao título."
1161,Torcida,O grupo de torcedores aplaudiu o goleiro na rodada de domingo.
1162,Categorias de base,"A escolinha de futebol, no gramado encharcado, assinou com um clube europeu."
1163,Torcida,"A torcida mandante, na quarta-feira à noite, lotou a frente do centro de treinamento."
1164,Partida,"O capitão do time, no estádio lotado, sofreu um pênalti."
1165,Categorias de base,"Durante a pré-temporada, o coordenador da base assinou o primeiro contrato profissional."
1166,Partida,O meia-armador chutou a bola para fora nos acréscimos.
1167,Arbitragem,"O árbitro de vídeo, nos acréscimos, aplicou o cartão vermelho."
1168,Categorias de base,"Na final da copa, o olheiro disputou a final do sub-17."
1169,Imprensa,"No último jogo do ano, a coluna do jornal narrou a decisão por pênaltis."
1170,Imprensa,"O jornalista esportivo, nos acréscimos, narrou a virada histórica."
1171,Imprensa,"O blogueiro esportivo, em pleno feriado, elogiou o trabalho do técnico."
1172,Torcida,A torcida organizada pediu a contratação de um centroavante fora de casa.
1173,Partida,"No meio da semana, o capitão do time deu um chapéu no marcador."
1174,Torcida,A torcida visitante cantou durante os noventa minutos aos 45 minutos do segundo tempo.
1175,Torcida,A torcida mandante fez uma festa bonita no estádio do rival.
1176,Imprensa,"A emissora de rádio, na final da copa, elogiou a estreia do reforço."
1177,Treinamento,"O fisiologista, nos acréscimos, intensificou as cobranças de pênalti."
1178,Torcida,O sócio-torcedor comemorou o gol da virada no meio da semana.
1179,Treinamento,O fisiologista testou o jovem da base no time titular em pleno feriado.
1180,Partida,O zagueiro finalizou de primeira na decisão do estadual.
1181,Mercado da bola,O clube rival pagou as luvas do reforço na abertura da rodada.
1182,Partida,"No gramado encharcado, o jogador reserva deu um carrinho perfeito."
1183,Imprensa,"No confronto pela copa, a emissora de rádio entrevistou o autor do gol."
1184,Imprensa,"Na volta das férias, o setorista previu o rebaixamento do clube."
1185,Campeonato,O líder do campeonato assumiu a vice-liderança na volta das férias.
1186,Arbitragem,O árbitro anulou o pênalti após revisão na rodada de domingo.
1187,Arbitragem,"O quarto árbitro, no clássico de quarta-feira, marcou a falta na entrada da área."
1188,Categorias de base,"A escolinha de futebol, no jogo do returno, assinou com um clube europeu."
1189,Arbitragem,A assistente aplicou a lei da vantagem na partida transmitida para todo o país.
1190,Treinamento,O auxiliar técnico planejou a recuperação dos atletas sob forte chuva.
1191,Partida,O atacante cruzou na cabeça do centroavante no jogo do centenário do clube.
1192,Mercado da bola,"No estádio lotado, o empresário negociou o empréstimo do lateral."
1193,Mercado da bola,O agente do jogador anunciou a saída do capitão nos acréscimos.
1194,Treinamento,O departamento médico testou o meia na lateral no último jogo do ano.
1195,Arbitragem,"O árbitro, em plena data FIFA, revisou a jogada do gol."
1196,Campeonato,O vice-líder venceu o clássico regional logo no primeiro minuto.
1197,Arbitragem,"No estádio do rival, o árbitro de vídeo aplicou o cartão vermelho."
1198,Mercado da bola,O diretor de futebol negociou a liberação do meia na reta final da temporada.
1199,Partida,O jogador reserva marcou um golaço na estreia do campeonato.
1200,Partida,O capitão do time chutou forte de fora da área em pleno feriado.
1201,Campeonato,"O lanterna, na rodada de domingo, venceu a partida decisiva."
1202,Partida,O jogador reserva deu um drible desconcertante em plena data FIFA.
1203,Mercado da bola,"Em plena data FIFA, o investidor da SAF sondou o técnico da seleção."
1204,Torcida,"A charanga, na noite de sábado, vaiou o jogador adversário."
1205,Arbitragem,"O árbitro de vídeo, antes do intervalo, ignorou o pedido de pênalti."
1206,Treinamento,"O departamento médico, nos acréscimos, comandou a atividade de finalização."
1207,Treinamento,"Na reta final da temporada, o técnico planejou a recuperação dos atletas."
1208,Imprensa,A repórter de campo noticiou a crise no vestiário em meio à crise.
1209,Imprensa,O setorista narrou o golaço da rodada no segundo tempo.
1210,Imprensa,"O comentarista, na final da copa, criticou a escalação inicial."
1211,Partida,"Na estreia do campeonato, o volante chutou a bola no ângulo."
1212,Categorias de base,"O garoto da base, no clássico de quarta-feira, disputou a semifinal do sub-20."
1213,Imprensa,"O podcast de futebol, na Arena da Baixada, entrevistou o técnico."
1214,Mercado da bola,"O investidor da SAF, em pleno feriado, sondou um ponta do interior paulista."
1215,Arbitragem,O juiz da partida deu seis minutos de acréscimo no estádio do rival.
1216,Categorias de base,"Sob forte chuva, o coordenador da base revelou um lateral promissor."
1217,Torcida,"Na abertura da rodada, a arquibancada lotou a frente do centro de treinamento."
1218,Imprensa,"A coluna do jornal, no segundo tempo, entrevistou o capitão."
1219,Partida,O meia-armador chutou a bola para fora no clássico de quarta-feira.
1220,Treinamento,"Logo no primeiro minuto, o departamento médico planejou a sequência de jogos."
1221,Treinamento,"O coordenador técnico, na volta das férias, ajustou o posicionamento da defesa."
1222,Arbitragem,"No estádio do rival, o árbitro principal revisou o lance no monitor."
1223,Mercado da bola,"Na quarta-feira à noite, o clube rival pagou a multa rescisória."
1224,Campeonato,"Fora de casa, o time visitante garantiu a vaga na Libertadores."
1225,Campeonato,O lanterna perdeu a liderança da tabela após o intervalo.
1226,Mercado da bola,"Na abertura da rodada, o agente do jogador pagou a primeira parcela da transferência."
1227,Campeonato,O atual campeão eliminou o favorito ao título na reta final da temporada.
1228,Mercado da bola,A diretoria negociou a liberação do meia no gramado encharcado.
1229,Partida,"O ponta-direita, em pleno feriado, perdeu um gol feito."
1230,Campeonato,O atual campeão empatou sem gols fora de casa.
1231,Arbitragem,"O bandeirinha, nos acréscimos, marcou o pênalti."
1232,Arbitragem,O quarto árbitro ignorou o toque de mão pela primeira vez na temporada.
1233,Partida,O zagueiro marcou de pênalti no último jogo do ano.
1234,Partida,"No domingo à tarde, o meia-armador marcou o gol de empate."
1235,Imprensa,O narrador entrevistou o capitão no último jogo do ano.
1236,Partida,"Para delírio da torcida, o zagueiro deu um chapéu no marcador."
1237,Partida,"O lateral-esquerdo, para delírio da torcida, deu uma assistência precisa."
1238,Mercado da bola,"Na decisão do estadual, o agente do jogador sondou um zagueiro do futebol argentino."
1239,Treinamento,"O treinador interino, na estreia do campeonato, liberou o lateral após exames."
1240,Mercado da bola,O gerente de futebol renovou o contrato do goleiro no segundo tempo.
1241,Partida,"No jogo do returno, o capitão do time marcou um golaço."
1242,Treinamento,"O preparador físico, na abertura da rodada, testou três zagueiros."
1243,Campeonato,"O lanterna, na abertura da rodada, assumiu a vice-liderança."
1244,Imprensa,"Logo no primeiro minuto, a emissora de rádio previu o rebaixamento do clube."
1245,Campeonato,"Logo no primeiro minuto, o lanterna conquistou o acesso à Série A."
1246,Mercado da bola,O clube árabe renovou o vínculo do capitão na rodada de domingo.
1247,Treinamento,O departamento médico ajustou a marcação por pressão na noite de sábado.
1248,Imprensa,"Na partida transmitida para todo o país, a repórter de campo entrevistou o capitão."
1249,Mercado da bola,"O empresário, na volta das férias, anunciou o reforço para a temporada."
1250,Mercado da bola,O clube rival negociou a liberação do meia na estreia do campeonato.
1251,Partida,"O camisa 10, no confronto pela copa, marcou o gol de empate."
1252,Torcida,"A torcida organizada, para delírio da torcida, aplaudiu a entrada do time em campo."
1253,Arbitragem,"O juiz da partida, na volta das férias, marcou o pênalti."
1254,Partida,O jogador reserva cabeceou para o fundo da rede na reta final da temporada.
1255,Partida,"Na rodada de domingo, o camisa 10 deu um drible desconcertante."
1256,Partida,"O capitão do time, no estádio do rival, cabeceou para o fundo da rede."
1257,Treinamento,O preparador físico intensificou as cobranças de pênalti no confronto pela copa.
1258,Partida,"No jogo do returno, o ponta-direita cabeceou após o escanteio."
1259,Torcida,"O torcedor, em meio à crise, fez um protesto pacífico."
1260,Mercado da bola,"No clássico de quarta-feira, a diretoria recusou a troca de jogadores."
1261,Campeonato,"O time do interior, na abertura da rodada, venceu o confronto direto."
1262,Torcida,"No domingo à tarde, a arquibancada lotou a frente do centro de treinamento."
1263,Partida,"O camisa 10, em noite de casa cheia, cabeceou no canto do goleiro."
1264,Partida,O volante finalizou com o pé esquerdo no segundo tempo.
1265,Categorias de base,"O coordenador da base, na rodada de domingo, conquistou o torneio internacional de base."
1266,Partida,O lateral-esquerdo deu um chapéu no marcador em meio à crise.
1267,Categorias de base,"O coordenador da base, logo no primeiro minuto, foi promovido ao time sub-20."
1268,Imprensa,"No confronto pela copa, o comentarista entrevistou o capitão."
1269,Mercado da bola,"O agente do jogador, na abertura da rodada, anunciou o reforço para a temporada."
1270,Partida,"O centroavante, na reta final da temporada, cabeceou para o fundo da rede."
1271,Categorias de base,"A escolinha de futebol, logo no primeiro minuto, disputou a peneira regional."
1272,Campeonato,O favorito ao título assumiu a vice-liderança na rodada de domingo.
1273,Arbitragem,A equipe de arbitragem expulsou o volante adversário na decisão do estadual.
1274,Categorias de base,O olheiro estreou com gol em noite de casa cheia.
1275,Torcida,"Na abertura da rodada, a torcida organizada aplaudiu a entrada do time em campo."
1276,Arbitragem,"No estádio do rival, a árbitra ignorou as reclamações do banco."
1277,Treinamento,"O coordenador técnico, na reta final da temporada, testou o meia na lateral."
1278,Torcida,"No jogo do returno, a torcida jovem lotou o estádio."
1279,Arbitragem,"Na quarta-feira à noite, o juiz da partida aplicou o cartão amarelo."
1280,Categorias de base,O olheiro estreou com gol antes do intervalo.
1281,Treinamento,"No jogo do centenário do clube, o coordenador técnico ajustou o posicionamento da defesa."
1282,Imprensa,"Fora de casa, o blogueiro esportivo narrou a decisão por pênaltis."
1283,Torcida,"No jogo do centenário do clube, a torcida jovem lotou o aeroporto."
1284,Treinamento,"Após o intervalo, o auxiliar técnico liberou o lateral após exames."
1285,Torcida,"O torcedor mais antigo do clube, na partida transmitida para todo o país, comemorou o acesso à primeira divisão."
1286,Mercado da bola,"O clube europeu, logo no primeiro minuto, pagou a multa rescisória."
1287,Campeonato,"O time do interior, pela primeira vez na temporada, venceu por goleada."
1288,Campeonato,"O vice-líder, na reta final da temporada, conquistou o acesso à Série A."
1289,Arbitragem,"No segundo tempo, o assistente de vídeo aplicou a lei da vantagem."
1290,Treinamento,A comissão técnica planejou a sequência de jogos logo no primeiro minuto.
1291,Partida,"O zagueiro, nos acréscimos, deu um drible desconcertante."
1292,Mercado da bola,"O diretor de futebol, diante de 40 mil torcedores, anunciou o reforço para a temporada."
1293,Torcida,A torcida jovem comemorou o título estadual na reta final da temporada.
1294,Imprensa,O comentarista elogiou a postura do time fora de casa.
1295,Torcida,O sócio-torcedor cantou durante os noventa minutos na volta das férias.
1296,Treinamento,"Na quarta-feira à noite, o analista de desempenho testou o jovem da base no time titular."
1297,Torcida,"O sócio-torcedor, aos 45 minutos do segundo tempo, aplaudiu a entrada do time em campo."
1298,Categorias de base,"Na reta final da temporada, o menino da comunidade estreou na seleção de base."
1299,Partida,"Depois de três derrotas seguidas, o capitão do time perdeu a chance de empatar."
1300,Imprensa,"Fora de casa, o narrador previu o rebaixamento do clube."
1301,Mercado da bola,"Na final da copa, o empresário negociou a venda do jovem atacante."
1302,Imprensa,O narrador entrevistou o autor do gol no estádio lotado.
1303,Treinamento,"O preparador físico, no jogo do returno, comandou o treino tático."
1304,Mercado da bola,"Em pleno feriado, o empresário pagou a multa rescisória."
1305,Mercado da bola,"A diretoria, durante a pré-temporada, negociou a contratação do volante."
1306,Partida,"O camisa 10, no estádio do rival, finalizou rente à trave."
1307,Mercado da bola,"O presidente do clube, no confronto pela copa, negociou a liberação do meia."
1308,Torcida,"A charanga, para delírio da torcida, lotou o aeroporto."
1309,Treinamento,"O preparador físico, na reta final da temporada, ajustou a bola parada."
1310,Categorias de base,O time sub-20 assinou com um clube europeu antes do intervalo.
1311,Partida,"O zagueiro, na estreia do campeonato, chutou forte de fora da área."
1312,Mercado da bola,"Na despedida do ídolo, a diretoria negociou o empréstimo do lateral."
1313,Treinamento,O departamento médico intensificou as cobranças de pênalti na abertura da rodada.
1314,Campeonato,"O líder do campeonato, no confronto pela copa, venceu por goleada."
1315,Partida,"O jogador reserva, para delírio da torcida, marcou de falta."
1316,Arbitragem,"No estádio do rival, o quarto árbitro deu seis minutos de acréscimo."
1317,Torcida,O torcedor mais antigo do clube pediu mais raça aos jogadores em plena data FIFA.
1318,Campeonato,"Na quarta-feira à noite, o time do interior venceu o confronto direto."
1319,Mercado da bola,O agente do jogador anunciou a saída do capitão no segundo tempo.
1320,Arbitragem,"No jogo do returno, o assistente de vídeo expulsou o volante adversário."
1321,Arbitragem,"No domingo à tarde, o árbitro marcou um escanteio duvidoso."
1322,Categorias de base,O menino da comunidade disputou a final do sub-17 na final da copa.
1323,Treinamento,"O fisiologista, no estádio lotado, fechou o treino à imprensa."
1324,Campeonato,"O time do interior, na decisão do estadual, perdeu a liderança da tabela."
1325,Categorias de base,A escolinha de futebol foi promovido ao time sub-20 no clássico de quarta-feira.
1326,Mercado da bola,O clube árabe sondou um zagueiro do futebol argentino na despedida do ídolo.
1327,Partida,"Na reta final da temporada, o camisa 10 deu uma assistência precisa."
1328,Arbitragem,"O árbitro de vídeo, no jogo de ida, aplicou o cartão amarelo."
1329,Imprensa,"O comentarista, em plena data FIFA, entrevistou o autor do gol."
1330,Campeonato,"O azarão da competição, no gramado encharcado, venceu o clássico regional."
1331,Mercado da bola,"Na quarta-feira à noite, o agente do jogador negociou a liberação do meia."
1332,Torcida,"Depois de três derrotas seguidas, o torcedor comemorou a classificação."
1333,Mercado da bola,"Durante a pré-temporada, a diretoria negociou a liberação do meia."
1334,Partida,O centroavante chutou forte de fora da área após o intervalo.
1335,Mercado da bola,"No último jogo do ano, o gerente de futebol anunciou o reforço para a temporada."
1336,Arbitragem,"Na quarta-feira à noite, a assistente deu seis minutos de acréscimo."
1337,Campeonato,"O time da casa, em meio à crise, perdeu a liderança da tabela."
1338,Torcida,"O grupo de torcedores, durante a pré-temporada, pediu a saída do técnico."
1339,Imprensa,"Na estreia do campeonato, o narrador noticiou a venda do atacante."
1340,Partida,O meia-armador cabeceou para o fundo da rede no confronto pela copa.
1341,Mercado da bola,"No jogo do returno, o investidor da SAF renovou o contrato do artilheiro."
1342,Torcida,O torcedor pediu a contratação de um centroavante na final da copa.
1343,Treinamento,"O departamento médico, na quarta-feira à noite, ajustou a marcação por pressão."
1344,Treinamento,"O preparador de goleiros, durante a pré-temporada, ajustou o posicionamento da defesa."
1345,Campeonato,"O time da casa, em plena data FIFA, garantiu a classificação para as quartas."
1346,Partida,"O capitão do time, durante a pré-temporada, marcou de falta."
1347,Campeonato,"Depois de três derrotas seguidas, o lanterna eliminou o favorito ao título."
1348,Partida,"O capitão do time, no jogo do centenário do clube, cabeceou por cima do travessão."
1349,Campeonato,O time da casa empatou o jogo de ida no confronto pela copa.
1350,Treinamento,A comissão técnica ajustou o posicionamento da defesa na volta das férias.
1351,Treinamento,"O auxiliar técnico, no jogo do centenário do clube, fechou a escalação para o clássico."
1352,Partida,O atacante chutou a bola para fora durante a pré-temporada.
1353,Torcida,"A torcida jovem, no estádio do rival, cantou o nome do ídolo."
1354,Torcida,"Em plena data FIFA, a torcida mandante cantou o nome do ídolo."
1355,Partida,O volante marcou o gol de empate no jogo do returno.
1356,Torcida,A arquibancada fez um mosaico gigante em noite de casa cheia.
1357,Categorias de base,O coordenador da base estreou com gol na noite de sábado.
1358,Campeonato,O lanterna conquistou o acesso à Série A na final da copa.
1359,Torcida,O torcedor pediu a saída do técnico nos acréscimos.
1360,Mercado da bola,"Na noite de sábado, o agente do jogador pagou a multa rescisória."
1361,Arbitragem,"O árbitro, no domingo à tarde, marcou a falta na entrada da área."
1362,Treinamento,"O técnico, no meio da semana, ajustou a bola parada."
1363,Partida,O meia-armador perdeu a chance de empatar no estádio do rival.
1364,Torcida,"Nos acréscimos, o torcedor fez uma festa bonita."
1365,Partida,"Em meio à crise, o zagueiro marcou o gol de empate."
1366,Torcida,"A charanga, na reta final da temporada, lotou o aeroporto."
1367,Categorias de base,"O treinador do sub-17, na Arena da Baixada, disputou a peneira regional."
1368,Campeonato,"No estádio do rival, o vice-líder venceu por goleada."
1369,Imprensa,"O setorista, nos acréscimos, noticiou a demissão do treinador."
1370,Campeonato,"O time da casa, no último jogo do ano, venceu a partida decisiva."
1371,Categorias de base,"O treinador do sub-17, em pleno feriado, assinou o primeiro contrato profissional."
1372,Mercado da bola,O gerente de futebol anunciou a chegada do novo técnico para delírio da torcida.
1373,Partida,O capitão do time deu um carrinho perfeito na abertura da rodada.
1374,Treinamento,O treinador interino ajustou o posicionamento da defesa na estreia do campeonato.
1375,Mercado da bola,"O clube rival, em noite de casa cheia, sondou um ponta do interior paulista."
1376,Imprensa,"O podcast de futebol, sob forte chuva, narrou o golaço da rodada."
1377,Partida,"O zagueiro, no estádio do rival, marcou um golaço."
1378,Arbitragem,"Na quarta-feira à noite, o árbitro de vídeo expulsou o técnico."
1379,Imprensa,"Em pleno feriado, o blogueiro esportivo entrevistou o autor do gol."
1380,Treinamento,O coordenador técnico comandou o rachão diante de 40 mil torcedores.
1381,Campeonato,"O vice-líder, na quarta-feira à noite, venceu o clássico regional."
1382,Mercado da bola,O clube europeu apresentou o novo camisa 9 sob forte chuva.
1383,Imprensa,O setorista elogiou o trabalho do técnico fora de casa.
1384,Partida,"No estádio do rival, o zagueiro chutou cruzado para o gol."
1385,Campeonato,O favorito ao título eliminou o atual campeão na partida transmitida para todo o país.
1386,Torcida,"Na rodada de domingo, o sócio-torcedor comemorou a classificação."
1387,Imprensa,"Após o intervalo, o canal de esportes criticou a escalação inicial."
1388,Imprensa,O canal de esportes criticou a atuação do time na volta das férias.
1389,Mercado da bola,"O empresário, em pleno feriado, recusou uma proposta milionária."
1390,Partida,O volante cabeceou por cima do travessão no estádio do rival.
1391,Arbitragem,"O quarto árbitro, em meio à crise, aplicou a lei da vantagem."
1392,Partida,"O ponta-direita, no confronto pela copa, cabeceou por cima do travessão."
1393,Imprensa,O canal de esportes elogiou o desempenho do goleiro logo no primeiro minuto.
1394,Partida,O lateral-esquerdo marcou o gol de empate sob forte chuva.
1395,Arbitragem,O bandeirinha anulou o gol por falta no goleiro em pleno feriado.
1396,Torcida,A torcida mandante fez uma grande recepção ao elenco na quarta-feira à noite.
1397,Partida,O atacante marcou o gol de empate na quarta-feira à noite.
1398,Arbitragem,"Na abertura da rodada, o quarto árbitro marcou o pênalti."
1399,Imprensa,"O jornalista esportivo, no gramado encharcado, elogiou o desempenho do goleiro."
1400,Imprensa,A emissora de rádio previu o título do líder no confronto pela copa.
1401,Partida,O zagueiro sofreu uma lesão muscular na noite de sábado.
1402,Treinamento,O coordenador técnico planejou a pré-temporada em pleno feriado.
1403,Torcida,"A arquibancada, no meio da semana, aplaudiu o elenco após a derrota."
1404,Partida,O lateral-esquerdo deu um chapéu no marcador na despedida do ídolo.
1405,Categorias de base,"O garoto da base, no estádio do rival, foi promovido ao time sub-20."
1406,Categorias de base,O time sub-20 impressionou os olheiros europeus no estádio do rival.
1407,Mercado da bola,"O clube rival, no segundo tempo, pagou a primeira parcela da transferência."
1408,Torcida,"Sob forte chuva, o torcedor fez uma festa bonita."
1409,Mercado da bola,O clube rival apresentou o novo camisa 9 no domingo à tarde.
1410,Imprensa,"O setorista, na Arena da Baixada, entrevistou o técnico."
1411,Mercado da bola,"O clube europeu, na abertura da rodada, apresentou o novo uniforme."
1412,Imprensa,"O narrador, diante de 40 mil torcedores, elogiou a estreia do reforço."
1413,Mercado da bola,"Sob forte chuva, o clube rival negociou a contratação do volante."
1414,Torcida,"Após o intervalo, o torcedor mais antigo do clube comemorou a classificação."
1415,Mercado da bola,O diretor de futebol apresentou o reforço à torcida no domingo à tarde.
1416,Campeonato,O atual campeão foi rebaixado para a segunda divisão na despedida do ídolo.
1417,Partida,"Na noite de sábado, o volante cruzou na cabeça do centroavante."
1418,Mercado da bola,"Pela primeira vez na temporada, o clube rival anunciou o reforço para a temporada."
1419,Arbitragem,O árbitro de vídeo marcou o tiro de meta no confronto pela copa.
1420,Torcida,"No estádio do rival, a charanga fez uma grande recepção ao elenco."
1421,Mercado da bola,"Em plena data FIFA, a diretoria apresentou o novo camisa 9."
1422,Treinamento,O auxiliar técnico comandou a atividade de finalização no gramado encharcado.
1423,Treinamento,"No jogo do returno, o departamento médico fechou a escalação para o clássico."
1424,Partida,"O meia-armador, na rodada de domingo, sofreu uma lesão muscular."
1425,Torcida,"A torcida jovem, pela primeira vez na temporada, lotou o aeroporto."
1426,Partida,"O zagueiro, na Arena da Baixada, finalizou com o pé esquerdo."
1427,Partida,O camisa 10 finalizou por cobertura na rodada de domingo.
1428,Treinamento,"Fora de casa, a comissão técnica comandou o coletivo com os titulares."
1429,Treinamento,"Na partida transmitida para todo o país, o preparador físico testou o jovem da base no time titular."
1430,Mercado da bola,"No último jogo do ano, o investidor da SAF recusou a troca de jogadores."
1431,Partida,"O ponta-direita, antes do intervalo, finalizou rente à trave."
1432,Treinamento,"No jogo do returno, o analista de desempenho liberou o atacante para o jogo."
1433,Imprensa,"Na noite de sábado, a coluna do jornal elogiou o desempenho do goleiro."
1434,Imprensa,"No domingo à tarde, o jornalista esportivo narrou a virada histórica."
1435,Torcida,"Na partida transmitida para todo o país, a torcida visitante comemorou a classificação."
1436,Torcida,A torcida visitante lotou a frente do centro de treinamento no jogo do centenário do clube.
1437,Torcida,"O torcedor mais antigo do clube, no gramado encharcado, comemorou o gol da virada."
1438,Torcida,O torcedor aplaudiu a homenagem ao ídolo em plena data FIFA.
1439,Mercado da bola,"O investidor da SAF, no meio da semana, sondou um zagueiro do futebol argentino."
1440,Torcida,"A torcida mandante, na final da copa, aplaudiu o goleiro."
1441,Mercado da bola,O presidente do clube pagou as luvas do reforço na partida transmitida para todo o país.
1442,Categorias de base,"O coordenador da base, no clássico de quarta-feira, assinou com um clube europeu."
1443,Arbitragem,"A equipe de arbitragem, em meio à crise, deu o apito final."
1444,Treinamento,"Na reta final da temporada, o auxiliar técnico liberou o lateral após exames."
1445,Arbitragem,O bandeirinha anulou o gol por falta no goleiro no último jogo do ano.
1446,Imprensa,"A emissora de rádio, na final da copa, previu o título do líder."
1447,Imprensa,O canal de esportes narrou o golaço da rodada diante de 40 mil torcedores.
1448,Torcida,O torcedor pediu a saída do técnico aos 45 minutos do segundo tempo.
1449,Treinamento,O coordenador técnico ajustou a saída de bola durante a pré-temporada.
1450,Partida,"O ponta-direita, após o intervalo, chutou a bola no ângulo."
1451,Partida,O camisa 10 chutou a bola no ângulo em meio à crise.
1452,Arbitragem,O árbitro principal expulsou o zagueiro no clássico de quarta-feira.
1453,Partida,"No último jogo do ano, o meia-armador finalizou de primeira."
1454,Categorias de base,"O jovem goleiro, no jogo do returno, assinou com um clube europeu."
1455,Categorias de base,"Na Arena da Baixada, o coordenador da base foi promovido ao time sub-20."
1456,Partida,O centroavante deu um carrinho perfeito na decisão do estadual.
1457,Mercado da bola,"Em meio à crise, o gerente de futebol pagou a multa rescisória."
1458,Campeonato,"O time do interior, no meio da semana, empatou o jogo de ida."
1459,Mercado da bola,O clube europeu sondou um zagueiro do futebol argentino aos 45 minutos do segundo tempo.
1460,Categorias de base,"O time sub-15, no jogo do returno, foi promovido ao time sub-20."
1461,Torcida,"Pela primeira vez na temporada, a torcida jovem cantou o hino do clube."
1462,Campeonato,"O time visitante, na estreia do campeonato, venceu por goleada."
1463,Campeonato,"Sob forte chuva, o atual campeão assumiu a vice-liderança."
1464,Treinamento,O coordenador técnico fechou a escalação para o clássico na noite de sábado.
1465,Campeonato,"Na despedida do ídolo, o azarão da competição venceu a partida decisiva."
1466,Imprensa,"O blogueiro esportivo, em noite de casa cheia, entrevistou o capitão."
1467,Torcida,"A torcida organizada, para delírio da torcida, cantou o nome do ídolo."
1468,Imprensa,"Diante de 40 mil torcedores, o blogueiro esportivo elogiou a estreia do reforço."
1469,Campeonato,"No clássico de quarta-feira, o lanterna assumiu a vice-liderança."
1470,Arbitragem,O juiz da partida aplicou o cartão vermelho pela primeira vez na temporada.
1471,Torcida,"A torcida visitante, em noite de casa cheia, aplaudiu o goleiro."
1472,Mercado da bola,"Pela primeira vez na temporada, o diretor de futebol apresentou o reforço à torcida."
1473,Mercado da bola,"Na abertura da rodada, o investidor da SAF negociou a venda do jovem atacante."
1474,Partida,O capitão do time deu um carrinho perfeito logo no primeiro minuto.
1475,Partida,"O jogador reserva, na quarta-feira à noite, marcou o gol da vitória."
1476,Partida,"Pela primeira vez na temporada, o atacante finalizou rente à trave."
1477,Campeonato,"No estádio lotado, o atual campeão empatou o jogo de ida."
1478,Treinamento,"Sob forte chuva, o técnico fechou a escalação para o clássico."
1479,Partida,"O ponta-direita, no estádio do rival, finalizou rente à trave."
1480,Categorias de base,O garoto da base disputou a peneira regional em pleno feriado.
1481,Mercado da bola,"O presidente do clube, no domingo à tarde, negociou o empréstimo do lateral."
1482,Imprensa,O setorista elogiou o desempenho do goleiro no jogo do returno.
1483,Treinamento,"A comissão técnica, na final da copa, planejou a pré-temporada."
1484,Imprensa,"O podcast de futebol, para delírio da torcida, entrevistou o autor do gol."
1485,Mercado da bola,"No estádio lotado, o gerente de futebol pagou a multa rescisória."
1486,Arbitragem,A equipe de arbitragem ignorou as reclamações do banco no estádio do rival.
1487,Mercado da bola,"O clube europeu, no jogo de ida, renovou o contrato do artilheiro."
1488,Arbitragem,"O árbitro de vídeo, durante a pré-temporada, expulsou o volante adversário."
1489,Partida,"Na despedida do ídolo, o meia-armador cruzou rasteiro para o meio."
1490,Categorias de base,"Nos acréscimos, o jovem goleiro estreou na seleção de base."
1491,Imprensa,"No estádio lotado, a coluna do jornal entrevistou o capitão."
1492,Partida,O camisa 10 marcou um golaço no segundo tempo.
1493,Imprensa,"Em plena data FIFA, o canal de esportes criticou a escalação inicial."
1494,Torcida,"A torcida jovem, diante de 40 mil torcedores, pediu a saída do técnico."
1495,Torcida,O torcedor mais antigo do clube comemorou a classificação no segundo tempo.
1496,Partida,"O capitão do time, no gramado encharcado, deu um carrinho perfeito."
1497,Treinamento,"No estádio lotado, o técnico planejou a recuperação dos atletas."
1498,Campeonato,"Pela primeira vez na temporada, o azarão da competição foi rebaixado para a segunda divisão."
1499,Torcida,A torcida jovem cantou sem parar na Arena da Baixada.
1500,Arbitragem,A árbitra revisou o lance no monitor no meio da semana.
1501,Imprensa,O comentarista elogiou o desempenho do goleiro na rodada de domingo.
1502,Imprensa,"Em plena data FIFA, a coluna do jornal elogiou a estreia do reforço."
1503,Mercado da bola,"O clube árabe, em noite de casa cheia, recusou uma proposta milionária."
1504,Imprensa,"A coluna do jornal, no jogo do centenário do clube, previu o rebaixamento do clube."
1505,Mercado da bola,"O gerente de futebol, em meio à crise, recusou a troca de jogadores."
1506,Torcida,A torcida visitante fez uma festa bonita na reta final da temporada.
1507,Arbitragem,A árbitra ignorou as reclamações do banco em meio à crise.
1508,Categorias de base,O jovem goleiro revelou um lateral promissor no jogo do centenário do clube.
1509,Mercado da bola,"A diretoria, no meio da semana, anunciou o reforço para a temporada."
1510,Partida,O atacante perdeu um gol feito no segundo tempo.
1511,Partida,"Na estreia do campeonato, o camisa 10 sofreu uma falta dura."
1512,Arbitragem,"O árbitro principal, fora de casa, anulou o pênalti após revisão."
1513,Categorias de base,A escolinha de futebol impressionou os olheiros europeus na estreia do campeonato.
1514,Torcida,A torcida visitante aplaudiu o goleiro na reta final da temporada.
1515,Categorias de base,"O olheiro, no estádio do rival, conquistou o torneio internacional de base."
1516,Treinamento,"No segundo tempo, o departamento médico ajustou o posicionamento da defesa."
1517,Imprensa,"No jogo do returno, o narrador entrevistou o técnico."
1518,Partida,"O ponta-direita, no estádio lotado, cruzou na cabeça do centroavante."
1519,Torcida,"A torcida jovem, no estádio lotado, lotou a frente do centro de treinamento."
1520,Imprensa,"Na volta das férias, o podcast de futebol elogiou a postura do time."
1521,Treinamento,O coordenador técnico planejou a pré-temporada no domingo à tarde.
1522,Categorias de base,O coordenador da base disputou a semifinal do sub-20 no gramado encharcado.
1523,Torcida,"Na decisão do estadual, o torcedor lotou o aeroporto."
1524,Imprensa,"No jogo do returno, a repórter de campo elogiou a postura do time."
1525,Mercado da bola,"Na quarta-feira à noite, o presidente do clube recusou uma proposta milionária."
1526,Imprensa,"O podcast de futebol, para delírio da torcida, criticou o esquema tático."
1527,Mercado da bola,"O empresário, para delírio da torcida, anunciou a chegada do novo técnico."
1528,Partida,"Diante de 40 mil torcedores, o capitão do time perdeu o pênalti."
1529,Partida,"No gramado encharcado, o lateral-esquerdo cruzou para a área."
1530,Partida,"O centroavante, no jogo do centenário do clube, cruzou rasteiro para o meio."
1531,Partida,"O atacante, na Arena da Baixada, cabeceou após o escanteio."
1532,Imprensa,"A repórter de campo, sob forte chuva, entrevistou o capitão."
1533,Mercado da bola,"Antes do intervalo, o agente do jogador sondou um zagueiro do futebol argentino."
1534,Arbitragem,"Em plena data FIFA, o assistente de vídeo anulou o pênalti após revisão."
1535,Torcida,"A torcida organizada, na final da copa, lotou a frente do centro de treinamento."
1536,Treinamento,"O preparador de goleiros, no jogo do returno, testou o meia na lateral."
1537,Torcida,"Durante a pré-temporada, a torcida jovem fez uma grande recepção ao elenco."
1538,Partida,"Fora de casa, o camisa 10 chutou a bola para fora."
1539,Treinamento,"O analista de desempenho, durante a pré-temporada, intensificou as cobranças de pênalti."
1540,Imprensa,A repórter de campo noticiou a crise no vestiário no último jogo do ano.
1541,Arbitragem,O quarto árbitro deu a bola ao chão na final da copa.
1542,Torcida,"A torcida organizada, no segundo tempo, vaiou a escalação do técnico."
1543,Treinamento,"O técnico, durante a pré-temporada, intensificou as cobranças de pênalti."
1544,Imprensa,O setorista narrou a decisão por pênaltis na quarta-feira à noite.
1545,Imprensa,O jornalista esportivo entrevistou o presidente do clube sob forte chuva.
1546,Partida,"No domingo à tarde, o atacante chutou forte de fora da área."
1547,Treinamento,O analista de desempenho intensificou as cobranças de pênalti sob forte chuva.
1548,Imprensa,"Após o intervalo, o narrador narrou o golaço da rodada."
1549,Partida,"Em meio à crise, o centroavante chutou a bola no ângulo."
1550,Partida,"No clássico de quarta-feira, o ponta-direita marcou de falta."
1551,Torcida,"A charanga, no jogo do centenário do clube, fez uma festa bonita."
1552,Campeonato,"O clube recém-promovido, depois de três derrotas seguidas, venceu a partida decisiva."
1553,Arbitragem,O juiz da partida revisou o lance no monitor para delírio da torcida.
1554,Treinamento,"O analista de desempenho, na volta das férias, intensificou os treinos de finalização."
1555,Campeonato,"O time da casa, em noite de casa cheia, conquistou a copa do estado."
1556,Partida,"O lateral-esquerdo, sob forte chuva, cruzou rasteiro para o meio."
1557,Campeonato,O vice-líder garantiu a permanência na primeira divisão na decisão do estadual.
1558,Treinamento,"No gramado encharcado, o preparador físico testou um novo esquema tático."
1559,Arbitragem,O árbitro deu seis minutos de acréscimo no domingo à tarde.
1560,Treinamento,O analista de desempenho testou três zagueiros no meio da semana.
1561,Categorias de base,"O menino da comunidade, durante a pré-temporada, estreou com gol."
1562,Treinamento,"No domingo à tarde, o analista de desempenho intensificou os treinos de finalização."
1563,Categorias de base,O time sub-20 impressionou o técnico do profissional no jogo de ida.
1564,Campeonato,"O clube recém-promovido, aos 45 minutos do segundo tempo, venceu o clássico regional."
1565,Arbitragem,A árbitra marcou o pênalti na Arena da Baixada.
1566,Torcida,A torcida jovem fez uma festa bonita diante de 40 mil torcedores.
1567,Treinamento,"O treinador interino, nos acréscimos, comandou o rachão."
1568,Categorias de base,"Na abertura da rodada, o jovem goleiro conquistou a Copinha."
1569,Imprensa,O jornalista esportivo narrou a decisão por pênaltis no segundo tempo.
1570,Treinamento,"Durante a pré-temporada, o preparador de goleiros liberou o lateral após exames."
1571,Treinamento,"O coordenador técnico, na decisão do estadual, testou um novo esquema tático."
1572,Arbitragem,"O quarto árbitro, na volta das férias, ignorou as reclamações do banco."
1573,Campeonato,"O time do interior, no estádio do rival, venceu o clássico regional."
1574,Arbitragem,"O assistente de vídeo, no estádio lotado, expulsou o técnico."
1575,Campeonato,O atual campeão assumiu a vice-liderança sob forte chuva.
1576,Torcida,"O torcedor, no último jogo do ano, fez um protesto pacífico."
1577,Partida,O ponta-direita sofreu uma falta dura no estádio lotado.
1578,Imprensa,A repórter de campo previu uma goleada no clássico em noite de casa cheia.
1579,Mercado da bola,"No domingo à tarde, o clube rival apresentou o reforço à torcida."
1580,Partida,"No segundo tempo, o zagueiro finalizou de primeira."
1581,Torcida,A torcida mandante fez uma grande recepção ao elenco no segundo tempo.
1582,Torcida,"Aos 45 minutos do segundo tempo, o grupo de torcedores comemorou o título estadual."
1583,Categorias de base,O garoto da base estreou na seleção de base sob forte chuva.
1584,Arbitragem,"Na noite de sábado, o quarto árbitro deu seis minutos de acréscimo."
1585,Categorias de base,"O treinador do sub-17, na decisão do estadual, assinou o primeiro contrato profissional."
1586,Categorias de base,A promessa do clube estreou na seleção de base diante de 40 mil torcedores.
1587,Treinamento,O preparador de goleiros comandou a atividade de finalização nos acréscimos.
1588,Torcida,"A charanga, nos acréscimos, comemorou o gol da virada."
1589,Campeonato,"O time do interior, na estreia do campeonato, conquistou o acesso à Série A."
1590,Imprensa,O blogueiro esportivo previu uma goleada no clássico na reta final da temporada.
1591,Imprensa,"O podcast de futebol, logo no primeiro minuto, elogiou o trabalho do técnico."
1592,Arbitragem,"O juiz da partida, no segundo tempo, revisou o toque de mão."
1593,Torcida,"O torcedor, na estreia do campeonato, comemorou o título estadual."
1594,Campeonato,O lanterna conquistou a copa do estado em noite de casa cheia.
1595,Partida,"Na abertura da rodada, o ponta-direita sofreu um pênalti."
1596,Torcida,"O torcedor mais antigo do clube, sob forte chuva, lotou o estádio."
1597,Treinamento,"Em meio à crise, o preparador físico testou um novo esquema tático."
1598,Partida,O centroavante perdeu a chance de empatar durante a pré-temporada.
1599,Imprensa,"O comentarista, sob forte chuva, entrevistou o capitão."
1600,Arbitragem,"A equipe de arbitragem, no último jogo do ano, revisou o lance no monitor."
1601,Imprensa,"Aos 45 minutos do segundo tempo, a emissora de rádio narrou a decisão por pênaltis."
1602,Mercado da bola,"No confronto pela copa, a diretoria pagou as luvas do reforço."
1603,Treinamento,O auxiliar técnico ajustou o posicionamento da defesa logo no primeiro minuto.
1604,Torcida,O grupo de torcedores cantou o hino do clube no jogo do returno.
1605,Imprensa,"O jornalista esportivo, na volta das férias, criticou o esquema tático."
1606,Mercado da bola,O clube rival sondou o técnico da seleção no gramado encharcado.
1607,Arbitragem,A árbitra expulsou o técnico no jogo do returno.
1608,Mercado da bola,"Em pleno feriado, a diretoria sondou um zagueiro do futebol argentino."
1609,Treinamento,"O técnico, em noite de casa cheia, liberou o atacante para o jogo."
1610,Imprensa,O blogueiro esportivo entrevistou o autor do gol no clássico de quarta-feira.
1611,Torcida,"A arquibancada, na quarta-feira à noite, fez um protesto pacífico."
1612,Arbitragem,"Depois de três derrotas seguidas, o árbitro principal deu o apito final."
1613,Campeonato,"O time do interior, aos 45 minutos do segundo tempo, assumiu a liderança da tabela."
1614,Treinamento,"Na abertura da rodada, o treinador interino liberou o elenco para o fim de semana."
1615,Torcida,"Após o intervalo, a torcida jovem lotou o aeroporto."
1616,Torcida,"A torcida visitante, no jogo do returno, aplaudiu o goleiro."
1617,Mercado da bola,O clube europeu negociou a contratação do volante no clássico de quarta-feira.
1618,Arbitragem,A árbitra aplicou a lei da vantagem na despedida do ídolo.
1619,Partida,O zagueiro marcou de pênalti no jogo do centenário do clube.
1620,Categorias de base,"A escolinha de futebol, no gramado encharcado, foi promovido ao elenco principal."
1621,Imprensa,"O jornalista esportivo, aos 45 minutos do segundo tempo, narrou o golaço da rodada."
1622,Campeonato,"O time visitante, em pleno feriado, perdeu a invencibilidade."
1623,Torcida,"A torcida mandante, em noite de casa cheia, lotou a frente do centro de treinamento."
1624,Arbitragem,"A árbitra, aos 45 minutos do segundo tempo, anulou o pênalti após revisão."
1625,Torcida,O torcedor pediu a contratação de um centroavante aos 45 minutos do segundo tempo.
1626,Campeonato,"O vice-líder, após o intervalo, conquistou o título nacional."
1627,Treinamento,"O fisiologista, para delírio da torcida, liberou o atacante para o jogo."
1628,Imprensa,"No domingo à tarde, o podcast de futebol entrevistou o técnico."
1629,Mercado da bola,"Logo no primeiro minuto, o clube árabe sondou o técnico da seleção."
1630,Partida,"Diante de 40 mil torcedores, o centroavante marcou de pênalti."
1631,Treinamento,"Na abertura da rodada, o treinador interino comandou o treino tático."
1632,Treinamento,"O técnico, no meio da semana, testou o jovem da base no time titular."
1633,Imprensa,"O setorista, no jogo de ida, entrevistou o autor do gol."
1634,Mercado da bola,"O diretor de futebol, no gramado encharcado, sondou um ponta do interior paulista."
1635,Imprensa,"A coluna do jornal, no gramado encharcado, previu uma goleada no clássico."
1636,Partida,"Na noite de sábado, o lateral-esquerdo finalizou por cobertura."
1637,Imprensa,A repórter de campo previu o título do líder na volta das férias.
1638,Arbitragem,A árbitra ignorou as reclamações do banco no domingo à tarde.
1639,Categorias de base,"A escolinha de futebol, na quarta-feira à noite, revelou um lateral promissor."
1640,Partida,"No confronto pela copa, o zagueiro marcou o gol da vitória."
1641,Campeonato,O lanterna conquistou o título nacional no jogo do centenário do clube.
1642,Imprensa,"No último jogo do ano, o comentarista noticiou a demissão do treinador."
1643,Mercado da bola,"No gramado encharcado, o clube europeu recusou a troca de jogadores."
1644,Arbitragem,"Diante de 40 mil torcedores, a equipe de arbitragem deu a bola ao chão."
1645,Mercado da bola,O gerente de futebol negociou a liberação do meia no clássico de quarta-feira.
1646,Arbitragem,"Na partida transmitida para todo o país, a árbitra marcou a falta na entrada da área."
1647,Campeonato,O clube recém-promovido garantiu a classificação para as quartas nos acréscimos.
1648,Treinamento,"Na reta final da temporada, a comissão técnica comandou a atividade de finalização."
1649,Torcida,A charanga comemorou a classificação no último jogo do ano.
1650,Imprensa,"Na partida transmitida para todo o país, o blogueiro esportivo narrou a virada histórica."
1651,Imprensa,O setorista elogiou a estreia do reforço logo no primeiro minuto.
1652,Mercado da bola,"Na reta final da temporada, a diretoria recusou a troca de jogadores."
1653,Campeonato,"Em noite de casa cheia, o time visitante conquistou o acesso à Série A."
1654,Mercado da bola,"O clube europeu, aos 45 minutos do segundo tempo, anunciou um patrocínio master."
1655,Arbitragem,"O bandeirinha, em noite de casa cheia, ignorou o pedido de pênalti."
1656,Campeonato,"No domingo à tarde, o lanterna foi rebaixado para a segunda divisão."
1657,Imprensa,"No último jogo do ano, o podcast de futebol elogiou o trabalho do técnico."
1658,Campeonato,"O clube recém-promovido, no gramado encharcado, venceu o clássico regional."
1659,Imprensa,"Após o intervalo, a repórter de campo entrevistou o presidente do clube."
1660,Mercado da bola,O presidente do clube apresentou o novo uniforme na reta final da temporada.
1661,Arbitragem,"O árbitro de vídeo, na quarta-feira à noite, marcou o pênalti."
1662,Campeonato,O clube recém-promovido venceu o confronto direto em noite de casa cheia.
1663,Arbitragem,"No jogo de ida, o árbitro de vídeo marcou o impedimento."
1664,Categorias de base,O coordenador da base estreou na seleção de base sob forte chuva.
1665,Treinamento,"No domingo à tarde, o preparador físico liberou o lateral após exames."
1666,Mercado da bola,O agente do jogador pagou as luvas do reforço no meio da semana.
1667,Torcida,A charanga cantou o nome do ídolo no jogo do centenário do clube.
1668,Partida,"O atacante, no gramado encharcado, sofreu um pênalti."
1669,Treinamento,"Pela primeira vez na temporada, a comissão técnica fechou o treino à imprensa."
1670,Mercado da bola,"Na estreia do campeonato, o agente do jogador pagou as luvas do reforço."
1671,Treinamento,"O fisiologista, na abertura da rodada, planejou a pré-temporada."
1672,Treinamento,"O preparador físico, fora de casa, planejou a sequência de jogos."
1673,Imprensa,O jornalista esportivo previu o rebaixamento do clube em plena data FIFA.
1674,Arbitragem,"Durante a pré-temporada, a assistente aplicou o cartão amarelo."
1675,Campeonato,"Após o intervalo, o favorito ao título perdeu a liderança da tabela."
1676,Campeonato,"O lanterna, em meio à crise, conquistou o acesso à Série A."
1677,Torcida,"A torcida jovem, logo no primeiro minuto, cantou o nome do ídolo."
1678,Mercado da bola,"Durante a pré-temporada, o investidor da SAF sondou um zagueiro do futebol argentino."
1679,Imprensa,"O narrador, no estádio lotado, elogiou o trabalho do técnico."
1680,Treinamento,"O técnico, em plena data FIFA, liberou o atacante para o jogo."
1681,Arbitragem,"Nos acréscimos, o árbitro de vídeo revisou o lance no monitor."
1682,Campeonato,"No meio da semana, o time do interior perdeu a liderança da tabela."
1683,Campeonato,"O time do interior, na Arena da Baixada, garantiu a permanência na primeira divisão."
1684,Campeonato,"O azarão da competição, no estádio lotado, empatou com o rival."
1685,Partida,O camisa 10 sofreu uma lesão muscular no jogo do returno.
1686,Partida,"No estádio do rival, o capitão do time chutou a bola no ângulo."
1687,Torcida,"No jogo do centenário do clube, o torcedor mais antigo do clube aplaudiu a homenagem ao ídolo."
1688,Torcida,"No último jogo do ano, o grupo de torcedores fez uma festa bonita."
1689,Torcida,A torcida visitante vaiou o árbitro no segundo tempo.
1690,Mercado da bola,O diretor de futebol renovou o contrato do goleiro na volta das férias.
1691,Imprensa,"No meio da semana, o jornalista esportivo elogiou o desempenho do goleiro."
1692,Treinamento,O auxiliar técnico comandou o rachão em noite de casa cheia.
1693,Treinamento,O coordenador técnico liberou o elenco para o fim de semana logo no primeiro minuto.
1694,Campeonato,O atual campeão empatou com o rival no último jogo do ano.
1695,Torcida,"Durante a pré-temporada, a torcida organizada pediu a saída do técnico."
1696,Treinamento,"Antes do intervalo, o analista de desempenho comandou o rachão."
1697,Mercado da bola,"Em pleno feriado, o clube europeu recusou uma proposta milionária."
1698,Torcida,"No confronto pela copa, o sócio-torcedor comemorou o gol da virada."
1699,Treinamento,O técnico ajustou a bola parada aos 45 minutos do segundo tempo.
1700,Partida,O zagueiro finalizou rente à trave após o intervalo.
1701,Mercado da bola,O clube rival recusou a troca de jogadores no último jogo do ano.
1702,Partida,"O meia-armador, em pleno feriado, perdeu a chance de empatar."
1703,Partida,O ponta-direita sofreu um pênalti na abertura da rodada.
1704,Partida,"Depois de três derrotas seguidas, o capitão do time sofreu uma lesão muscular."
1705,Torcida,O grupo de torcedores pediu mais raça aos jogadores no jogo do centenário do clube.
1706,Treinamento,"Na reta final da temporada, o auxiliar técnico planejou a pré-temporada."
1707,Partida,"Na quarta-feira à noite, o centroavante chutou a bola para fora."
1708,Treinamento,O departamento médico ajustou a saída de bola diante de 40 mil torcedores.
1709,Imprensa,"Na quarta-feira à noite, o comentarista entrevistou o técnico."
1710,Arbitragem,O árbitro principal deu seis minutos de acréscimo na rodada de domingo.
1711,Imprensa,"Nos acréscimos, o setorista entrevistou o capitão."
1712,Mercado da bola,"O clube europeu, na rodada de domingo, apresentou o reforço à torcida."
1713,Imprensa,"Na rodada de domingo, o jornalista esportivo revelou a escalação do clássico."
1714,Partida,O ponta-direita perdeu o pênalti sob forte chuva.
1715,Treinamento,"A comissão técnica, em plena data FIFA, ajustou a bola parada."
1716,Torcida,O torcedor mais antigo do clube aplaudiu o goleiro em meio à crise.
1717,Arbitragem,"O juiz da partida, no jogo do returno, anulou o gol por falta no goleiro."
1718,Arbitragem,O assistente de vídeo anulou o gol por falta no goleiro no meio da semana.
1719,Partida,"O atacante, na final da copa, cabeceou no canto do goleiro."
1720,Partida,"Na noite de sábado, o ponta-direita cruzou para a área."
1721,Partida,O lateral-esquerdo marcou dois gols após o intervalo.
1722,Categorias de base,"No estádio lotado, a promessa do clube impressionou a comissão técnica."
1723,Arbitragem,"Em plena data FIFA, o árbitro principal anulou o gol por impedimento."
1724,Imprensa,"O canal de esportes, no último jogo do ano, entrevistou o capitão."
1725,Torcida,"No jogo de ida, a torcida organizada vaiou o árbitro."
1726,Treinamento,"O departamento médico, no segundo tempo, planejou a pré-temporada."
1727,Imprensa,"Na reta final da temporada, o setorista criticou a escalação inicial."
1728,Treinamento,"Sob forte chuva, a comissão técnica comandou a atividade de finalização."
1729,Partida,O ponta-direita deu uma assistência precisa para delírio da torcida.
1730,Imprensa,"A emissora de rádio, na rodada de domingo, noticiou a venda do atacante."
1731,Partida,"Depois de três derrotas seguidas, o capitão do time cabeceou por cima do travessão."
1732,Campeonato,"Aos 45 minutos do segundo tempo, o time visitante garantiu a classificação para as quartas."
1733,Campeonato,"O atual campeão, em pleno feriado, assumiu a vice-liderança."
1734,Torcida,"No meio da semana, o sócio-torcedor comemorou o acesso à primeira divisão."
1735,Campeonato,"No jogo do returno, o azarão da competição garantiu a vaga na Libertadores."
1736,Campeonato,"O lanterna, na abertura da rodada, garantiu a permanência na primeira divisão."
1737,Mercado da bola,"No clássico de quarta-feira, o investidor da SAF renovou o contrato do artilheiro."
1738,Campeonato,"Em meio à crise, o time do interior venceu o clássico regional."
1739,Mercado da bola,O empresário sondou o técnico da seleção na rodada de domingo.
1740,Arbitragem,"No jogo do returno, o árbitro principal marcou um escanteio duvidoso."
1741,Imprensa,"O comentarista, na volta das férias, criticou a arbitragem."
1742,Torcida,"A torcida visitante, no jogo do returno, pediu a saída do técnico."
1743,Partida,"No clássico de quarta-feira, o centroavante marcou dois gols."
1744,Partida,"No jogo de ida, o meia-armador sofreu um pênalti."
1745,Arbitragem,"O árbitro principal, na despedida do ídolo, revisou o toque de mão."
1746,Torcida,"Na rodada de domingo, o torcedor mais antigo do clube comemorou o gol da virada."
1747,Torcida,"A torcida organizada, na estreia do campeonato, cantou sem parar."
1748,Treinamento,"O analista de desempenho, no meio da semana, intensificou o trabalho físico."
1749,Treinamento,"O coordenador técnico, em plena data FIFA, comandou o coletivo com os titulares."
1750,Campeonato,O favorito ao título garantiu a vaga na Libertadores em meio à crise.
1751,Partida,O ponta-direita deu uma assistência precisa no gramado encharcado.
1752,Mercado da bola,O investidor da SAF negociou a contratação do volante diante de 40 mil torcedores.
1753,Campeonato,"Diante de 40 mil torcedores, o lanterna perdeu a invencibilidade."
1754,Treinamento,"O fisiologista, no último jogo do ano, comandou o treino tático."
1755,Categorias de base,"O coordenador da base, antes do intervalo, impressionou os olheiros europeus."
1756,Partida,"Logo no primeiro minuto, o centroavante sofreu uma falta dura."
1757,Partida,O ponta-direita cabeceou no canto do goleiro no jogo de ida.
1758,Partida,"O camisa 10, no confronto pela copa, chutou a bola para fora."
1759,Imprensa,"Logo no primeiro minuto, o blogueiro esportivo criticou a arbitragem."
1760,Treinamento,"Sob forte chuva, o departamento médico fechou a escalação para o clássico."
1761,Treinamento,A comissão técnica intensificou as cobranças de pênalti no jogo de ida.
1762,Campeonato,"No gramado encharcado, o azarão da competição conquistou o título nacional."
1763,Partida,O lateral-esquerdo chutou a bola no ângulo aos 45 minutos do segundo tempo.
1764,Treinamento,"O analista de desempenho, sob forte chuva, liberou o lateral após exames."
1765,Mercado da bola,"Durante a pré-temporada, o presidente do clube negociou o empréstimo do lateral."
1766,Partida,O lateral-esquerdo cabeceou por cima do travessão aos 45 minutos do segundo tempo.
1767,Treinamento,"O treinador interino, para delírio da torcida, testou o jovem da base no time titular."
1768,Treinamento,O coordenador técnico intensificou os treinos de finalização no segundo tempo.
1769,Arbitragem,"Na quarta-feira à noite, o árbitro de vídeo marcou um escanteio duvidoso."
1770,Categorias de base,"Antes do intervalo, o jovem goleiro assinou o primeiro contrato profissional."
1771,Partida,"Na noite de sábado, o ponta-direita perdeu o pênalti."
1772,Partida,O volante cabeceou por cima do travessão na despedida do ídolo.
1773,Treinamento,O preparador de goleiros testou o meia na lateral no meio da semana.
1774,Torcida,"A torcida visitante, pela primeira vez na temporada, pediu mais raça aos jogadores."
1775,Treinamento,O fisiologista testou três zagueiros fora de casa.
1776,Imprensa,"Na abertura da rodada, a emissora de rádio criticou a arbitragem."
1777,Partida,O lateral-esquerdo perdeu um gol feito na rodada de domingo.
1778,Torcida,"No jogo do returno, a arquibancada cantou durante os noventa minutos."
1779,Categorias de base,"Pela primeira vez na temporada, o treinador do sub-17 assinou com um clube europeu."
1780,Mercado da bola,O clube rival recusou a oferta do rival na decisão do estadual.
1781,Mercado da bola,"Na decisão do estadual, o agente do jogador recusou a oferta do rival."
1782,Torcida,"No segundo tempo, a torcida jovem aplaudiu a homenagem ao ídolo."
1783,Treinamento,O fisiologista comandou a atividade de finalização na volta das férias.
1784,Partida,"O capitão do time, na rodada de domingo, marcou o gol da vitória."
1785,Arbitragem,O árbitro de vídeo marcou o pênalti em pleno feriado.
1786,Torcida,"O torcedor, no domingo à tarde, fez uma grande recepção ao elenco."
1787,Partida,O atacante perdeu o pênalti na quarta-feira à noite.
1788,Campeonato,"No jogo de ida, o favorito ao título assumiu a vice-liderança."
1789,Partida,O jogador reserva cruzou rasteiro para o meio na reta final da temporada.
1790,Imprensa,"Nos acréscimos, o comentarista entrevistou o presidente do clube."
1791,Imprensa,"A repórter de campo, no jogo do returno, elogiou o desempenho do goleiro."
1792,Campeonato,"O líder do campeonato, depois de três derrotas seguidas, foi rebaixado para a segunda divisão."
1793,Arbitragem,"A árbitra, no jogo do centenário do clube, ignorou o toque de mão."
1794,Torcida,"A arquibancada, após o intervalo, vaiou o árbitro."
1795,Categorias de base,"Antes do intervalo, o time sub-15 disputou a peneira regional."
1796,Campeonato,"Na quarta-feira à noite, o lanterna eliminou o atual campeão."
1797,Treinamento,"O analista de desempenho, na final da copa, comandou o coletivo com os titulares."
1798,Campeonato,"O líder do campeonato, no jogo do centenário do clube, empatou o jogo de ida."
1799,Partida,O ponta-direita sofreu uma lesão muscular em plena data FIFA.
1800,Imprensa,"No domingo à tarde, o blogueiro esportivo revelou os bastidores da negociação."
1801,Torcida,"Na decisão do estadual, a charanga comemorou o acesso à primeira divisão."
1802,Arbitragem,"Sob forte chuva, a assistente aplicou a lei da vantagem."
1803,Categorias de base,"O coordenador da base, na Arena da Baixada, foi promovido ao elenco principal."
1804,Partida,O meia-armador cabeceou para o fundo da rede durante a pré-temporada.
1805,Treinamento,O preparador de goleiros liberou o lateral após exames na abertura da rodada.
1806,Campeonato,"O azarão da competição, na rodada de domingo, conquistou o título nacional."
1807,Imprensa,"O setorista, na reta final da temporada, narrou a virada histórica."
1808,Partida,"No jogo do centenário do clube, o meia-armador cruzou na cabeça do centroavante."
1809,Mercado da bola,"Na estreia do campeonato, o clube árabe pagou a primeira parcela da transferência."
1810,Categorias de base,O menino da comunidade estreou no time profissional depois de três derrotas seguidas.
1811,Imprensa,"O jornalista esportivo, na decisão do estadual, elogiou o desempenho do goleiro."
1812,Torcida,A arquibancada pediu a saída do técnico nos acréscimos.
1813,Arbitragem,"No clássico de quarta-feira, o juiz da partida marcou o impedimento."
1814,Treinamento,O fisiologista ajustou a bola parada na decisão do estadual.
1815,Campeonato,"O favorito ao título, no confronto pela copa, conquistou a copa do estado."
1816,Imprensa,"A repórter de campo, na estreia do campeonato, revelou a escalação do clássico."
1817,Campeonato,"Na reta final da temporada, o time do interior conquistou o título nacional."
1818,Mercado da bola,"O clube árabe, na final da copa, pagou as luvas do reforço."
1819,Arbitragem,"Após o intervalo, o assistente de vídeo anulou o gol por falta no goleiro."
1820,Torcida,"Logo no primeiro minuto, o torcedor mais antigo do clube vaiou o árbitro."
1821,Categorias de base,"O jovem goleiro, diante de 40 mil torcedores, disputou a semifinal do sub-20."
1822,Campeonato,"Na despedida do ídolo, o time visitante perdeu a invencibilidade."
1823,Imprensa,"Pela primeira vez na temporada, a repórter de campo criticou o esquema tático."
1824,Mercado da bola,O agente do jogador recusou a oferta do rival no jogo de ida.
1825,Torcida,"A torcida visitante, aos 45 minutos do segundo tempo, pediu mais raça aos jogadores."
1826,Mercado da bola,"No gramado encharcado, o agente do jogador sondou um zagueiro do futebol argentino."
1827,Treinamento,A comissão técnica planejou a sequência de jogos para delírio da torcida.
1828,Torcida,"A torcida jovem, no jogo do centenário do clube, pediu mais raça aos jogadores."
1829,Partida,"O zagueiro, em meio à crise, chutou forte de fora da área."
1830,Mercado da bola,"No meio da semana, o investidor da SAF recusou a oferta do rival."
1831,Imprensa,"A repórter de campo, na Arena da Baixada, noticiou a venda do atacante."
1832,Torcida,"No domingo à tarde, a torcida jovem fez um protesto pacífico."
1833,Mercado da bola,"No confronto pela copa, o agente do jogador apresentou o novo uniforme."
1834,Treinamento,"O departamento médico, no estádio lotado, testou o meia na lateral."
1835,Arbitragem,"O quarto árbitro, no jogo do centenário do clube, anulou o pênalti após revisão."
1836,Treinamento,A comissão técnica comandou o coletivo com os titulares sob forte chuva.
1837,Categorias de base,"A escolinha de futebol, nos acréscimos, assinou o primeiro contrato profissional."
1838,Campeonato,"Em noite de casa cheia, o favorito ao título empatou sem gols."
1839,Campeonato,O time do interior eliminou o favorito ao título na decisão do estadual.
1840,Torcida,"A arquibancada, pela primeira vez na temporada, comemorou o gol da virada."
1841,Torcida,"O grupo de torcedores, antes do intervalo, cantou durante os noventa minutos."
1842,Categorias de base,O treinador do sub-17 estreou na seleção de base na rodada de domingo.
1843,Categorias de base,O menino da comunidade assinou o primeiro contrato profissional no jogo de ida.
1844,Categorias de base,"O time sub-20, na quarta-feira à noite, impressionou os olheiros europeus."
1845,Imprensa,"O narrador, sob forte chuva, entrevistou o autor do gol."
1846,Treinamento,"O analista de desempenho, na rodada de domingo, liberou o lateral após exames."
1847,Torcida,"O torcedor, logo no primeiro minuto, vaiou o jogador adversário."
1848,Arbitragem,"No jogo do returno, o árbitro de vídeo deu seis minutos de acréscimo."
1849,Campeonato,"O atual campeão, após o intervalo, empatou o jogo de ida."
1850,Mercado da bola,"O clube europeu, na partida transmitida para todo o país, sondou um zagueiro do futebol argentino."
1851,Arbitragem,"No domingo à tarde, o assistente de vídeo marcou o impedimento."
1852,Torcida,"No domingo à tarde, a arquibancada pediu a contratação de um centroavante."
1853,Arbitragem,O assistente de vídeo aplicou o cartão amarelo logo no primeiro minuto.
1854,Partida,O capitão do time marcou de pênalti aos 45 minutos do segundo tempo.
1855,Campeonato,"O azarão da competição, depois de três derrotas seguidas, empatou o jogo de ida."
1856,Imprensa,"No estádio do rival, a repórter de campo elogiou o desempenho do goleiro."
1857,Torcida,A torcida jovem aplaudiu o goleiro diante de 40 mil torcedores.
1858,Partida,O atacante finalizou com o pé esquerdo antes do intervalo.
1859,Torcida,A torcida mandante vaiou a escalação do técnico na abertura da rodada.
1860,Imprensa,"Durante a pré-temporada, o comentarista previu uma goleada no clássico."
1861,Imprensa,"O comentarista, no jogo do returno, elogiou o desempenho do goleiro."
1862,Arbitragem,A equipe de arbitragem deu a bola ao chão na volta das férias.
1863,Categorias de base,"No confronto pela copa, o garoto da base conquistou o torneio internacional de base."
1864,Arbitragem,"No jogo de ida, o juiz da partida marcou o pênalti."
1865,Categorias de base,O time sub-20 impressionou o técnico do profissional na estreia do campeonato.
1866,Imprensa,"O setorista, em meio à crise, revelou a escalação do clássico."
1867,Partida,"No clássico de quarta-feira, o centroavante chutou a bola para fora."
1868,Imprensa,"No confronto pela copa, o canal de esportes revelou a escalação do clássico."
1869,Arbitragem,"A equipe de arbitragem, na quarta-feira à noite, revisou a jogada do gol."
1870,Treinamento,O preparador de goleiros ajustou a bola parada no domingo à tarde.
1871,Imprensa,"Pela primeira vez na temporada, a emissora de rádio entrevistou o técnico."
1872,Treinamento,"O fisiologista, no segundo tempo, comandou o coletivo com os titulares."
1873,Imprensa,"Na final da copa, a repórter de campo previu uma goleada no clássico."
1874,Treinamento,"Na abertura da rodada, o departamento médico planejou a recuperação dos atletas."
1875,Imprensa,"A repórter de campo, na despedida do ídolo, noticiou a crise no vestiário."
1876,Treinamento,"Sob forte chuva, o técnico planejou a pré-temporada."
1877,Imprensa,"A coluna do jornal, no domingo à tarde, elogiou a estreia do reforço."
1878,Partida,"O capitão do time, no jogo do returno, cabeceou após o escanteio."
1879,Treinamento,"Aos 45 minutos do segundo tempo, o técnico ajustou a marcação por pressão."
1880,Campeonato,O azarão da competição venceu o clássico regional nos acréscimos.
1881,Campeonato,"Em meio à crise, o time visitante empatou com o rival."
1882,Treinamento,O fisiologista liberou o atacante para o jogo na decisão do estadual.
1883,Categorias de base,"O coordenador da base, na despedida do ídolo, revelou um goleiro de futuro."
1884,Imprensa,"A coluna do jornal, no estádio lotado, previu o rebaixamento do clube."
1885,Treinamento,O treinador interino fechou o treino à imprensa na estreia do campeonato.
1886,Imprensa,"O narrador, no meio da semana, elogiou a postura do time."
1887,Arbitragem,"Na abertura da rodada, o juiz da partida expulsou o volante adversário."
1888,Mercado da bola,"Na partida transmitida para todo o país, o gerente de futebol apresentou o novo uniforme."
1889,Treinamento,"O técnico, para delírio da torcida, planejou a recuperação dos atletas."
1890,Arbitragem,"O árbitro de vídeo, na decisão do estadual, deu o apito final."
1891,Partida,"O atacante, em plena data FIFA, sofreu uma lesão muscular."
1892,Categorias de base,"A promessa do clube, durante a pré-temporada, estreou com gol."
1893,Arbitragem,O árbitro de vídeo revisou o lance no monitor nos acréscimos.
1894,Treinamento,"O preparador físico, no confronto pela copa, testou três zagueiros."
1895,Categorias de base,"Na Arena da Baixada, a escolinha de futebol foi promovido ao time sub-20."
1896,Arbitragem,"Diante de 40 mil torcedores, o árbitro de vídeo marcou o impedimento."
1897,Campeonato,O líder do campeonato eliminou o favorito ao título no segundo tempo.
1898,Torcida,"A torcida jovem, na final da copa, fez uma festa bonita."
1899,Categorias de base,O time sub-15 assinou com um clube europeu logo no primeiro minuto.
1900,Mercado da bola,"Diante de 40 mil torcedores, o empresário renovou o contrato do goleiro."
1901,Partida,"O atacante, após o intervalo, cruzou rasteiro para o meio."
1902,Arbitragem,O árbitro de vídeo ignorou o toque de mão no jogo do centenário do clube.
1903,Treinamento,"A comissão técnica, no confronto pela copa, comandou o treino tático."
1904,Treinamento,"No domingo à tarde, o coordenador técnico comandou o treino tático."
1905,Partida,"O volante, no jogo de ida, finalizou na trave."
1906,Imprensa,"O comentarista, na Arena da Baixada, revelou os bastidores da negociação."
1907,Partida,"No meio da semana, o camisa 10 marcou de falta."
1908,Campeonato,"No estádio do rival, o time do interior perdeu a liderança da tabela."
1909,Categorias de base,"O treinador do sub-17, após o intervalo, foi promovido ao elenco principal."
1910,Arbitragem,"No jogo de ida, o quarto árbitro revisou a jogada do gol."
1911,Mercado da bola,"Para delírio da torcida, o clube rival negociou a contratação do volante."
1912,Mercado da bola,O clube rival recusou uma proposta milionária no segundo tempo.
1913,Campeonato,O lanterna venceu o confronto direto em noite de casa cheia.
1914,Partida,"Depois de três derrotas seguidas, o volante perdeu o pênalti."
1915,Partida,"Na abertura da rodada, o capitão do time sofreu um pênalti."
1916,Categorias de base,"Fora de casa, o menino da comunidade foi promovido ao elenco principal."
1917,Arbitragem,"Em pleno feriado, a equipe de arbitragem marcou o tiro de meta."
1918,Treinamento,"O fisiologista, nos acréscimos, fechou o treino à imprensa."
1919,Torcida,A arquibancada comemorou a classificação no meio da semana.
1920,Treinamento,"O preparador físico, no estádio do rival, ajustou a saída de bola."
1921,Arbitragem,A árbitra anulou o gol por falta no goleiro na reta final da temporada.
1922,Campeonato,O time do interior garantiu a permanência na primeira divisão sob forte chuva.
1923,Categorias de base,"O treinador do sub-17, antes do intervalo, impressionou a comissão técnica."
1924,Torcida,"No clássico de quarta-feira, a arquibancada vaiou a escalação do técnico."
1925,Partida,"Na partida transmitida para todo o país, o atacante finalizou com o pé esquerdo."
1926,Torcida,"O grupo de torcedores, no meio da semana, lotou o estádio."
1927,Torcida,"Em noite de casa cheia, a charanga lotou o estádio."
1928,Partida,O volante sofreu um pênalti no confronto pela copa.
1929,Partida,"O meia-armador, nos acréscimos, chutou forte de fora da área."
1930,Torcida,"No confronto pela copa, a charanga pediu a saída do técnico."
1931,Torcida,"No jogo do returno, a torcida visitante aplaudiu a homenagem ao ídolo."
1932,Partida,O volante chutou a bola para fora na decisão do estadual.
1933,Categorias de base,O treinador do sub-17 foi promovido ao elenco principal na noite de sábado.
1934,Arbitragem,"A assistente, no confronto pela copa, revisou o lance no monitor."
1935,Campeonato,"O azarão da competição, fora de casa, venceu o clássico regional."
1936,Imprensa,O jornalista esportivo elogiou a postura do time em noite de casa cheia.
1937,Mercado da bola,"No confronto pela copa, o clube rival negociou a venda do jovem atacante."
1938,Treinamento,"O departamento médico, na reta final da temporada, comandou a atividade de finalização."
1939,Partida,"O capitão do time, pela primeira vez na temporada, finalizou por cobertura."
1940,Imprensa,A coluna do jornal elogiou a postura do time depois de três derrotas seguidas.
1941,Imprensa,"A repórter de campo, no estádio lotado, entrevistou o técnico."
1942,Mercado da bola,A diretoria apresentou o novo camisa 9 diante de 40 mil torcedores.
1943,Mercado da bola,O clube europeu apresentou o reforço à torcida na volta das férias.
1944,Imprensa,"Depois de três derrotas seguidas, o setorista narrou o golaço da rodada."
1945,Imprensa,O jornalista esportivo criticou a arbitragem em pleno feriado.
1946,Partida,O volante perdeu um gol feito em pleno feriado.
1947,Arbitragem,"Na final da copa, o quarto árbitro anulou o gol por impedimento."
1948,Partida,O centroavante cruzou rasteiro para o meio fora de casa.
1949,Partida,"O capitão do time, diante de 40 mil torcedores, chutou a bola para fora."
1950,Campeonato,"O azarão da competição, no jogo do returno, garantiu a vaga na Libertadores."
1951,Treinamento,"A comissão técnica, no domingo à tarde, testou o meia na lateral."
1952,Torcida,"No estádio lotado, a charanga pediu a contratação de um centroavante."
1953,Partida,O capitão do time sofreu uma falta dura durante a pré-temporada.
1954,Imprensa,O blogueiro esportivo revelou os bastidores da negociação no estádio do rival.
1955,Partida,O lateral-esquerdo marcou de pênalti na quarta-feira à noite.
1956,Partida,O capitão do time cabeceou para o fundo da rede no jogo de ida.
1957,Campeonato,"Logo no primeiro minuto, o lanterna empatou sem gols."
1958,Campeonato,"O lanterna, na partida transmitida para todo o país, venceu o clássico regional."
1959,Partida,O lateral-esquerdo deu um carrinho perfeito no segundo tempo.
1960,Imprensa,"Fora de casa, o narrador previu uma goleada no clássico."
1961,Campeonato,O azarão da competição garantiu a permanência na primeira divisão diante de 40 mil torcedores.
1962,Categorias de base,"A escolinha de futebol, em pleno feriado, foi promovido ao elenco principal."
1963,Categorias de base,"Na estreia do campeonato, o olheiro revelou um goleiro de futuro."
1964,Treinamento,"No segundo tempo, o preparador físico planejou a recuperação dos atletas."
1965,Partida,O zagueiro marcou dois gols em meio à crise.
1966,Partida,"Sob forte chuva, o jogador reserva chutou cruzado para o gol."
1967,Treinamento,"O analista de desempenho, na quarta-feira à noite, planejou a recuperação dos atletas."
1968,Campeonato,"No jogo do centenário do clube, o clube recém-promovido empatou o jogo de ida."
1969,Mercado da bola,O gerente de futebol negociou a liberação do meia em meio à crise.
1970,Categorias de base,"A escolinha de futebol, pela primeira vez na temporada, impressionou a comissão técnica."
1971,Partida,O camisa 10 cruzou na cabeça do centroavante em meio à crise.
1972,Categorias de base,"O coordenador da base, na reta final da temporada, assinou com um clube europeu."
1973,Categorias de base,O menino da comunidade impressionou a comissão técnica aos 45 minutos do segundo tempo.
1974,Campeonato,"O time do interior, na estreia do campeonato, empatou com o rival."
1975,Arbitragem,O quarto árbitro marcou a falta na entrada da área diante de 40 mil torcedores.
1976,Treinamento,"Na estreia do campeonato, o preparador de goleiros planejou a recuperação dos atletas."
1977,Treinamento,O técnico comandou o treino tático no gramado encharcado.
1978,Mercado da bola,O investidor da SAF pagou a primeira parcela da transferência antes do intervalo.
1979,Imprensa,A coluna do jornal elogiou o trabalho do técnico no jogo do returno.
1980,Campeonato,"O clube recém-promovido, pela primeira vez na temporada, perdeu a liderança da tabela."
1981,Campeonato,O lanterna venceu a partida decisiva no confronto pela copa.
1982,Treinamento,"O analista de desempenho, na despedida do ídolo, liberou o atacante para o jogo."
1983,Torcida,O sócio-torcedor comemorou a classificação na reta final da temporada.
1984,Partida,O volante marcou o gol de empate em plena data FIFA.
1985,Treinamento,"No jogo do centenário do clube, a comissão técnica comandou o rachão."
1986,Arbitragem,"Em pleno feriado, o assistente de vídeo aplicou o cartão amarelo."
1987,Torcida,"A torcida organizada, na abertura da rodada, cantou sem parar."
1988,Arbitragem,O árbitro marcou o tiro de meta no último jogo do ano.
1989,Imprensa,"No jogo de ida, a emissora de rádio criticou a atuação do time."
1990,Mercado da bola,A diretoria pagou as luvas do reforço fora de casa.
1991,Torcida,"Depois de três derrotas seguidas, o torcedor aplaudiu a entrada do time em campo."
1992,Imprensa,A repórter de campo elogiou a estreia do reforço sob forte chuva.
1993,Treinamento,"O auxiliar técnico, na Arena da Baixada, testou o meia na lateral."
1994,Categorias de base,"Em noite de casa cheia, o olheiro disputou a semifinal do sub-20."
1995,Partida,"O volante, no jogo do returno, chutou forte de fora da área."
1996,Partida,"O lateral-esquerdo, no jogo do returno, cruzou rasteiro para o meio."
1997,Treinamento,"Na reta final da temporada, o treinador interino fechou a escalação para o clássico."
1998,Mercado da bola,"No clássico de quarta-feira, o clube árabe anunciou um patrocínio master."
1999,Treinamento,"O preparador de goleiros, fora de casa, intensificou as cobranças de pênalti."
2000,Campeonato,"No clássico de quarta-feira, o time visitante venceu o clássico regional."
2001,Mercado da bola,"O empresário, nos acréscimos, anunciou a chegada do novo técnico."
2002,Treinamento,O analista de desempenho liberou o atacante para o jogo na volta das férias.
2003,Imprensa,"Na reta final da temporada, o setorista entrevistou o técnico."
2004,Imprensa,O setorista entrevistou o capitão pela primeira vez na temporada.
2005,Torcida,"Na quarta-feira à noite, a torcida organizada lotou o estádio."
2006,Campeonato,O líder do campeonato venceu por goleada durante a pré-temporada.
2007,Partida,O atacante finalizou por cobertura em noite de casa cheia.
2008,Arbitragem,"Após o intervalo, o quarto árbitro marcou a falta na entrada da área."
2009,Categorias de base,O time sub-15 foi promovido ao elenco principal no jogo de ida.
2010,Categorias de base,"No domingo à tarde, o time sub-15 revelou um novo talento."
2011,Partida,"No gramado encharcado, o ponta-direita marcou o gol da vitória."
2012,Campeonato,O lanterna perdeu a liderança da tabela para delírio da torcida.
2013,Partida,"Fora de casa, o centroavante deu uma assistência precisa."
2014,Treinamento,O fisiologista planejou a sequência de jogos no jogo do centenário do clube.
2015,Torcida,"O sócio-torcedor, em pleno feriado, fez uma festa bonita."
2016,Arbitragem,O árbitro aplicou o cartão vermelho na noite de sábado.
2017,Categorias de base,O jovem goleiro conquistou o torneio internacional de base na estreia do campeonato.
2018,Treinamento,"Antes do intervalo, o departamento médico liberou o atacante para o jogo."
2019,Mercado da bola,"Em meio à crise, o agente do jogador recusou a oferta do rival."
2020,Imprensa,"Na final da copa, o jornalista esportivo narrou o golaço da rodada."
2021,Torcida,A torcida organizada vaiou o árbitro fora de casa.
2022,Torcida,"Logo no primeiro minuto, a torcida mandante pediu a contratação de um centroavante."
2023,Arbitragem,"Logo no primeiro minuto, o juiz da partida anulou o pênalti após revisão."
2024,Torcida,"O torcedor, em noite de casa cheia, lotou o aeroporto."
2025,Categorias de base,"No estádio do rival, a promessa do clube impressionou o técnico do profissional."
2026,Campeonato,"O lanterna, no meio da semana, eliminou o atual campeão."
2027,Imprensa,O blogueiro esportivo noticiou a venda do atacante na abertura da rodada.
2028,Arbitragem,"No jogo do returno, o quarto árbitro deu o apito final."
2029,Partida,O zagueiro finalizou rente à trave no jogo do centenário do clube.
2030,Partida,O capitão do time finalizou por cobertura diante de 40 mil torcedores.
2031,Torcida,"Fora de casa, o sócio-torcedor pediu mais raça aos jogadores."
2032,Treinamento,O coordenador técnico comandou o coletivo com os titulares na Arena da Baixada.
2033,Treinamento,"Na final da copa, o preparador físico testou três zagueiros."
2034,Partida,"O meia-armador, no último jogo do ano, cabeceou após o escanteio."
2035,Arbitragem,"Diante de 40 mil torcedores, o árbitro de vídeo ignorou as reclamações do banco."
2036,Treinamento,"O preparador físico, na quarta-feira à noite, intensificou o trabalho físico."
2037,Partida,"No jogo de ida, o meia-armador finalizou rente à trave."
2038,Campeonato,O favorito ao título conquistou a copa do estado no jogo de ida.
2039,Partida,"No segundo tempo, o atacante cruzou rasteiro para o meio."
2040,Arbitragem,"No jogo do centenário do clube, a assistente revisou o lance no monitor."
2041,Mercado da bola,"O clube árabe, no gramado encharcado, recusou a troca de jogadores."
2042,Partida,"O ponta-direita, no meio da semana, chutou forte de fora da área."
2043,Arbitragem,"O bandeirinha, no segundo tempo, marcou o pênalti."
2044,Mercado da bola,"O investidor da SAF, na partida transmitida para todo o país, anunciou o reforço para a temporada."
2045,Torcida,"A charanga, no estádio lotado, lotou a frente do centro de treinamento."
2046,Torcida,A torcida mandante lotou o estádio na abertura da rodada.
2047,Arbitragem,"O árbitro principal, diante de 40 mil torcedores, marcou o impedimento."
2048,Torcida,"Na final da copa, a arquibancada cantou o nome do ídolo."
2049,Partida,"Na despedida do ídolo, o ponta-direita chutou forte de fora da área."
2050,Arbitragem,A árbitra revisou o lance no monitor fora de casa.
2051,Mercado da bola,"Na volta das férias, a diretoria sondou um ponta do interior paulista."
2052,Mercado da bola,O gerente de futebol anunciou a chegada do novo técnico pela primeira vez na temporada.
2053,Partida,"Na quarta-feira à noite, o capitão do time marcou de falta."
2054,Campeonato,"O time visitante, no último jogo do ano, empatou o jogo de ida."
2055,Mercado da bola,O clube rival renovou o vínculo do capitão no último jogo do ano.
2056,Partida,"O lateral-esquerdo, no jogo do centenário do clube, sofreu uma lesão muscular."
2057,Imprensa,"No jogo do returno, o blogueiro esportivo noticiou a venda do atacante."
2058,Torcida,"A charanga, na partida transmitida para todo o país, comemorou o gol da virada."
2059,Treinamento,"O departamento médico, na volta das férias, fechou a escalação para o clássico."
2060,Mercado da bola,O investidor da SAF apresentou o reforço à torcida no gramado encharcado.
2061,Arbitragem,"O árbitro principal, durante a pré-temporada, deu o apito final."
2062,Campeonato,"No clássico de quarta-feira, o líder do campeonato perdeu a liderança da tabela."
2063,Campeonato,"Durante a pré-temporada, o líder do campeonato venceu a partida decisiva."
2064,Campeonato,O azarão da competição venceu o clássico regional fora de casa.
2065,Partida,"Em pleno feriado, o jogador reserva chutou a bola para fora."
2066,Torcida,A torcida visitante lotou o aeroporto diante de 40 mil torcedores.
2067,Torcida,A torcida organizada cantou sem parar na quarta-feira à noite.
2068,Torcida,A torcida mandante lotou o estádio no clássico de quarta-feira.
2069,Mercado da bola,O investidor da SAF anunciou o reforço para a temporada na final da copa.
2070,Torcida,"A torcida jovem, na volta das férias, fez uma grande recepção ao elenco."
2071,Imprensa,A coluna do jornal revelou os bastidores da negociação fora de casa.
2072,Partida,"O centroavante, para delírio da torcida, cabeceou para o fundo da rede."
2073,Treinamento,"No estádio do rival, o preparador físico fechou a escalação para o clássico."
2074,Torcida,"Diante de 40 mil torcedores, a torcida jovem fez um protesto pacífico."
2075,Imprensa,"Para delírio da torcida, o narrador narrou a virada histórica."
2076,Imprensa,A emissora de rádio previu uma goleada no clássico na despedida do ídolo.
2077,Treinamento,"O coordenador técnico, na Arena da Baixada, testou o meia na lateral."
2078,Arbitragem,"A assistente, fora de casa, anulou o gol por falta no goleiro."
2079,Torcida,O sócio-torcedor fez um mosaico gigante em meio à crise.
2080,Torcida,"O sócio-torcedor, na quarta-feira à noite, aplaudiu o goleiro."
2081,Categorias de base,A promessa do clube estreou na seleção de base em meio à crise.
2082,Torcida,A torcida visitante comemorou o título estadual no jogo do centenário do clube.
2083,Arbitragem,"Durante a pré-temporada, o árbitro de vídeo ignorou as reclamações do banco."
2084,Treinamento,"No jogo do centenário do clube, o coordenador técnico liberou o lateral após exames."
2085,Partida,"O lateral-esquerdo, no estádio lotado, marcou um golaço."
2086,Imprensa,"Para delírio da torcida, a emissora de rádio criticou a atuação do time."
2087,Imprensa,O comentarista elogiou a estreia do reforço no último jogo do ano.
2088,Partida,"O jogador reserva, em plena data FIFA, cabeceou no canto do goleiro."
2089,Imprensa,"Depois de três derrotas seguidas, o jornalista esportivo previu o título do líder."
2090,Arbitragem,O quarto árbitro marcou o pênalti no domingo à tarde.
2091,Campeonato,O lanterna garantiu a classificação para as quartas na quarta-feira à noite.
2092,Campeonato,"O lanterna, na decisão do estadual, garantiu a classificação para as quartas."
2093,Mercado da bola,"Pela primeira vez na temporada, a diretoria recusou a oferta do rival."
2094,Partida,"O volante, na final da copa, chutou cruzado para o gol."
2095,Mercado da bola,"O investidor da SAF, pela primeira vez na temporada, recusou a oferta do rival."
2096,Arbitragem,"O árbitro principal, no confronto pela copa, expulsou o técnico."
2097,Campeonato,"Em meio à crise, o vice-líder conquistou o título nacional."
2098,Torcida,A charanga comemorou o acesso à primeira divisão na reta final da temporada.
2099,Categorias de base,O olheiro impressionou os olheiros europeus antes do intervalo.
2100,Arbitragem,"Logo no primeiro minuto, o bandeirinha marcou o pênalti."
2101,Treinamento,"O coordenador técnico, no segundo tempo, liberou o lateral após exames."
2102,Imprensa,"O setorista, no gramado encharcado, previu uma goleada no clássico."
2103,Partida,"No último jogo do ano, o zagueiro chutou forte de fora da área."
2104,Arbitragem,"A árbitra, no jogo de ida, deu o apito final."
2105,Torcida,"No estádio do rival, a torcida organizada aplaudiu o goleiro."
2106,Arbitragem,"O árbitro, no confronto pela copa, anulou o gol por impedimento."
2107,Treinamento,"Em meio à crise, o treinador interino intensificou os treinos de finalização."
2108,Treinamento,"Na decisão do estadual, o auxiliar técnico comandou o coletivo com os titulares."
2109,Campeonato,"Em plena data FIFA, o líder do campeonato conquistou o título nacional."
2110,Categorias de base,O olheiro conquistou o título estadual juvenil diante de 40 mil torcedores.
2111,Partida,"Em pleno feriado, o capitão do time finalizou por cobertura."
2112,Torcida,O grupo de torcedores cantou durante os noventa minutos aos 45 minutos do segundo tempo.
2113,Arbitragem,A árbitra ignorou as reclamações do banco na final da copa.
2114,Partida,"O centroavante, após o intervalo, marcou um golaço."
2115,Torcida,"No meio da semana, a arquibancada vaiou o jogador adversário."
2116,Imprensa,"No jogo do centenário do clube, a coluna do jornal noticiou a lesão do artilheiro."
2117,Campeonato,"No segundo tempo, o time visitante venceu o confronto direto."
2118,Treinamento,"No clássico de quarta-feira, a comissão técnica comandou o rachão."
2119,Partida,"O lateral-esquerdo, no domingo à tarde, deu um carrinho perfeito."
2120,Mercado da bola,"Após o intervalo, o empresário anunciou o reforço para a temporada."
2121,Arbitragem,"Em pleno feriado, o assistente de vídeo deu o apito final."
2122,Arbitragem,"Pela primeira vez na temporada, o bandeirinha deu seis minutos de acréscimo."
2123,Arbitragem,"Em meio à crise, a árbitra marcou um escanteio duvidoso."
2124,Partida,"O centroavante, na rodada de domingo, sofreu uma falta dura."
2125,Categorias de base,"O garoto da base, na Arena da Baixada, impressionou o técnico do profissional."
2126,Campeonato,O clube recém-promovido empatou com o rival aos 45 minutos do segundo tempo.
2127,Partida,O volante cabeceou no canto do goleiro para delírio da torcida.
2128,Partida,"Depois de três derrotas seguidas, o lateral-esquerdo cruzou na cabeça do centroavante."
2129,Arbitragem,"Após o intervalo, o quarto árbitro aplicou o cartão vermelho."
2130,Categorias de base,"Pela primeira vez na temporada, o coordenador da base assinou com um clube europeu."
2131,Treinamento,"Pela primeira vez na temporada, o analista de desempenho comandou a atividade de finalização."
2132,Partida,O ponta-direita finalizou com o pé esquerdo na despedida do ídolo.
2133,Campeonato,"No segundo tempo, o azarão da competição assumiu a vice-liderança."
2134,Torcida,"A torcida mandante, diante de 40 mil torcedores, comemorou o título estadual."
2135,Imprensa,"Logo no primeiro minuto, o canal de esportes noticiou a crise no vestiário."
2136,Torcida,"Na final da copa, a torcida mandante comemorou o acesso à primeira divisão."
2137,Mercado da bola,"O clube rival, diante de 40 mil torcedores, negociou a contratação do volante."
2138,Partida,O atacante perdeu a chance de empatar em pleno feriado.
2139,Partida,"Na decisão do estadual, o zagueiro finalizou por cobertura."
2140,Arbitragem,"No gramado encharcado, o assistente de vídeo revisou a jogada do gol."
2141,Torcida,"A torcida mandante, depois de três derrotas seguidas, comemorou a classificação."
2142,Partida,"Em plena data FIFA, o camisa 10 deu um carrinho perfeito."
2143,Imprensa,"O jornalista esportivo, na abertura da rodada, revelou os bastidores da negociação."
2144,Campeonato,"Em pleno feriado, o vice-líder venceu o clássico regional."
2145,Arbitragem,"No meio da semana, o juiz da partida marcou o pênalti."
2146,Partida,"O ponta-direita, na partida transmitida para todo o país, chutou a bola para fora."
2147,Torcida,A torcida jovem pediu mais raça aos jogadores na abertura da rodada.
2148,Mercado da bola,"O presidente do clube, após o intervalo, negociou a liberação do meia."
2149,Mercado da bola,"O agente do jogador, na despedida do ídolo, anunciou o reforço para a temporada."
2150,Campeonato,"O clube recém-promovido, no clássico de quarta-feira, conquistou a copa do estado."
2151,Treinamento,"O preparador de goleiros, na partida transmitida para todo o país, intensificou o trabalho físico."
2152,Imprensa,"A coluna do jornal, na rodada de domingo, revelou os bastidores da negociação."
2153,Arbitragem,"Em meio à crise, a equipe de arbitragem expulsou o técnico."
2154,Mercado da bola,"O clube rival, no confronto pela copa, negociou a contratação do volante."
2155,Categorias de base,"Na reta final da temporada, o jovem goleiro revelou um novo talento."
2156,Imprensa,"Na Arena da Baixada, a repórter de campo revelou o novo patrocinador."
2157,Torcida,A charanga lotou a frente do centro de treinamento no jogo de ida.
2158,Partida,O zagueiro sofreu um pênalti na estreia do campeonato.
2159,Arbitragem,O árbitro de vídeo deu seis minutos de acréscimo na partida transmitida para todo o país.
2160,Campeonato,"Pela primeira vez na temporada, o vice-líder venceu por goleada."
2161,Imprensa,"Na quarta-feira à noite, a coluna do jornal elogiou a postura do time."
2162,Mercado da bola,"Na partida transmitida para todo o país, o clube árabe renovou o contrato do artilheiro."
2163,Categorias de base,O olheiro estreou com gol na volta das férias.
2164,Mercado da bola,O diretor de futebol recusou a oferta do rival para delírio da torcida.
2165,Imprensa,O blogueiro esportivo criticou o esquema tático no jogo do centenário do clube.
2166,Mercado da bola,O diretor de futebol anunciou a chegada do novo técnico na estreia do campeonato.
2167,Imprensa,"Antes do intervalo, o blogueiro esportivo narrou o golaço da rodada."
2168,Treinamento,O fisiologista planejou a pré-temporada na rodada de domingo.
2169,Partida,O lateral-esquerdo cabeceou após o escanteio no estádio lotado.
2170,Imprensa,"O jornalista esportivo, sob forte chuva, entrevistou o presidente do clube."
2171,Imprensa,"O canal de esportes, na reta final da temporada, criticou a atuação do time."
2172,Arbitragem,"O árbitro principal, no jogo do returno, anulou o gol por falta no goleiro."
2173,Campeonato,"Na partida transmitida para todo o país, o azarão da competição perdeu a final nos pênaltis."
2174,Arbitragem,"A assistente, no jogo de ida, anulou o gol por falta no goleiro."
2175,Torcida,A torcida mandante comemorou o título estadual na quarta-feira à noite.
2176,Mercado da bola,"O clube rival, no clássico de quarta-feira, anunciou o reforço para a temporada."
2177,Torcida,"A arquibancada, após o intervalo, lotou o estádio."
2178,Mercado da bola,"O investidor da SAF, na rodada de domingo, recusou uma proposta milionária."
2179,Imprensa,"O setorista, na quarta-feira à noite, narrou a virada histórica."
2180,Mercado da bola,"Depois de três derrotas seguidas, o agente do jogador pagou a multa rescisória."
2181,Arbitragem,"O árbitro principal, na estreia do campeonato, expulsou o zagueiro."
2182,Campeonato,"Em meio à crise, o lanterna garantiu a permanência na primeira divisão."
2183,Treinamento,"O preparador de goleiros, no último jogo do ano, comandou o treino tático."
2184,Mercado da bola,"Na abertura da rodada, a diretoria apresentou o reforço à torcida."
2185,Campeonato,O time do interior venceu o clássico regional após o intervalo.
2186,Categorias de base,A promessa do clube revelou um novo talento no estádio lotado.
2187,Partida,"O meia-armador, no estádio do rival, marcou dois gols."
2188,Imprensa,"Em meio à crise, o setorista entrevistou o autor do gol."
2189,Imprensa,"Na partida transmitida para todo o país, a emissora de rádio entrevistou o capitão."
2190,Categorias de base,"Na despedida do ídolo, a promessa do clube conquistou o torneio internacional de base."
2191,Campeonato,"O líder do campeonato, no jogo do returno, perdeu a final nos pênaltis."
2192,Partida,"Depois de três derrotas seguidas, o camisa 10 marcou um golaço."
2193,Treinamento,"Na abertura da rodada, o fisiologista intensificou os treinos de finalização."
2194,Treinamento,O coordenador técnico comandou o treino tático em meio à crise.
2195,Imprensa,A coluna do jornal entrevistou o autor do gol na noite de sábado.
2196,Partida,"Na noite de sábado, o volante marcou de falta."
2197,Imprensa,A emissora de rádio noticiou a crise no vestiário no gramado encharcado.
2198,Imprensa,"No clássico de quarta-feira, o comentarista narrou o golaço da rodada."
2199,Partida,O zagueiro perdeu um gol feito no último jogo do ano.
2200,Treinamento,O coordenador técnico liberou o atacante para o jogo aos 45 minutos do segundo tempo.
2201,Partida,"O jogador reserva, fora de casa, sofreu uma falta dura."
2202,Campeonato,"O time do interior, fora de casa, conquistou o acesso à Série A."
2203,Imprensa,"O canal de esportes, na abertura da rodada, entrevistou o autor do gol."
2204,Treinamento,"O coordenador técnico, para delírio da torcida, liberou o elenco para o fim de semana."
2205,Treinamento,"Fora de casa, o preparador de goleiros comandou a atividade de finalização."
2206,Partida,O centroavante cabeceou por cima do travessão na despedida do ídolo.
2207,Categorias de base,"Antes do intervalo, o olheiro conquistou o título estadual juvenil."
2208,Imprensa,A emissora de rádio previu o rebaixamento do clube aos 45 minutos do segundo tempo.
2209,Campeonato,"O time do interior, fora de casa, empatou com o rival."
2210,Arbitragem,"No meio da semana, o árbitro de vídeo expulsou o volante adversário."
2211,Partida,O centroavante chutou a bola no ângulo no jogo do centenário do clube.
2212,Torcida,"A arquibancada, nos acréscimos, pediu a saída do técnico."
2213,Partida,"Depois de três derrotas seguidas, o centroavante finalizou por cobertura."
2214,Torcida,"A torcida jovem, na abertura da rodada, lotou a frente do centro de treinamento."
2215,Treinamento,"No último jogo do ano, a comissão técnica intensificou os treinos de finalização."
2216,Torcida,"A charanga, na abertura da rodada, comemorou o título estadual."
2217,Imprensa,A emissora de rádio narrou a virada histórica na despedida do ídolo.
2218,Torcida,"Na final da copa, o grupo de torcedores cantou o hino do clube."
2219,Arbitragem,O bandeirinha marcou o tiro de meta após o intervalo.
2220,Torcida,"O grupo de torcedores, diante de 40 mil torcedores, comemorou o título estadual."
2221,Treinamento,"O departamento médico, antes do intervalo, testou o meia na lateral."
2222,Imprensa,"O blogueiro esportivo, no último jogo do ano, criticou o esquema tático."
2223,Partida,"O atacante, em plena data FIFA, cruzou para a área."
2224,Partida,"Após o intervalo, o centroavante cabeceou após o escanteio."
2225,Partida,O zagueiro cruzou para a área após o intervalo.
2226,Categorias de base,"O jovem goleiro, em plena data FIFA, conquistou o título estadual juvenil."
2227,Mercado da bola,"O agente do jogador, em meio à crise, sondou um zagueiro do futebol argentino."
2228,Treinamento,O coordenador técnico fechou a escalação para o clássico em noite de casa cheia.
2229,Arbitragem,O árbitro de vídeo marcou um escanteio duvidoso logo no primeiro minuto.
2230,Torcida,A torcida visitante cantou o nome do ídolo no clássico de quarta-feira.
2231,Treinamento,O auxiliar técnico ajustou a marcação por pressão nos acréscimos.
2232,Campeonato,O time da casa venceu o confronto direto fora de casa.
2233,Imprensa,"Após o intervalo, a emissora de rádio noticiou a demissão do treinador."
2234,Partida,"No domingo à tarde, o jogador reserva finalizou na trave."
2235,Campeonato,"O atual campeão, em meio à crise, empatou o jogo de ida."
2236,Torcida,A torcida mandante vaiou o jogador adversário em plena data FIFA.
2237,Categorias de base,"O garoto da base, na abertura da rodada, impressionou a comissão técnica."
2238,Imprensa,"Depois de três derrotas seguidas, o comentarista entrevistou o autor do gol."
2239,Arbitragem,A árbitra aplicou o cartão vermelho em pleno feriado.
2240,Torcida,"No jogo do centenário do clube, a torcida visitante fez um mosaico gigante."
2241,Arbitragem,"O assistente de vídeo, pela primeira vez na temporada, marcou o pênalti."
2242,Categorias de base,"Na reta final da temporada, o coordenador da base estreou no time profissional."
2243,Treinamento,"No estádio lotado, o fisiologista liberou o elenco para o fim de semana."
2244,Arbitragem,O bandeirinha ignorou o toque de mão sob forte chuva.
2245,Treinamento,"No clássico de quarta-feira, a comissão técnica intensificou os treinos de finalização."
2246,Campeonato,O atual campeão eliminou o favorito ao título em noite de casa cheia.
2247,Treinamento,O analista de desempenho ajustou a marcação por pressão no estádio do rival.
2248,Mercado da bola,"O investidor da SAF, logo no primeiro minuto, pagou a multa rescisória."
2249,Treinamento,O fisiologista fechou a escalação para o clássico na partida transmitida para todo o país.
2250,Torcida,"A torcida mandante, no domingo à tarde, aplaudiu a entrada do time em campo."
2251,Partida,"No último jogo do ano, o ponta-direita finalizou rente à trave."
2252,Treinamento,O auxiliar técnico testou três zagueiros na noite de sábado.
2253,Treinamento,O técnico testou o meia na lateral nos acréscimos.
2254,Campeonato,"Depois de três derrotas seguidas, o vice-líder eliminou o atual campeão."
2255,Arbitragem,"A assistente, no domingo à tarde, revisou a jogada do gol."
2256,Campeonato,O azarão da competição garantiu a vaga na Libertadores durante a pré-temporada.
2257,Torcida,"O grupo de torcedores, na quarta-feira à noite, fez um mosaico gigante."
2258,Imprensa,"Logo no primeiro minuto, a repórter de campo noticiou a demissão do treinador."
2259,Mercado da bola,O clube rival renovou o vínculo do capitão no meio da semana.
2260,Categorias de base,A escolinha de futebol assinou o primeiro contrato profissional nos acréscimos.
2261,Imprensa,"No jogo do returno, o comentarista noticiou a demissão do treinador."
2262,Mercado da bola,"O clube árabe, depois de três derrotas seguidas, anunciou a chegada do novo técnico."
2263,Categorias de base,"No jogo de ida, o menino da comunidade disputou a semifinal do sub-20."
2264,Categorias de base,O treinador do sub-17 conquistou a Copinha no meio da semana.
2265,Mercado da bola,O diretor de futebol anunciou a saída do capitão em pleno feriado.
2266,Torcida,"Após o intervalo, a arquibancada comemorou a classificação."
2267,Categorias de base,O menino da comunidade revelou um lateral promissor logo no primeiro minuto.
2268,Arbitragem,"O assistente de vídeo, no clássico de quarta-feira, ignorou as reclamações do banco."
2269,Categorias de base,"No jogo de ida, o olheiro conquistou o torneio internacional de base."
2270,Torcida,"O torcedor mais antigo do clube, durante a pré-temporada, fez um mosaico gigante."
2271,Categorias de base,A escolinha de futebol conquistou o torneio internacional de base no estádio lotado.
2272,Campeonato,"Na volta das férias, o time da casa garantiu a permanência na primeira divisão."
2273,Categorias de base,"O jovem goleiro, na estreia do campeonato, conquistou o torneio internacional de base."
2274,Campeonato,O favorito ao título empatou o jogo de ida durante a pré-temporada.
2275,Campeonato,"No estádio lotado, o líder do campeonato empatou sem gols."
2276,Arbitragem,"A equipe de arbitragem, depois de três derrotas seguidas, marcou o tiro de meta."
2277,Mercado da bola,O investidor da SAF negociou a venda do jovem atacante fora de casa.
2278,Partida,"O ponta-direita, diante de 40 mil torcedores, finalizou de primeira."
2279,Campeonato,"No gramado encharcado, o favorito ao título garantiu a classificação para as quartas."
2280,Torcida,"Na quarta-feira à noite, a torcida mandante lotou o estádio."
2281,Categorias de base,"O jovem goleiro, na partida transmitida para todo o país, conquistou a Copinha."
2282,Arbitragem,O árbitro anulou o gol por impedimento na reta final da temporada.
2283,Torcida,"Na Arena da Baixada, o sócio-torcedor vaiou o árbitro."
2284,Partida,"O meia-armador, na rodada de domingo, marcou um golaço."
2285,Treinamento,"O departamento médico, em noite de casa cheia, testou três zagueiros."
2286,Torcida,"A torcida visitante, na rodada de domingo, aplaudiu o elenco após a derrota."
2287,Torcida,"A charanga, no domingo à tarde, cantou o nome do ídolo."
2288,Categorias de base,O olheiro assinou com um clube europeu na despedida do ídolo.
2289,Categorias de base,"O menino da comunidade, na noite de sábado, assinou com um clube europeu."
2290,Torcida,A charanga comemorou o título estadual durante a pré-temporada.
2291,Arbitragem,O assistente de vídeo marcou o impedimento no meio da semana.
2292,Imprensa,"Fora de casa, o jornalista esportivo narrou a virada histórica."
2293,Treinamento,"Para delírio da torcida, o preparador de goleiros testou um novo esquema tático."
2294,Treinamento,O coordenador técnico comandou a atividade de finalização sob forte chuva.
2295,Campeonato,"O vice-líder, na Arena da Baixada, venceu a partida decisiva."
2296,Treinamento,O treinador interino intensificou as cobranças de pênalti antes do intervalo.
2297,Partida,O zagueiro sofreu um pênalti em pleno feriado.
2298,Arbitragem,"O árbitro, na partida transmitida para todo o país, deu o apito final."
2299,Campeonato,"O favorito ao título, durante a pré-temporada, perdeu a final nos pênaltis."
2300,Categorias de base,"No clássico de quarta-feira, o olheiro revelou um goleiro de futuro."
2301,Campeonato,"O time visitante, na reta final da temporada, empatou sem gols."
2302,Arbitragem,"O quarto árbitro, após o intervalo, anulou o pênalti após revisão."
2303,Imprensa,O blogueiro esportivo entrevistou o presidente do clube no clássico de quarta-feira.
2304,Partida,"No gramado encharcado, o ponta-direita cabeceou após o escanteio."
2305,Imprensa,O setorista noticiou a demissão do treinador aos 45 minutos do segundo tempo.
2306,Partida,"O volante, na rodada de domingo, cabeceou para o fundo da rede."
2307,Arbitragem,"No jogo do returno, o árbitro ignorou o toque de mão."
2308,Campeonato,"O clube recém-promovido, aos 45 minutos do segundo tempo, empatou o jogo de ida."
2309,Categorias de base,"Antes do intervalo, o time sub-15 estreou com gol."
2310,Treinamento,"Para delírio da torcida, o departamento médico intensificou o trabalho físico."
2311,Arbitragem,A equipe de arbitragem revisou a jogada do gol fora de casa.
2312,Imprensa,"Logo no primeiro minuto, o blogueiro esportivo revelou o novo patrocinador."
2313,Campeonato,"O time da casa, na noite de sábado, conquistou a copa do estado."
2314,Partida,"O lateral-esquerdo, logo no primeiro minuto, cruzou para a área."
2315,Categorias de base,"Logo no primeiro minuto, a promessa do clube foi promovido ao elenco principal."
2316,Treinamento,"Na Arena da Baixada, o preparador físico planejou a sequência de jogos."
2317,Mercado da bola,"Em plena data FIFA, o agente do jogador pagou a primeira parcela da transferência."
2318,Mercado da bola,"No gramado encharcado, o clube europeu anunciou um patrocínio master."
2319,Treinamento,O fisiologista liberou o lateral após exames durante a pré-temporada.
2320,Categorias de base,"O jovem goleiro, no segundo tempo, impressionou a comissão técnica."
2321,Arbitragem,"Na partida transmitida para todo o país, o assistente de vídeo revisou o lance no monitor."
2322,Treinamento,A comissão técnica planejou a sequência de jogos no jogo de ida.
2323,Partida,O ponta-direita cabeceou no canto do goleiro no segundo tempo.
2324,Partida,"O centroavante, depois de três derrotas seguidas, cabeceou para o fundo da rede."
2325,Categorias de base,"No confronto pela copa, o garoto da base estreou no time profissional."
2326,Imprensa,"Pela primeira vez na temporada, o blogueiro esportivo criticou a arbitragem."
2327,Arbitragem,"O bandeirinha, no confronto pela copa, aplicou o cartão amarelo."
2328,Partida,"No último jogo do ano, o centroavante finalizou com o pé esquerdo."
2329,Categorias de base,O treinador do sub-17 conquistou o torneio internacional de base na decisão do estadual.
2330,Partida,"No gramado encharcado, o volante perdeu a chance de empatar."
2331,Mercado da bola,O agente do jogador anunciou um patrocínio master depois de três derrotas seguidas.
2332,Campeonato,O time do interior assumiu a liderança da tabela aos 45 minutos do segundo tempo.
2333,Partida,"O centroavante, no segundo tempo, deu um drible desconcertante."
2334,Torcida,"Após o intervalo, a torcida jovem aplaudiu o goleiro."
2335,Arbitragem,"Na estreia do campeonato, o juiz da partida revisou a jogada do gol."
2336,Campeonato,"O time da casa, na noite de sábado, conquistou o acesso à Série A."
2337,Mercado da bola,"O clube árabe, na abertura da rodada, recusou a troca de jogadores."
2338,Arbitragem,"Em pleno feriado, o assistente de vídeo ignorou as reclamações do banco."
2339,Torcida,"Depois de três derrotas seguidas, a charanga comemorou a classificação."
2340,Torcida,"Para delírio da torcida, a arquibancada pediu a contratação de um centroavante."
2341,Imprensa,"A repórter de campo, na decisão do estadual, entrevistou o presidente do clube."
2342,Imprensa,A coluna do jornal criticou o esquema tático na rodada de domingo.
2343,Arbitragem,O árbitro aplicou a lei da vantagem na noite de sábado.
2344,Partida,"No meio da semana, o atacante sofreu um pênalti."
2345,Imprensa,"Para delírio da torcida, a coluna do jornal narrou a virada histórica."
2346,Arbitragem,"O bandeirinha, após o intervalo, revisou o toque de mão."
2347,Torcida,"O torcedor, em noite de casa cheia, pediu a contratação de um centroavante."
2348,Mercado da bola,"O gerente de futebol, após o intervalo, recusou uma proposta milionária."
2349,Arbitragem,O árbitro deu o apito final sob forte chuva.
2350,Categorias de base,O time sub-15 disputou a peneira regional na Arena da Baixada.
2351,Mercado da bola,O empresário renovou o contrato do artilheiro no segundo tempo.
2352,Arbitragem,"O bandeirinha, na noite de sábado, anulou o gol por impedimento."
2353,Treinamento,"O departamento médico, para delírio da torcida, testou três zagueiros."
2354,Mercado da bola,"Sob forte chuva, o clube europeu sondou um ponta do interior paulista."
2355,Categorias de base,"Em pleno feriado, o coordenador da base disputou a semifinal do sub-20."
2356,Categorias de base,"O olheiro, na estreia do campeonato, foi promovido ao time sub-20."
2357,Categorias de base,"No clássico de quarta-feira, o jovem goleiro disputou a semifinal do sub-20."
2358,Partida,O meia-armador finalizou de primeira para delírio da torcida.
2359,Categorias de base,"O menino da comunidade, na rodada de domingo, disputou a final do sub-17."
2360,Mercado da bola,"Na reta final da temporada, o clube rival sondou um ponta do interior paulista."
2361,Partida,"No gramado encharcado, o centroavante deu uma assistência precisa."
2362,Arbitragem,O árbitro marcou o pênalti na partida transmitida para todo o país.
2363,Campeonato,O time da casa empatou sem gols no último jogo do ano.
2364,Arbitragem,"No domingo à tarde, o árbitro marcou a falta na entrada da área."
2365,Treinamento,"O auxiliar técnico, no jogo do returno, planejou a pré-temporada."
2366,Partida,"O atacante, na noite de sábado, marcou de pênalti."
2367,Torcida,A torcida visitante fez um mosaico gigante em noite de casa cheia.
2368,Treinamento,"Em pleno feriado, o preparador físico intensificou o trabalho físico."
2369,Partida,"O ponta-direita, no jogo do centenário do clube, chutou forte de fora da área."
2370,Imprensa,"Fora de casa, o jornalista esportivo elogiou a estreia do reforço."
2371,Arbitragem,A assistente ignorou as reclamações do banco em noite de casa cheia.
2372,Treinamento,"Na noite de sábado, o preparador de goleiros comandou o rachão."
2373,Categorias de base,"Na abertura da rodada, o coordenador da base revelou um lateral promissor."
2374,Mercado da bola,"Na noite de sábado, o investidor da SAF apresentou o novo uniforme."
2375,Imprensa,"O blogueiro esportivo, na despedida do ídolo, narrou o golaço da rodada."
2376,Partida,"O atacante, na decisão do estadual, marcou dois gols."
2377,Categorias de base,"Em plena data FIFA, a escolinha de futebol assinou o primeiro contrato profissional."
2378,Mercado da bola,"O investidor da SAF, para delírio da torcida, sondou um zagueiro do futebol argentino."
2379,Partida,"O atacante, no confronto pela copa, finalizou na trave."
2380,Partida,O lateral-esquerdo perdeu o pênalti na partida transmitida para todo o país.
2381,Partida,"No meio da semana, o volante perdeu o pênalti."
2382,Partida,O camisa 10 finalizou de primeira em pleno feriado.
2383,Categorias de base,"O olheiro, depois de três derrotas seguidas, estreou no time profissional."
2384,Partida,"O zagueiro, na despedida do ídolo, sofreu um pênalti."
2385,Imprensa,"O jornalista esportivo, no jogo de ida, revelou a escalação do clássico."
2386,Arbitragem,"No jogo do centenário do clube, o assistente de vídeo expulsou o técnico."
2387,Imprensa,"O setorista, em plena data FIFA, previu o título do líder."
2388,Partida,"Fora de casa, o centroavante sofreu uma falta dura."
2389,Partida,"Na abertura da rodada, o camisa 10 cabeceou após o escanteio."
2390,Partida,O camisa 10 marcou um golaço na quarta-feira à noite.
2391,Mercado da bola,"Depois de três derrotas seguidas, o diretor de futebol anunciou a saída do capitão."
2392,Partida,"O volante, nos acréscimos, marcou dois gols."
2393,Categorias de base,"Na Arena da Baixada, o menino da comunidade estreou com gol."
2394,Partida,"O camisa 10, na decisão do estadual, cabeceou por cima do travessão."
2395,Imprensa,O comentarista criticou o esquema tático no clássico de quarta-feira.
2396,Partida,O capitão do time chutou a bola para fora na reta final da temporada.
2397,Treinamento,"Antes do intervalo, o analista de desempenho intensificou os treinos de finalização."
2398,Categorias de base,"No último jogo do ano, o menino da comunidade disputou a semifinal do sub-20."
2399,Partida,"O volante, diante de 40 mil torcedores, marcou o gol de empate."
2400,Torcida,A torcida mandante vaiou o jogador adversário nos acréscimos.
2401,Categorias de base,"O coordenador da base, na rodada de domingo, foi promovido ao elenco principal."
2402,Campeonato,"Na reta final da temporada, o time da casa venceu por goleada."
2403,Imprensa,"O comentarista, depois de três derrotas seguidas, criticou a arbitragem."
2404,Torcida,"Para delírio da torcida, a torcida organizada fez uma festa bonita."
2405,Mercado da bola,O diretor de futebol recusou a troca de jogadores na reta final da temporada.
2406,Torcida,"Na Arena da Baixada, a torcida mandante aplaudiu a entrada do time em campo."
2407,Torcida,"No estádio lotado, a charanga lotou a frente do centro de treinamento."
2408,Partida,"O zagueiro, na abertura da rodada, cruzou na cabeça do centroavante."
2409,Treinamento,"O técnico, na decisão do estadual, ajustou a saída de bola."
2410,Treinamento,"No meio da semana, o treinador interino fechou o treino à imprensa."
2411,Partida,O zagueiro cabeceou no canto do goleiro em noite de casa cheia.
2412,Torcida,A torcida mandante aplaudiu o goleiro no jogo do returno.
2413,Partida,"O zagueiro, na rodada de domingo, marcou o gol de empate."
2414,Arbitragem,"No estádio lotado, o assistente de vídeo aplicou o cartão vermelho."
2415,Mercado da bola,"O agente do jogador, na reta final da temporada, pagou a primeira parcela da transferência."
2416,Mercado da bola,O presidente do clube pagou a multa rescisória aos 45 minutos do segundo tempo.
2417,Mercado da bola,O empresário negociou a liberação do meia aos 45 minutos do segundo tempo.
2418,Treinamento,"Na volta das férias, o treinador interino testou o jovem da base no time titular."
2419,Imprensa,"O blogueiro esportivo, na despedida do ídolo, entrevistou o autor do gol."
2420,Mercado da bola,"A diretoria, em pleno feriado, negociou a venda do jovem atacante."
2421,Imprensa,O blogueiro esportivo entrevistou o presidente do clube no confronto pela copa.
2422,Categorias de base,O menino da comunidade estreou na seleção de base durante a pré-temporada.
2423,Partida,"O ponta-direita, no meio da semana, marcou de falta."
2424,Treinamento,"A comissão técnica, durante a pré-temporada, liberou o elenco para o fim de semana."
2425,Categorias de base,O treinador do sub-17 impressionou o técnico do profissional na estreia do campeonato.
2426,Treinamento,"Na estreia do campeonato, o auxiliar técnico liberou o lateral após exames."
2427,Campeonato,"O favorito ao título, durante a pré-temporada, perdeu a invencibilidade."
2428,Partida,O meia-armador chutou a bola no ângulo em plena data FIFA.
2429,Partida,"Na decisão do estadual, o capitão do time cabeceou para o fundo da rede."
2430,Arbitragem,A árbitra deu o apito final no jogo do returno.
2431,Treinamento,"O auxiliar técnico, na estreia do campeonato, fechou a escalação para o clássico."
2432,Torcida,"O torcedor mais antigo do clube, em plena data FIFA, comemorou o acesso à primeira divisão."
2433,Arbitragem,"No meio da semana, o árbitro de vídeo expulsou o técnico."
2434,Partida,O meia-armador perdeu um gol feito na Arena da Baixada.
2435,Partida,"No jogo de ida, o meia-armador marcou o gol de empate."
2436,Partida,"O atacante, na quarta-feira à noite, chutou forte de fora da área."
2437,Torcida,"O sócio-torcedor, no jogo do centenário do clube, vaiou o time na saída de campo."
2438,Partida,O camisa 10 sofreu uma falta dura diante de 40 mil torcedores.
2439,Torcida,A torcida jovem vaiou o time na saída de campo no domingo à tarde.
2440,Mercado da bola,"Em noite de casa cheia, o clube europeu renovou o contrato do goleiro."
2441,Torcida,O torcedor mais antigo do clube fez uma grande recepção ao elenco no segundo tempo.
2442,Partida,O zagueiro cruzou rasteiro para o meio na rodada de domingo.
2443,Partida,O volante chutou a bola para fora em pleno feriado.
2444,Campeonato,O vice-líder eliminou o favorito ao título logo no primeiro minuto.
2445,Arbitragem,A árbitra deu o apito final nos acréscimos.
2446,Partida,O atacante chutou a bola para fora na noite de sábado.
2447,Imprensa,"Na quarta-feira à noite, o setorista elogiou a estreia do reforço."
2448,Torcida,O grupo de torcedores lotou o estádio em meio à crise.
2449,Partida,O atacante cabeceou no canto do goleiro no meio da semana.
2450,Partida,O atacante marcou o gol de empate antes do intervalo.
2451,Arbitragem,"O assistente de vídeo, na despedida do ídolo, marcou um escanteio duvidoso."
2452,Torcida,O torcedor comemorou o acesso à primeira divisão no estádio lotado.
2453,Treinamento,"Na rodada de domingo, o preparador físico fechou a escalação para o clássico."
2454,Torcida,"A torcida mandante, aos 45 minutos do segundo tempo, cantou sem parar."
2455,Categorias de base,"Em pleno feriado, o coordenador da base revelou um lateral promissor."
2456,Treinamento,"O analista de desempenho, no confronto pela copa, fechou a escalação para o clássico."
2457,Partida,"Em noite de casa cheia, o meia-armador deu um carrinho perfeito."
2458,Campeonato,O azarão da competição assumiu a vice-liderança nos acréscimos.
2459,Treinamento,"Antes do intervalo, o fisiologista liberou o elenco para o fim de semana."
2460,Mercado da bola,O diretor de futebol recusou a oferta do rival no confronto pela copa.
2461,Partida,O ponta-direita perdeu o pênalti na estreia do campeonato.
2462,Arbitragem,"A equipe de arbitragem, na decisão do estadual, deu o apito final."
2463,Arbitragem,"O árbitro de vídeo, no jogo do centenário do clube, marcou um escanteio duvidoso."
2464,Torcida,"Para delírio da torcida, a torcida visitante comemorou a classificação."
2465,Campeonato,O atual campeão empatou com o rival na Arena da Baixada.
2466,Imprensa,"Fora de casa, o narrador revelou os bastidores da negociação."
2467,Torcida,A torcida jovem cantou sem parar no jogo do centenário do clube.
2468,Partida,O volante finalizou de primeira na rodada de domingo.
2469,Partida,O meia-armador marcou de falta na final da copa.
2470,Partida,"Sob forte chuva, o jogador reserva marcou o gol da vitória."
2471,Treinamento,"A comissão técnica, durante a pré-temporada, planejou a pré-temporada."
2472,Treinamento,"O analista de desempenho, na rodada de domingo, planejou a recuperação dos atletas."
2473,Partida,"Pela primeira vez na temporada, o zagueiro deu um carrinho perfeito."
2474,Mercado da bola,O clube europeu anunciou um patrocínio master no estádio do rival.
2475,Categorias de base,O garoto da base assinou com um clube europeu na partida transmitida para todo o país.
2476,Partida,O ponta-direita chutou a bola para fora depois de três derrotas seguidas.
2477,Categorias de base,"Na rodada de domingo, o time sub-15 assinou com um clube europeu."
2478,Torcida,"Diante de 40 mil torcedores, a torcida organizada vaiou o time na saída de campo."
2479,Categorias de base,"Depois de três derrotas seguidas, o time sub-15 disputou a peneira regional."
2480,Imprensa,"O comentarista, no estádio do rival, entrevistou o autor do gol."
2481,Campeonato,"O time do interior, no jogo do returno, empatou com o rival."
2482,Campeonato,"O atual campeão, no meio da semana, venceu o confronto direto."
2483,Treinamento,"O treinador interino, depois de três derrotas seguidas, testou três zagueiros."
2484,Treinamento,O coordenador técnico fechou a escalação para o clássico durante a pré-temporada.
2485,Partida,"O camisa 10, no gramado encharcado, chutou a bola para fora."
2486,Campeonato,O time do interior garantiu a classificação para as quartas na abertura da rodada.
2487,Arbitragem,"A equipe de arbitragem, na quarta-feira à noite, ignorou o toque de mão."
2488,Campeonato,"No jogo do returno, o líder do campeonato perdeu a liderança da tabela."
2489,Mercado da bola,"No jogo do centenário do clube, o presidente do clube negociou a liberação do meia."
2490,Imprensa,O comentarista revelou a escalação do clássico no gramado encharcado.
2491,Categorias de base,"Em pleno feriado, o time sub-20 conquistou a Copinha."
2492,Torcida,A torcida visitante cantou sem parar no meio da semana.
2493,Imprensa,"Aos 45 minutos do segundo tempo, o narrador elogiou o trabalho do técnico."
2494,Categorias de base,"O treinador do sub-17, para delírio da torcida, impressionou o técnico do profissional."
2495,Imprensa,"No clássico de quarta-feira, o jornalista esportivo elogiou o trabalho do técnico."
2496,Torcida,"Em meio à crise, o torcedor pediu mais raça aos jogadores."
2497,Torcida,"A torcida mandante, no jogo de ida, fez um protesto pacífico."
2498,Imprensa,"Aos 45 minutos do segundo tempo, o comentarista elogiou o desempenho do goleiro."
2499,Campeonato,"No segundo tempo, o vice-líder conquistou a copa do estado."
2500,Mercado da bola,"O clube europeu, no gramado encharcado, negociou o empréstimo do lateral."
2501,Partida,"No meio da semana, o lateral-esquerdo cruzou para a área."
2502,Categorias de base,"A escolinha de futebol, na rodada de domingo, foi promovido ao elenco principal."
2503,Campeonato,"O azarão da competição, na decisão do estadual, conquistou o acesso à Série A."
2504,Torcida,"O sócio-torcedor, no jogo do returno, comemorou a classificação."
2505,Torcida,A torcida mandante cantou o nome do ídolo na volta das férias.
2506,Mercado da bola,"No clássico de quarta-feira, o diretor de futebol renovou o contrato do artilheiro."
2507,Partida,"O lateral-esquerdo, no jogo de ida, cabeceou por cima do travessão."
2508,Campeonato,"O clube recém-promovido, na reta final da temporada, eliminou o atual campeão."
2509,Partida,"Na volta das férias, o centroavante deu uma assistência precisa."
2510,Mercado da bola,"O diretor de futebol, no jogo de ida, negociou a venda do jovem atacante."
2511,Imprensa,"No jogo do centenário do clube, a coluna do jornal revelou o novo patrocinador."
2512,Campeonato,O time do interior venceu a partida decisiva durante a pré-temporada.
2513,Partida,O ponta-direita deu um carrinho perfeito sob forte chuva.
2514,Mercado da bola,"No segundo tempo, o clube europeu renovou o vínculo do capitão."
2515,Treinamento,"A comissão técnica, depois de três derrotas seguidas, planejou a recuperação dos atletas."
2516,Partida,O centroavante chutou a bola para fora no estádio do rival.
2517,Arbitragem,"A assistente, no gramado encharcado, revisou a jogada do gol."
2518,Mercado da bola,O investidor da SAF apresentou o reforço à torcida no estádio lotado.
2519,Campeonato,O azarão da competição garantiu a permanência na primeira divisão nos acréscimos.
2520,Partida,O centroavante cabeceou por cima do travessão logo no primeiro minuto.
2521,Partida,"O jogador reserva, no jogo do returno, cabeceou no canto do goleiro."
2522,Campeonato,"Pela primeira vez na temporada, o atual campeão venceu a partida decisiva."
2523,Imprensa,"O narrador, na decisão do estadual, elogiou a estreia do reforço."
2524,Campeonato,O time do interior venceu o clássico regional no domingo à tarde.
2525,Imprensa,"O comentarista, na reta final da temporada, criticou a arbitragem."
2526,Imprensa,"O comentarista, no jogo do returno, narrou a decisão por pênaltis."
2527,Partida,"No confronto pela copa, o capitão do time cabeceou no canto do goleiro."
2528,Arbitragem,O quarto árbitro expulsou o zagueiro após o intervalo.
2529,Partida,O camisa 10 marcou de falta na volta das férias.
2530,Imprensa,"O podcast de futebol, diante de 40 mil torcedores, noticiou a demissão do treinador."
2531,Treinamento,"O preparador de goleiros, na final da copa, comandou o treino tático."
2532,Treinamento,O coordenador técnico testou o meia na lateral no gramado encharcado.
2533,Campeonato,"Para delírio da torcida, o time visitante empatou com o rival."
2534,Arbitragem,"O árbitro principal, na final da copa, marcou um escanteio duvidoso."
2535,Arbitragem,O assistente de vídeo revisou o lance no monitor aos 45 minutos do segundo tempo.
2536,Torcida,"A arquibancada, na final da copa, aplaudiu a homenagem ao ídolo."
2537,Mercado da bola,"O clube rival, no último jogo do ano, recusou a oferta do rival."
2538,Arbitragem,O assistente de vídeo revisou o lance no monitor sob forte chuva.
2539,Partida,"O volante, no gramado encharcado, deu um chapéu no marcador."
2540,Treinamento,"A comissão técnica, no clássico de quarta-feira, intensificou as cobranças de pênalti."
2541,Treinamento,"Para delírio da torcida, o auxiliar técnico ajustou a bola parada."
2542,Torcida,O torcedor mais antigo do clube lotou o estádio logo no primeiro minuto.
2543,Campeonato,"Sob forte chuva, o atual campeão perdeu a final nos pênaltis."
2544,Arbitragem,A equipe de arbitragem marcou o impedimento depois de três derrotas seguidas.
2545,Partida,"O ponta-direita, na volta das férias, marcou de falta."
2546,Treinamento,"O auxiliar técnico, no jogo de ida, ajustou o posicionamento da defesa."
2547,Mercado da bola,"Na decisão do estadual, o presidente do clube negociou a contratação do volante."
2548,Treinamento,"Na estreia do campeonato, a comissão técnica ajustou a marcação por pressão."
2549,Campeonato,"Na abertura da rodada, o líder do campeonato perdeu a invencibilidade."
2550,Campeonato,"O clube recém-promovido, no clássico de quarta-feira, conquistou o acesso à Série A."
2551,Mercado da bola,"Logo no primeiro minuto, o agente do jogador negociou a venda do jovem atacante."
2552,Torcida,"A torcida organizada, nos acréscimos, lotou o estádio."
2553,Campeonato,"O atual campeão, nos acréscimos, empatou sem gols."
2554,Arbitragem,"No meio da semana, o assistente de vídeo deu a bola ao chão."
2555,Imprensa,O narrador criticou a escalação inicial no segundo tempo.
2556,Treinamento,"Na noite de sábado, o departamento médico fechou a escalação para o clássico."
2557,Torcida,A torcida mandante cantou durante os noventa minutos na rodada de domingo.
2558,Torcida,"Durante a pré-temporada, a arquibancada lotou a frente do centro de treinamento."
2559,Mercado da bola,"No segundo tempo, o clube rival sondou um zagueiro do futebol argentino."
2560,Categorias de base,"No gramado encharcado, o time sub-20 estreou no time profissional."
2561,Partida,"O ponta-direita, aos 45 minutos do segundo tempo, cabeceou no canto do goleiro."
2562,Partida,"O jogador reserva, em pleno feriado, marcou um golaço."
2563,Arbitragem,"O árbitro, na volta das férias, marcou a falta na entrada da área."
2564,Partida,"O centroavante, no clássico de quarta-feira, finalizou rente à trave."
2565,Treinamento,O departamento médico comandou o treino tático em meio à crise.
2566,Imprensa,A coluna do jornal revelou a escalação do clássico para delírio da torcida.
2567,Imprensa,A coluna do jornal entrevistou o técnico na reta final da temporada.
2568,Categorias de base,"O treinador do sub-17, no jogo do centenário do clube, disputou a final do sub-17."
2569,Torcida,"Na despedida do ídolo, o torcedor cantou o nome do ídolo."
2570,Treinamento,"O técnico, na final da copa, testou o meia na lateral."
2571,Arbitragem,"O árbitro, no jogo de ida, marcou o pênalti."
2572,Torcida,"A charanga, na abertura da rodada, aplaudiu a homenagem ao ídolo."
2573,Campeonato,O atual campeão empatou o jogo de ida aos 45 minutos do segundo tempo.
2574,Categorias de base,"O coordenador da base, na quarta-feira à noite, conquistou o torneio internacional de base."
2575,Treinamento,"O preparador de goleiros, para delírio da torcida, testou o jovem da base no time titular."
2576,Treinamento,O auxiliar técnico testou um novo esquema tático diante de 40 mil torcedores.
2577,Campeonato,O time da casa garantiu a classificação para as quartas em pleno feriado.
2578,Torcida,A torcida organizada vaiou o jogador adversário na partida transmitida para todo o país.
2579,Mercado da bola,"O clube europeu, antes do intervalo, sondou um zagueiro do futebol argentino."
2580,Campeonato,O atual campeão venceu o clássico regional na reta final da temporada.
2581,Torcida,O torcedor pediu a contratação de um centroavante na noite de sábado.
2582,Mercado da bola,"Em pleno feriado, o clube árabe negociou a liberação do meia."
2583,Partida,"Pela primeira vez na temporada, o camisa 10 perdeu um gol feito."
2584,Imprensa,"O canal de esportes, no confronto pela copa, entrevistou o capitão."
2585,Campeonato,"O favorito ao título, em pleno feriado, foi rebaixado para a segunda divisão."
2586,Imprensa,"Na estreia do campeonato, a repórter de campo previu o título do líder."
2587,Campeonato,"Na volta das férias, o lanterna venceu o clássico regional."
2588,Torcida,"A torcida visitante, na abertura da rodada, vaiou o time na saída de campo."
2589,Partida,O camisa 10 finalizou na trave depois de três derrotas seguidas.
2590,Mercado da bola,"O agente do jogador, pela primeira vez na temporada, sondou um zagueiro do futebol argentino."
2591,Categorias de base,A escolinha de futebol conquistou a Copinha no último jogo do ano.
2592,Categorias de base,"O olheiro, logo no primeiro minuto, disputou a peneira regional."
2593,Partida,O jogador reserva cabeceou para o fundo da rede aos 45 minutos do segundo tempo.
2594,Categorias de base,"Pela primeira vez na temporada, o garoto da base assinou com um clube europeu."
2595,Categorias de base,"No segundo tempo, o olheiro revelou um goleiro de futuro."
2596,Arbitragem,O assistente de vídeo anulou o gol por impedimento no gramado encharcado.
2597,Torcida,"A torcida organizada, no jogo de ida, comemorou a classificação."
2598,Imprensa,O setorista noticiou a crise no vestiário nos acréscimos.
2599,Partida,O camisa 10 deu um chapéu no marcador aos 45 minutos do segundo tempo.
2600,Categorias de base,"No confronto pela copa, o jovem goleiro revelou um goleiro de futuro."
2601,Arbitragem,"O quarto árbitro, na reta final da temporada, revisou a jogada do gol."
2602,Partida,"No jogo de ida, o jogador reserva chutou a bola no ângulo."
2603,Treinamento,"O preparador de goleiros, depois de três derrotas seguidas, comandou a atividade de finalização."
2604,Torcida,O torcedor vaiou o jogador adversário em meio à crise.
2605,Mercado da bola,"Na estreia do campeonato, o agente do jogador anunciou um patrocínio master."
2606,Torcida,"Durante a pré-temporada, a charanga aplaudiu o elenco após a derrota."
2607,Treinamento,"No último jogo do ano, o coordenador técnico comandou o rachão."
2608,Imprensa,"Nos acréscimos, o blogueiro esportivo previu uma goleada no clássico."
2609,Partida,"Diante de 40 mil torcedores, o camisa 10 perdeu o pênalti."
2610,Campeonato,"Diante de 40 mil torcedores, o líder do campeonato venceu por goleada."
2611,Imprensa,"A coluna do jornal, em meio à crise, entrevistou o presidente do clube."
2612,Campeonato,"No jogo do centenário do clube, o lanterna garantiu a vaga na Libertadores."
2613,Imprensa,O comentarista criticou a atuação do time na reta final da temporada.
2614,Imprensa,O setorista narrou a virada histórica em meio à crise.
2615,Categorias de base,"Para delírio da torcida, o garoto da base estreou na seleção de base."
2616,Arbitragem,"A assistente, na quarta-feira à noite, aplicou o cartão vermelho."
2617,Partida,"O volante, na final da copa, finalizou na trave."
2618,Treinamento,"No estádio do rival, o preparador físico comandou o coletivo com os titulares."
2619,Partida,"No meio da semana, o lateral-esquerdo finalizou rente à trave."
2620,Campeonato,"O azarão da competição, após o intervalo, conquistou a copa do estado."
2621,Imprensa,"Na quarta-feira à noite, a emissora de rádio entrevistou o técnico."
2622,Partida,O centroavante cabeceou por cima do travessão no último jogo do ano.
2623,Mercado da bola,"O clube rival, na quarta-feira à noite, anunciou a saída do capitão."
2624,Mercado da bola,"O agente do jogador, na quarta-feira à noite, anunciou o reforço para a temporada."
2625,Imprensa,O narrador narrou a virada histórica depois de três derrotas seguidas.
2626,Imprensa,O podcast de futebol entrevistou o autor do gol aos 45 minutos do segundo tempo.
2627,Mercado da bola,"Na rodada de domingo, o investidor da SAF recusou uma proposta milionária."
2628,Treinamento,O treinador interino testou o meia na lateral para delírio da torcida.
2629,Partida,"No confronto pela copa, o atacante perdeu o pênalti."
2630,Arbitragem,"Na estreia do campeonato, a árbitra marcou um escanteio duvidoso."
2631,Partida,"No jogo do centenário do clube, o centroavante chutou forte de fora da área."
2632,Arbitragem,"No último jogo do ano, o assistente de vídeo expulsou o zagueiro."
2633,Partida,"O centroavante, nos acréscimos, cabeceou no canto do goleiro."
2634,Treinamento,O departamento médico liberou o elenco para o fim de semana no gramado encharcado.
2635,Mercado da bola,"A diretoria, em noite de casa cheia, pagou a primeira parcela da transferência."
2636,Partida,"No jogo de ida, o volante perdeu o pênalti."
2637,Campeonato,"O atual campeão, em meio à crise, eliminou o atual campeão."
2638,Partida,"O capitão do time, no segundo tempo, cabeceou para o fundo da rede."
2639,Torcida,"O torcedor mais antigo do clube, na Arena da Baixada, lotou a frente do centro de treinamento."
2640,Categorias de base,O coordenador da base disputou a final do sub-17 em pleno feriado.
2641,Imprensa,"Na despedida do ídolo, o jornalista esportivo entrevistou o autor do gol."
2642,Partida,"O jogador reserva, em noite de casa cheia, perdeu a chance de empatar."
2643,Arbitragem,"Sob forte chuva, o árbitro principal aplicou o cartão amarelo."
2644,Campeonato,"O time do interior, no jogo do centenário do clube, assumiu a liderança da tabela."
2645,Torcida,A torcida visitante comemorou o título estadual no segundo tempo.
2646,Treinamento,O preparador físico ajustou o posicionamento da defesa no estádio lotado.
2647,Imprensa,"O narrador, no jogo de ida, revelou os bastidores da negociação."
2648,Arbitragem,"A assistente, no clássico de quarta-feira, aplicou o cartão vermelho."
2649,Categorias de base,"No último jogo do ano, o jovem goleiro impressionou a comissão técnica."
2650,Treinamento,O analista de desempenho ajustou o posicionamento da defesa em noite de casa cheia.
2651,Categorias de base,O time sub-20 revelou um goleiro de futuro depois de três derrotas seguidas.
2652,Torcida,"No estádio lotado, a torcida mandante lotou o aeroporto."
2653,Imprensa,"Durante a pré-temporada, a emissora de rádio narrou a virada histórica."
2654,Treinamento,"O coordenador técnico, na rodada de domingo, testou o meia na lateral."
2655,Mercado da bola,O agente do jogador apresentou o novo camisa 9 aos 45 minutos do segundo tempo.
2656,Campeonato,"No jogo do returno, o time visitante empatou o jogo de ida."
2657,Campeonato,"No meio da semana, o time da casa empatou sem gols."
2658,Partida,O jogador reserva marcou de falta fora de casa.
2659,Treinamento,"Na partida transmitida para todo o país, o coordenador técnico ajustou a marcação por pressão."
2660,Treinamento,"Após o intervalo, o auxiliar técnico testou um novo esquema tático."
2661,Imprensa,"O blogueiro esportivo, na noite de sábado, revelou a escalação do clássico."
2662,Partida,O zagueiro cabeceou no canto do goleiro em pleno feriado.
2663,Imprensa,"Em plena data FIFA, a emissora de rádio noticiou a crise no vestiário."
2664,Mercado da bola,O clube europeu renovou o contrato do goleiro no estádio lotado.
2665,Partida,"O jogador reserva, no estádio do rival, finalizou rente à trave."
2666,Partida,"O ponta-direita, na decisão do estadual, marcou dois gols."
2667,Imprensa,"O blogueiro esportivo, durante a pré-temporada, noticiou a demissão do treinador."
2668,Campeonato,"O favorito ao título, no estádio do rival, garantiu a permanência na primeira divisão."
2669,Imprensa,"O narrador, no jogo do centenário do clube, narrou a virada histórica."
2670,Treinamento,O preparador de goleiros comandou o treino tático na quarta-feira à noite.
2671,Imprensa,"Em meio à crise, o setorista criticou a arbitragem."
2672,Partida,"No meio da semana, o capitão do time marcou o gol da vitória."
2673,Torcida,"Na quarta-feira à noite, a torcida visitante vaiou o árbitro."
2674,Partida,"O ponta-direita, no domingo à tarde, chutou a bola para fora."
2675,Torcida,"O sócio-torcedor, no segundo tempo, comemorou a classificação."
2676,Mercado da bola,"O agente do jogador, em pleno feriado, sondou um ponta do interior paulista."
2677,Arbitragem,"O árbitro principal, na Arena da Baixada, expulsou o volante adversário."
2678,Treinamento,O auxiliar técnico intensificou os treinos de finalização nos acréscimos.
2679,Partida,"O lateral-esquerdo, no confronto pela copa, finalizou com o pé esquerdo."
2680,Treinamento,"O departamento médico, no clássico de quarta-feira, comandou a atividade de finalização."
2681,Partida,"Na reta final da temporada, o zagueiro deu um chapéu no marcador."
2682,Partida,"O camisa 10, na reta final da temporada, chutou cruzado para o gol."
2683,Torcida,O torcedor comemorou a classificação na decisão do estadual.
2684,Partida,"O centroavante, na partida transmitida para todo o país, perdeu o pênalti."
2685,Torcida,"Após o intervalo, o grupo de torcedores comemorou o gol da virada."
2686,Mercado da bola,"No estádio do rival, o clube rival renovou o vínculo do capitão."
2687,Treinamento,O preparador de goleiros ajustou a marcação por pressão na partida transmitida para todo o país.
2688,Categorias de base,"No último jogo do ano, a promessa do clube impressionou a comissão técnica."
2689,Imprensa,O blogueiro esportivo noticiou a venda do atacante na decisão do estadual.
2690,Mercado da bola,"Na quarta-feira à noite, o clube árabe apresentou o novo uniforme."
2691,Treinamento,O auxiliar técnico comandou o coletivo com os titulares no jogo do returno.
2692,Imprensa,"O comentarista, no jogo do centenário do clube, entrevistou o técnico."
2693,Arbitragem,"A equipe de arbitragem, no gramado encharcado, expulsou o técnico."
2694,Torcida,A arquibancada aplaudiu a entrada do time em campo fora de casa.
2695,Torcida,A charanga vaiou o time na saída de campo na despedida do ídolo.
2696,Partida,"Na noite de sábado, o centroavante cruzou na cabeça do centroavante."
2697,Mercado da bola,"O diretor de futebol, no confronto pela copa, renovou o contrato do goleiro."
2698,Arbitragem,"Na despedida do ídolo, o quarto árbitro deu a bola ao chão."
2699,Categorias de base,"Pela primeira vez na temporada, o time sub-15 disputou a semifinal do sub-20."
2700,Treinamento,O auxiliar técnico ajustou a bola parada em noite de casa cheia.
2701,Campeonato,O azarão da competição venceu por goleada após o intervalo.
2702,Arbitragem,"O juiz da partida, na despedida do ídolo, marcou o pênalti."
2703,Campeonato,"Na noite de sábado, o time do interior venceu o clássico regional."
2704,Arbitragem,"O juiz da partida, pela primeira vez na temporada, anulou o gol por impedimento."
2705,Partida,"O zagueiro, pela primeira vez na temporada, chutou forte de fora da área."
2706,Partida,"O lateral-esquerdo, na volta das férias, marcou o gol de empate."
2707,Torcida,"Após o intervalo, a torcida mandante comemorou o gol da virada."
2708,Campeonato,O time do interior eliminou o favorito ao título no gramado encharcado.
2709,Categorias de base,"Aos 45 minutos do segundo tempo, o jovem goleiro revelou um lateral promissor."
2710,Arbitragem,"Durante a pré-temporada, a assistente marcou um escanteio duvidoso."
2711,Partida,O volante marcou de falta no jogo de ida.
2712,Categorias de base,"Pela primeira vez na temporada, o garoto da base revelou um goleiro de futuro."
2713,Campeonato,"O time da casa, no confronto pela copa, venceu a partida decisiva."
2714,Partida,"No último jogo do ano, o volante cruzou para a área."
2715,Treinamento,O analista de desempenho ajustou a marcação por pressão no jogo de ida.
2716,Torcida,O sócio-torcedor pediu a contratação de um centroavante sob forte chuva.
2717,Campeonato,"O azarão da competição, na estreia do campeonato, foi rebaixado para a segunda divisão."
2718,Categorias de base,O olheiro impressionou o técnico do profissional pela primeira vez na temporada.
2719,Mercado da bola,"O empresário, na reta final da temporada, apresentou o reforço à torcida."
2720,Partida,"Nos acréscimos, o lateral-esquerdo deu um chapéu no marcador."
2721,Categorias de base,"O time sub-20, na quarta-feira à noite, disputou a semifinal do sub-20."
2722,Categorias de base,"No estádio do rival, o olheiro foi promovido ao elenco principal."
2723,Campeonato,"No gramado encharcado, o azarão da competição assumiu a vice-liderança."
2724,Categorias de base,"Na rodada de domingo, a promessa do clube revelou um goleiro de futuro."
2725,Treinamento,"Na decisão do estadual, o coordenador técnico fechou a escalação para o clássico."
2726,Partida,"Na volta das férias, o lateral-esquerdo sofreu uma falta dura."
2727,Imprensa,A emissora de rádio narrou a decisão por pênaltis no último jogo do ano.
2728,Partida,O centroavante marcou o gol da vitória na abertura da rodada.
2729,Torcida,"Pela primeira vez na temporada, o torcedor pediu a saída do técnico."
2730,Categorias de base,"A promessa do clube, na volta das férias, impressionou os olheiros europeus."
2731,Campeonato,"No último jogo do ano, o favorito ao título eliminou o favorito ao título."
2732,Arbitragem,"O árbitro, no confronto pela copa, aplicou o cartão vermelho."
2733,Torcida,O torcedor mais antigo do clube aplaudiu o elenco após a derrota na estreia do campeonato.
2734,Imprensa,O setorista elogiou a postura do time aos 45 minutos do segundo tempo.
2735,Arbitragem,"No último jogo do ano, a assistente expulsou o técnico."
2736,Partida,O lateral-esquerdo sofreu uma falta dura em noite de casa cheia.
2737,Treinamento,"A comissão técnica, em plena data FIFA, testou três zagueiros."
2738,Arbitragem,"A equipe de arbitragem, na rodada de domingo, ignorou o toque de mão."
2739,Mercado da bola,"No confronto pela copa, o investidor da SAF renovou o contrato do goleiro."
2740,Arbitragem,A assistente revisou o toque de mão no estádio lotado.
2741,Partida,O zagueiro marcou um golaço antes do intervalo.
2742,Imprensa,"O comentarista, na abertura da rodada, criticou a arbitragem."
2743,Campeonato,"O time do interior, no domingo à tarde, garantiu a permanência na primeira divisão."
2744,Mercado da bola,"No confronto pela copa, o investidor da SAF recusou a troca de jogadores."
2745,Imprensa,"O canal de esportes, na abertura da rodada, noticiou a venda do atacante."
2746,Treinamento,O preparador de goleiros testou um novo esquema tático em noite de casa cheia.
2747,Mercado da bola,"Na estreia do campeonato, o clube rival recusou a troca de jogadores."
2748,Partida,O camisa 10 finalizou de primeira no jogo do centenário do clube.
2749,Categorias de base,"O menino da comunidade, sob forte chuva, revelou um lateral promissor."
2750,Partida,"Diante de 40 mil torcedores, o capitão do time cabeceou por cima do travessão."
2751,Arbitragem,"No gramado encharcado, o juiz da partida revisou o lance no monitor."
2752,Torcida,"A arquibancada, antes do intervalo, lotou o estádio."
2753,Torcida,"Durante a pré-temporada, o grupo de torcedores pediu a contratação de um centroavante."
2754,Partida,"O capitão do time, durante a pré-temporada, chutou a bola para fora."
2755,Treinamento,"No clássico de quarta-feira, o preparador físico planejou a pré-temporada."
2756,Partida,O meia-armador cabeceou por cima do travessão em plena data FIFA.
2757,Partida,"O zagueiro, pela primeira vez na temporada, deu um chapéu no marcador."
2758,Torcida,A torcida mandante lotou o estádio na despedida do ídolo.
2759,Imprensa,"O setorista, no estádio do rival, criticou a escalação inicial."
2760,Partida,"Na Arena da Baixada, o camisa 10 perdeu um gol feito."
2761,Partida,"O jogador reserva, na rodada de domingo, deu um carrinho perfeito."
2762,Torcida,"A torcida visitante, em plena data FIFA, aplaudiu a entrada do time em campo."
2763,Arbitragem,O árbitro de vídeo marcou o impedimento na estreia do campeonato.
2764,Partida,O atacante finalizou rente à trave em noite de casa cheia.
2765,Torcida,"A torcida organizada, na partida transmitida para todo o país, fez um protesto pacífico."
2766,Partida,"O capitão do time, na volta das férias, marcou um golaço."
2767,Arbitragem,"O árbitro de vídeo, em meio à crise, aplicou a lei da vantagem."
2768,Campeonato,"Após o intervalo, o vice-líder venceu por goleada."
2769,Torcida,A torcida organizada pediu a contratação de um centroavante no domingo à tarde.
2770,Partida,"O atacante, na rodada de domingo, finalizou com o pé esquerdo."
2771,Arbitragem,"Na decisão do estadual, a assistente revisou a jogada do gol."
2772,Categorias de base,O olheiro foi promovido ao time sub-20 depois de três derrotas seguidas.
2773,Partida,"Em meio à crise, o centroavante finalizou por cobertura."
2774,Partida,"O meia-armador, no jogo do centenário do clube, perdeu o pênalti."
2775,Arbitragem,O árbitro revisou o toque de mão diante de 40 mil torcedores.
2776,Mercado da bola,"Na Arena da Baixada, a diretoria anunciou a saída do capitão."
2777,Partida,"O jogador reserva, no estádio do rival, chutou cruzado para o gol."
2778,Imprensa,"Na noite de sábado, o comentarista entrevistou o técnico."
2779,Imprensa,"O canal de esportes, no estádio do rival, criticou a arbitragem."
2780,Torcida,A torcida jovem fez um mosaico gigante na final da copa.
2781,Campeonato,"O atual campeão, na despedida do ídolo, eliminou o favorito ao título."
2782,Partida,"No jogo de ida, o capitão do time sofreu uma lesão muscular."
2783,Campeonato,"Na final da copa, o time da casa garantiu a classificação para as quartas."
2784,Mercado da bola,O clube europeu anunciou o reforço para a temporada na volta das férias.
2785,Torcida,"O grupo de torcedores, no gramado encharcado, aplaudiu o goleiro."
2786,Arbitragem,"O quarto árbitro, no estádio lotado, anulou o gol por impedimento."
2787,Partida,"Em meio à crise, o capitão do time sofreu um pênalti."
2788,Mercado da bola,O gerente de futebol pagou a primeira parcela da transferência na final da copa.
2789,Partida,O camisa 10 cabeceou por cima do travessão para delírio da torcida.
2790,Campeonato,O time do interior venceu a partida decisiva após o intervalo.
2791,Mercado da bola,"O agente do jogador, na quarta-feira à noite, sondou um ponta do interior paulista."
2792,Partida,O jogador reserva finalizou rente à trave sob forte chuva.
2793,Campeonato,"O time da casa, fora de casa, eliminou o favorito ao título."
2794,Torcida,"O grupo de torcedores, no jogo do centenário do clube, comemorou a classificação."
2795,Mercado da bola,O clube europeu negociou a liberação do meia no jogo de ida.
2796,Treinamento,O preparador de goleiros comandou o treino tático no estádio do rival.
2797,Categorias de base,"Em noite de casa cheia, a escolinha de futebol revelou um novo talento."
2798,Imprensa,O setorista entrevistou o autor do gol durante a pré-temporada.
2799,Partida,"O lateral-esquerdo, em pleno feriado, marcou o gol de empate."
2800,Campeonato,O time visitante garantiu a vaga na Libertadores na abertura da rodada.
2801,Torcida,A charanga fez uma festa bonita sob forte chuva.
2802,Treinamento,"O técnico, no estádio lotado, testou o jovem da base no time titular."
2803,Campeonato,"O lanterna, na abertura da rodada, conquistou o título nacional."
2804,Partida,O jogador reserva finalizou na trave no meio da semana.
2805,Categorias de base,"A escolinha de futebol, pela primeira vez na temporada, disputou a final do sub-17."
2806,Partida,O capitão do time perdeu a chance de empatar na Arena da Baixada.
2807,Categorias de base,"No jogo do returno, o olheiro revelou um novo talento."
2808,Partida,"Durante a pré-temporada, o centroavante sofreu um pênalti."
2809,Torcida,O sócio-torcedor cantou o nome do ídolo no jogo do returno.
2810,Torcida,"A torcida visitante, antes do intervalo, vaiou o jogador adversário."
2811,Torcida,"Na rodada de domingo, o grupo de torcedores fez uma grande recepção ao elenco."
2812,Categorias de base,O garoto da base impressionou o técnico do profissional antes do intervalo.
2813,Campeonato,"Antes do intervalo, o time da casa conquistou o acesso à Série A."
2814,Campeonato,"Diante de 40 mil torcedores, o time da casa venceu o confronto direto."
2815,Mercado da bola,"O agente do jogador, durante a pré-temporada, renovou o contrato do goleiro."
2816,Imprensa,O podcast de futebol elogiou o trabalho do técnico no estádio lotado.
2817,Imprensa,"O blogueiro esportivo, na despedida do ídolo, previu o título do líder."
2818,Treinamento,"Na Arena da Baixada, o técnico planejou a recuperação dos atletas."
2819,Torcida,"Pela primeira vez na temporada, a torcida mandante pediu a saída do técnico."
2820,Mercado da bola,"O diretor de futebol, na rodada de domingo, anunciou o reforço para a temporada."
2821,Campeonato,O lanterna venceu o confronto direto no meio da semana.
2822,Campeonato,O líder do campeonato conquistou o título nacional na reta final da temporada.
2823,Mercado da bola,A diretoria anunciou um patrocínio master após o intervalo.
2824,Treinamento,"O departamento médico, no estádio do rival, fechou a escalação para o clássico."
2825,Mercado da bola,"Na decisão do estadual, o empresário sondou um zagueiro do futebol argentino."
2826,Treinamento,O auxiliar técnico testou um novo esquema tático no último jogo do ano.
2827,Partida,"Na Arena da Baixada, o volante finalizou com o pé esquerdo."
2828,Arbitragem,O quarto árbitro anulou o gol por impedimento na volta das férias.
2829,Categorias de base,O treinador do sub-17 assinou com um clube europeu no domingo à tarde.
2830,Partida,"Na rodada de domingo, o atacante deu um drible desconcertante."
2831,Arbitragem,O árbitro de vídeo ignorou as reclamações do banco no meio da semana.
2832,Arbitragem,"Sob forte chuva, a árbitra deu seis minutos de acréscimo."
2833,Torcida,"A torcida visitante, em meio à crise, lotou a frente do centro de treinamento."
2834,Arbitragem,"Nos acréscimos, o bandeirinha ignorou o toque de mão."
2835,Campeonato,"Em pleno feriado, o vice-líder empatou com o rival."
2836,Treinamento,"O preparador físico, depois de três derrotas seguidas, planejou a sequência de jogos."
2837,Mercado da bola,O agente do jogador negociou a liberação do meia sob forte chuva.
2838,Imprensa,O blogueiro esportivo elogiou o trabalho do técnico na despedida do ídolo.
2839,Arbitragem,O juiz da partida revisou o toque de mão logo no primeiro minuto.
2840,Arbitragem,"O quarto árbitro, na Arena da Baixada, marcou o pênalti."
2841,Imprensa,"Logo no primeiro minuto, a coluna do jornal narrou a virada histórica."
2842,Torcida,"Na despedida do ídolo, a torcida organizada aplaudiu o elenco após a derrota."
2843,Torcida,A arquibancada cantou o nome do ídolo no jogo de ida.
2844,Partida,"Em plena data FIFA, o jogador reserva marcou de falta."
2845,Categorias de base,"Nos acréscimos, o coordenador da base assinou com um clube europeu."
2846,Treinamento,"O treinador interino, logo no primeiro minuto, ajustou o posicionamento da defesa."
2847,Treinamento,"No último jogo do ano, o fisiologista liberou o atacante para o jogo."
2848,Arbitragem,O árbitro anulou o pênalti após revisão no meio da semana.
2849,Campeonato,O clube recém-promovido perdeu a liderança da tabela na rodada de domingo.
2850,Partida,O lateral-esquerdo deu uma assistência precisa após o intervalo.
2851,Imprensa,O setorista previu uma goleada no clássico na estreia do campeonato.
2852,Categorias de base,"Na Arena da Baixada, o treinador do sub-17 conquistou o título estadual juvenil."
2853,Torcida,"A torcida organizada, diante de 40 mil torcedores, fez uma grande recepção ao elenco."
2854,Campeonato,"O time da casa, no meio da semana, assumiu a vice-liderança."
2855,Campeonato,"O vice-líder, pela primeira vez na temporada, foi rebaixado para a segunda divisão."
2856,Imprensa,O setorista criticou a atuação do time logo no primeiro minuto.
2857,Mercado da bola,"O diretor de futebol, no segundo tempo, anunciou um patrocínio master."
2858,Arbitragem,"O assistente de vídeo, diante de 40 mil torcedores, anulou o gol por falta no goleiro."
2859,Torcida,A arquibancada cantou o hino do clube fora de casa.
2860,Categorias de base,A escolinha de futebol conquistou o torneio internacional de base no confronto pela copa.
2861,Imprensa,O setorista narrou o golaço da rodada no estádio lotado.
2862,Treinamento,"O treinador interino, no clássico de quarta-feira, comandou o treino tático."
2863,Treinamento,"Na estreia do campeonato, o preparador de goleiros comandou o rachão."
2864,Treinamento,"Nos acréscimos, o auxiliar técnico intensificou o trabalho físico."
2865,Partida,"Pela primeira vez na temporada, o zagueiro perdeu um gol feito."
2866,Arbitragem,"O árbitro, na abertura da rodada, ignorou o toque de mão."
2867,Campeonato,"Na estreia do campeonato, o time visitante eliminou o atual campeão."
2868,Categorias de base,"O coordenador da base, após o intervalo, conquistou a Copinha."
2869,Treinamento,"Antes do intervalo, o coordenador técnico comandou o rachão."
2870,Partida,O ponta-direita finalizou na trave na Arena da Baixada.
2871,Torcida,"Diante de 40 mil torcedores, a charanga aplaudiu a homenagem ao ídolo."
2872,Imprensa,"A repórter de campo, na final da copa, entrevistou o capitão."
2873,Torcida,A charanga fez um protesto pacífico sob forte chuva.
2874,Treinamento,"O preparador físico, na abertura da rodada, intensificou os treinos de finalização."
2875,Categorias de base,"Na noite de sábado, o time sub-20 disputou a semifinal do sub-20."
2876,Partida,"O volante, na estreia do campeonato, marcou dois gols."
2877,Imprensa,"Em plena data FIFA, o podcast de futebol criticou a escalação inicial."
2878,Arbitragem,"A assistente, na abertura da rodada, marcou o impedimento."
2879,Arbitragem,O árbitro principal marcou o impedimento no segundo tempo.
2880,Partida,"O camisa 10, antes do intervalo, marcou o gol da vitória."
2881,Arbitragem,"No jogo do centenário do clube, o bandeirinha deu o apito final."
2882,Mercado da bola,"Logo no primeiro minuto, o clube árabe renovou o contrato do goleiro."
2883,Treinamento,"O auxiliar técnico, após o intervalo, ajustou a marcação por pressão."
2884,Arbitragem,"Na noite de sábado, a assistente aplicou o cartão vermelho."
2885,Treinamento,O treinador interino fechou a escalação para o clássico depois de três derrotas seguidas.
2886,Partida,"Para delírio da torcida, o atacante perdeu o pênalti."
2887,Mercado da bola,O clube árabe negociou a venda do jovem atacante aos 45 minutos do segundo tempo.
2888,Treinamento,"Em meio à crise, a comissão técnica comandou o treino tático."
2889,Partida,"O volante, logo no primeiro minuto, chutou a bola no ângulo."
2890,Arbitragem,"A equipe de arbitragem, na partida transmitida para todo o país, deu a bola ao chão."
2891,Treinamento,O fisiologista testou um novo esquema tático sob forte chuva.
2892,Torcida,"Na despedida do ídolo, a arquibancada pediu mais raça aos jogadores."
2893,Categorias de base,"O garoto da base, fora de casa, conquistou a Copinha."
2894,Torcida,"No jogo do returno, a charanga cantou durante os noventa minutos."
2895,Torcida,A charanga fez uma grande recepção ao elenco na Arena da Baixada.
2896,Torcida,A torcida mandante fez uma festa bonita nos acréscimos.
2897,Mercado da bola,"O clube europeu, na volta das férias, negociou a contratação do volante."
2898,Treinamento,"O coordenador técnico, diante de 40 mil torcedores, comandou o treino tático."
2899,Campeonato,O líder do campeonato garantiu a vaga na Libertadores no jogo do centenário do clube.
2900,Campeonato,"O vice-líder, em noite de casa cheia, assumiu a liderança da tabela."
2901,Imprensa,"A coluna do jornal, em meio à crise, criticou a escalação inicial."
2902,Imprensa,"No clássico de quarta-feira, o comentarista entrevistou o capitão."
2903,Torcida,"O torcedor, diante de 40 mil torcedores, comemorou o acesso à primeira divisão."
2904,Treinamento,O preparador físico liberou o elenco para o fim de semana diante de 40 mil torcedores.
2905,Mercado da bola,"No segundo tempo, o clube rival renovou o vínculo do capitão."
2906,Campeonato,"O vice-líder, nos acréscimos, perdeu a liderança da tabela."
2907,Mercado da bola,"Na decisão do estadual, o empresário apresentou o novo camisa 9."
2908,Treinamento,"No confronto pela copa, o departamento médico intensificou o trabalho físico."
2909,Partida,O capitão do time marcou o gol da vitória no estádio do rival.
2910,Partida,"O atacante, nos acréscimos, perdeu um gol feito."
2911,Imprensa,O jornalista esportivo previu uma goleada no clássico em noite de casa cheia.
2912,Categorias de base,"A promessa do clube, nos acréscimos, conquistou a Copinha."
2913,Imprensa,"O comentarista, na estreia do campeonato, previu o título do líder."
2914,Treinamento,O auxiliar técnico intensificou o trabalho físico durante a pré-temporada.
2915,Arbitragem,"Em plena data FIFA, o bandeirinha expulsou o zagueiro."
2916,Torcida,A arquibancada lotou a frente do centro de treinamento antes do intervalo.
2917,Arbitragem,"No gramado encharcado, o bandeirinha ignorou o toque de mão."
2918,Treinamento,"O auxiliar técnico, em pleno feriado, liberou o elenco para o fim de semana."
2919,Campeonato,"O time visitante, na reta final da temporada, conquistou a copa do estado."
2920,Imprensa,"Aos 45 minutos do segundo tempo, o comentarista noticiou a venda do atacante."
2921,Arbitragem,"Durante a pré-temporada, a árbitra deu seis minutos de acréscimo."
2922,Campeonato,"No jogo de ida, o time da casa garantiu a vaga na Libertadores."
2923,Campeonato,"O atual campeão, logo no primeiro minuto, perdeu a final nos pênaltis."
2924,Partida,O volante finalizou por cobertura no domingo à tarde.
2925,Campeonato,"Diante de 40 mil torcedores, o azarão da competição foi rebaixado para a segunda divisão."
2926,Torcida,A torcida jovem cantou o nome do ídolo no jogo de ida.
2927,Treinamento,O departamento médico testou o jovem da base no time titular na quarta-feira à noite.
2928,Torcida,"A torcida visitante, logo no primeiro minuto, comemorou o acesso à primeira divisão."
2929,Partida,"Diante de 40 mil torcedores, o camisa 10 deu um drible desconcertante."
2930,Arbitragem,"O assistente de vídeo, na volta das férias, expulsou o técnico."
2931,Treinamento,A comissão técnica testou o jovem da base no time titular antes do intervalo.
2932,Mercado da bola,"Fora de casa, o clube rival negociou a venda do jovem atacante."
2933,Torcida,A torcida jovem cantou o nome do ídolo em meio à crise.
2934,Campeonato,"O atual campeão, no estádio lotado, conquistou o acesso à Série A."
2935,Campeonato,"Diante de 40 mil torcedores, o favorito ao título garantiu a vaga na Libertadores."
2936,Partida,"Para delírio da torcida, o centroavante perdeu um gol feito."
2937,Campeonato,"Na estreia do campeonato, o time visitante garantiu a permanência na primeira divisão."
2938,Treinamento,"Depois de três derrotas seguidas, a comissão técnica liberou o lateral após exames."
2939,Treinamento,O preparador físico liberou o elenco para o fim de semana em pleno feriado.
2940,Imprensa,"A coluna do jornal, no domingo à tarde, noticiou a lesão do artilheiro."
2941,Partida,"O atacante, aos 45 minutos do segundo tempo, chutou a bola no ângulo."
2942,Mercado da bola,"No segundo tempo, o empresário negociou a contratação do volante."
2943,Arbitragem,"Durante a pré-temporada, a equipe de arbitragem ignorou o toque de mão."
2944,Treinamento,"Sob forte chuva, o preparador físico liberou o elenco para o fim de semana."
2945,Mercado da bola,"O presidente do clube, durante a pré-temporada, pagou a multa rescisória."
2946,Imprensa,"Na abertura da rodada, o narrador revelou o novo patrocinador."
2947,Treinamento,O preparador físico comandou o coletivo com os titulares sob forte chuva.
2948,Arbitragem,O árbitro de vídeo aplicou o cartão vermelho no jogo de ida.
2949,Partida,"Pela primeira vez na temporada, o meia-armador marcou o gol da vitória."
2950,Treinamento,"Em plena data FIFA, o preparador de goleiros planejou a recuperação dos atletas."
2951,Categorias de base,"Em plena data FIFA, o time sub-20 foi promovido ao time sub-20."
2952,Arbitragem,A árbitra aplicou a lei da vantagem em noite de casa cheia.
2953,Mercado da bola,"Na noite de sábado, o clube rival pagou a primeira parcela da transferência."
2954,Partida,"Na quarta-feira à noite, o volante sofreu uma falta dura."
2955,Mercado da bola,"O presidente do clube, fora de casa, anunciou o reforço para a temporada."
2956,Mercado da bola,O gerente de futebol anunciou a chegada do novo técnico antes do intervalo.
2957,Mercado da bola,"O agente do jogador, na Arena da Baixada, recusou a oferta do rival."
2958,Torcida,"No jogo de ida, a torcida visitante vaiou o jogador adversário."
2959,Partida,"No jogo de ida, o volante finalizou por cobertura."
2960,Imprensa,"O canal de esportes, após o intervalo, revelou o novo patrocinador."
2961,Torcida,A torcida jovem comemorou o gol da virada na abertura da rodada.
2962,Mercado da bola,"O clube árabe, na quarta-feira à noite, negociou a liberação do meia."
2963,Treinamento,"O fisiologista, no confronto pela copa, liberou o atacante para o jogo."
2964,Torcida,"A torcida visitante, em meio à crise, lotou o aeroporto."
2965,Campeonato,O time da casa perdeu a liderança da tabela na decisão do estadual.
2966,Torcida,A torcida visitante fez uma grande recepção ao elenco na abertura da rodada.
2967,Partida,"O zagueiro, logo no primeiro minuto, chutou forte de fora da área."
2968,Mercado da bola,O clube árabe sondou o técnico da seleção durante a pré-temporada.
2969,Imprensa,"O jornalista esportivo, em plena data FIFA, revelou os bastidores da negociação."
2970,Mercado da bola,A diretoria renovou o contrato do goleiro na despedida do ídolo.
2971,Treinamento,"O analista de desempenho, na final da copa, liberou o elenco para o fim de semana."
2972,Treinamento,"Na noite de sábado, o preparador de goleiros liberou o elenco para o fim de semana."
2973,Mercado da bola,"O clube árabe, no jogo de ida, anunciou a saída do capitão."
2974,Arbitragem,"Em pleno feriado, a equipe de arbitragem anulou o pênalti após revisão."
2975,Torcida,"Na estreia do campeonato, a torcida jovem aplaudiu a entrada do time em campo."
2976,Categorias de base,"No confronto pela copa, o time sub-20 estreou com gol."
2977,Categorias de base,O olheiro foi promovido ao time sub-20 na final da copa.
2978,Imprensa,"No jogo do centenário do clube, o jornalista esportivo criticou o esquema tático."
2979,Mercado da bola,"O presidente do clube, na reta final da temporada, negociou o empréstimo do lateral."
2980,Partida,"Nos acréscimos, o ponta-direita finalizou por cobertura."
2981,Partida,"O capitão do time, no meio da semana, cruzou rasteiro para o meio."
2982,Partida,"Na decisão do estadual, o atacante marcou o gol da vitória."
2983,Partida,"Na Arena da Baixada, o camisa 10 perdeu a chance de empatar."
2984,Categorias de base,O time sub-15 foi promovido ao elenco principal para delírio da torcida.
2985,Mercado da bola,"O gerente de futebol, depois de três derrotas seguidas, apresentou o reforço à torcida."
2986,Mercado da bola,"Em pleno feriado, o clube europeu sondou o técnico da seleção."
2987,Imprensa,"O comentarista, no gramado encharcado, narrou o golaço da rodada."
2988,Campeonato,O líder do campeonato empatou o jogo de ida na decisão do estadual.
2989,Mercado da bola,"O presidente do clube, na despedida do ídolo, anunciou o reforço para a temporada."
2990,Treinamento,O preparador de goleiros testou o meia na lateral na reta final da temporada.
2991,Imprensa,"O podcast de futebol, na decisão do estadual, previu o título do líder."
2992,Partida,O camisa 10 marcou dois gols no domingo à tarde.
2993,Partida,"O zagueiro, no último jogo do ano, finalizou na trave."
2994,Torcida,"Durante a pré-temporada, a torcida visitante aplaudiu o elenco após a derrota."
2995,Categorias de base,"A promessa do clube, no domingo à tarde, conquistou a Copinha."
2996,Mercado da bola,"Na partida transmitida para todo o país, o clube europeu negociou a liberação do meia."
2997,Campeonato,"Na estreia do campeonato, o atual campeão venceu o confronto direto."
2998,Partida,"Sob forte chuva, o centroavante perdeu o pênalti."
2999,Torcida,"No estádio lotado, o torcedor fez um mosaico gigante."
3000,Campeonato,O favorito ao título assumiu a liderança da tabela no gramado encharcado.
3001,Partida,"No clássico de quarta-feira, o atacante deu um chapéu no marcador."
3002,Campeonato,"No confronto pela copa, o favorito ao título empatou com o rival."
3003,Mercado da bola,"No gramado encharcado, o diretor de futebol pagou a multa rescisória."
3004,Partida,"Após o intervalo, o camisa 10 finalizou com o pé esquerdo."
3005,Partida,"No estádio lotado, o meia-armador sofreu uma lesão muscular."
3006,Imprensa,"Após o intervalo, o setorista criticou a atuação do time."
3007,Campeonato,"O time da casa, após o intervalo, venceu a partida decisiva."
3008,Treinamento,"O fisiologista, no confronto pela copa, comandou o coletivo com os titulares."
3009,Imprensa,"O jornalista esportivo, na rodada de domingo, criticou a atuação do time."
3010,Partida,O jogador reserva deu um carrinho perfeito pela primeira vez na temporada.
3011,Imprensa,"Na final da copa, o jornalista esportivo elogiou o desempenho do goleiro."
3012,Torcida,"Para delírio da torcida, a arquibancada comemorou o título estadual."
3013,Arbitragem,"O assistente de vídeo, na decisão do estadual, aplicou a lei da vantagem."
3014,Torcida,"Na quarta-feira à noite, o sócio-torcedor vaiou a escalação do técnico."
3015,Mercado da bola,"Para delírio da torcida, o presidente do clube negociou a contratação do volante."
3016,Mercado da bola,O clube europeu apresentou o novo uniforme na noite de sábado.
3017,Partida,"O jogador reserva, no último jogo do ano, deu uma assistência precisa."
3018,Partida,"No jogo do centenário do clube, o volante marcou o gol de empate."
3019,Categorias de base,O garoto da base impressionou o técnico do profissional para delírio da torcida.
3020,Treinamento,"O técnico, na Arena da Baixada, fechou o treino à imprensa."
3021,Categorias de base,A escolinha de futebol estreou com gol no estádio lotado.
3022,Campeonato,O time da casa eliminou o atual campeão em pleno feriado.
3023,Torcida,"No jogo do centenário do clube, a torcida organizada aplaudiu a entrada do time em campo."
3024,Arbitragem,"Na rodada de domingo, o bandeirinha marcou a falta na entrada da área."
3025,Campeonato,O favorito ao título garantiu a vaga na Libertadores no clássico de quarta-feira.
3026,Arbitragem,"Aos 45 minutos do segundo tempo, o árbitro marcou o impedimento."
3027,Torcida,"Na Arena da Baixada, o grupo de torcedores pediu mais raça aos jogadores."
3028,Partida,"Na quarta-feira à noite, o lateral-esquerdo cabeceou após o escanteio."
3029,Campeonato,"O vice-líder, na volta das férias, conquistou o título nacional."
3030,Treinamento,"O coordenador técnico, nos acréscimos, comandou o rachão."
3031,Treinamento,O analista de desempenho testou o meia na lateral no estádio lotado.
3032,Arbitragem,"Na despedida do ídolo, o árbitro revisou a jogada do gol."
3033,Treinamento,"Na reta final da temporada, o fisiologista comandou o rachão."
3034,Campeonato,"Sob forte chuva, o time da casa venceu por goleada."
3035,Treinamento,O preparador físico ajustou a bola parada após o intervalo.
3036,Arbitragem,O árbitro expulsou o técnico após o intervalo.
3037,Torcida,"No jogo do centenário do clube, o grupo de torcedores vaiou a escalação do técnico."
3038,Torcida,"Em pleno feriado, o torcedor comemorou o gol da virada."
3039,Imprensa,"No confronto pela copa, o setorista criticou o esquema tático."
3040,Torcida,O grupo de torcedores cantou o hino do clube na abertura da rodada.
3041,Partida,"O capitão do time, após o intervalo, perdeu um gol feito."
3042,Treinamento,"Para delírio da torcida, o fisiologista fechou o treino à imprensa."
3043,Categorias de base,O garoto da base estreou no time profissional no segundo tempo.
3044,Treinamento,"O coordenador técnico, no jogo do returno, fechou a escalação para o clássico."
3045,Treinamento,O analista de desempenho planejou a pré-temporada aos 45 minutos do segundo tempo.
3046,Treinamento,"Na quarta-feira à noite, o treinador interino ajustou o posicionamento da defesa."
3047,Imprensa,"O comentarista, no último jogo do ano, elogiou o trabalho do técnico."
3048,Torcida,A torcida organizada pediu a contratação de um centroavante na despedida do ídolo.
3049,Partida,"O meia-armador, no confronto pela copa, perdeu a chance de empatar."
3050,Arbitragem,"No segundo tempo, o bandeirinha ignorou o toque de mão."
3051,Partida,"No último jogo do ano, o ponta-direita cabeceou após o escanteio."
3052,Categorias de base,"No gramado encharcado, o garoto da base estreou no time profissional."
3053,Campeonato,"Na Arena da Baixada, o clube recém-promovido perdeu a invencibilidade."
3054,Torcida,"Na final da copa, o grupo de torcedores fez um protesto pacífico."
3055,Campeonato,"O favorito ao título, nos acréscimos, eliminou o atual campeão."
3056,Categorias de base,A promessa do clube estreou no time profissional para delírio da torcida.
3057,Arbitragem,"O quarto árbitro, pela primeira vez na temporada, anulou o pênalti após revisão."
3058,Arbitragem,A árbitra anulou o gol por impedimento nos acréscimos.
3059,Treinamento,"No estádio do rival, o analista de desempenho liberou o lateral após exames."
3060,Imprensa,A emissora de rádio noticiou a demissão do treinador no clássico de quarta-feira.
3061,Campeonato,"Na Arena da Baixada, o líder do campeonato conquistou o título nacional."
3062,Imprensa,"Em noite de casa cheia, o comentarista revelou o novo patrocinador."
3063,Imprensa,"Em pleno feriado, o canal de esportes previu o título do líder."
3064,Treinamento,O auxiliar técnico ajustou a marcação por pressão no confronto pela copa.
3065,Treinamento,O analista de desempenho testou o meia na lateral no gramado encharcado.
3066,Partida,"No jogo de ida, o jogador reserva finalizou rente à trave."
3067,Imprensa,"Em meio à crise, a emissora de rádio elogiou a postura do time."
3068,Arbitragem,"Durante a pré-temporada, o árbitro de vídeo marcou o impedimento."
3069,Campeonato,O time do interior empatou sem gols em noite de casa cheia.
3070,Torcida,A torcida visitante cantou durante os noventa minutos no último jogo do ano.
3071,Partida,"O lateral-esquerdo, na partida transmitida para todo o país, chutou a bola no ângulo."
3072,Imprensa,O narrador revelou os bastidores da negociação depois de três derrotas seguidas.
3073,Mercado da bola,"O clube árabe, diante de 40 mil torcedores, renovou o contrato do artilheiro."
3074,Partida,O zagueiro marcou um golaço fora de casa.
3075,Campeonato,O lanterna garantiu a permanência na primeira divisão para delírio da torcida.
3076,Torcida,"O grupo de torcedores, na despedida do ídolo, vaiou a escalação do técnico."
3077,Torcida,O grupo de torcedores fez uma grande recepção ao elenco na partida transmitida para todo o país.
3078,Torcida,"No jogo do returno, o torcedor fez um protesto pacífico."
3079,Partida,"Aos 45 minutos do segundo tempo, o lateral-esquerdo sofreu uma lesão muscular."
3080,Partida,"O centroavante, na quarta-feira à noite, cruzou rasteiro para o meio."
3081,Categorias de base,"O time sub-20, no clássico de quarta-feira, revelou um goleiro de futuro."
3082,Treinamento,"No domingo à tarde, o fisiologista fechou o treino à imprensa."
3083,Categorias de base,"Nos acréscimos, o treinador do sub-17 conquistou o torneio internacional de base."
3084,Treinamento,"No último jogo do ano, o auxiliar técnico testou o jovem da base no time titular."
3085,Mercado da bola,"O clube europeu, na estreia do campeonato, anunciou o reforço para a temporada."
3086,Treinamento,A comissão técnica testou um novo esquema tático fora de casa.
3087,Imprensa,O narrador entrevistou o capitão em meio à crise.
3088,Torcida,"A torcida organizada, na noite de sábado, pediu a saída do técnico."
3089,Campeonato,O azarão da competição eliminou o atual campeão no jogo de ida.
3090,Torcida,O torcedor comemorou a classificação para delírio da torcida.
3091,Treinamento,O departamento médico intensificou as cobranças de pênalti no segundo tempo.
3092,Campeonato,O clube recém-promovido perdeu a final nos pênaltis na Arena da Baixada.
3093,Partida,"Em noite de casa cheia, o ponta-direita finalizou rente à trave."
3094,Torcida,"A charanga, no jogo do returno, cantou durante os noventa minutos."
3095,Mercado da bola,"Durante a pré-temporada, o agente do jogador apresentou o novo camisa 9."
3096,Torcida,"O sócio-torcedor, na partida transmitida para todo o país, aplaudiu a homenagem ao ídolo."
3097,Categorias de base,O menino da comunidade foi promovido ao elenco principal no gramado encharcado.
3098,Partida,"O centroavante, na estreia do campeonato, finalizou rente à trave."
3099,Torcida,"No gramado encharcado, a torcida visitante cantou o hino do clube."
3100,Campeonato,"No último jogo do ano, o azarão da competição eliminou o atual campeão."
3101,Mercado da bola,"Sob forte chuva, o gerente de futebol recusou uma proposta milionária."
3102,Arbitragem,O árbitro revisou a jogada do gol na decisão do estadual.
3103,Categorias de base,O jovem goleiro estreou com gol no confronto pela copa.
3104,Mercado da bola,"O diretor de futebol, após o intervalo, anunciou a chegada do novo técnico."
3105,Partida,"O ponta-direita, na estreia do campeonato, cabeceou por cima do travessão."
3106,Treinamento,"Na estreia do campeonato, o técnico comandou o coletivo com os titulares."
3107,Imprensa,O podcast de futebol elogiou o trabalho do técnico pela primeira vez na temporada.
3108,Partida,"O camisa 10, na rodada de domingo, deu um carrinho perfeito."
3109,Imprensa,O podcast de futebol entrevistou o técnico na abertura da rodada.
3110,Partida,O centroavante cruzou rasteiro para o meio no meio da semana.
3111,Imprensa,O setorista revelou o novo patrocinador em meio à crise.
3112,Categorias de base,"Na volta das férias, o coordenador da base conquistou o torneio internacional de base."
3113,Categorias de base,"O menino da comunidade, no meio da semana, disputou a peneira regional."
3114,Imprensa,"No jogo de ida, o jornalista esportivo noticiou a crise no vestiário."
3115,Treinamento,O técnico ajustou a bola parada na rodada de domingo.
3116,Torcida,"A torcida organizada, na reta final da temporada, cantou sem parar."
3117,Imprensa,O jornalista esportivo criticou a escalação inicial na noite de sábado.
3118,Torcida,"A torcida visitante, para delírio da torcida, pediu a saída do técnico."
3119,Partida,"O volante, em meio à crise, deu um drible desconcertante."
3120,Mercado da bola,"Na reta final da temporada, o diretor de futebol renovou o vínculo do capitão."
3121,Arbitragem,"O quarto árbitro, no gramado encharcado, revisou a jogada do gol."
3122,Torcida,"A torcida visitante, em pleno feriado, lotou o aeroporto."
3123,Arbitragem,A equipe de arbitragem revisou a jogada do gol em plena data FIFA.
3124,Treinamento,O preparador físico testou um novo esquema tático no jogo do returno.
3125,Arbitragem,"O juiz da partida, na decisão do estadual, anulou o gol por falta no goleiro."
3126,Mercado da bola,"O diretor de futebol, antes do intervalo, sondou um zagueiro do futebol argentino."
3127,Mercado da bola,"Na rodada de domingo, o gerente de futebol apresentou o novo uniforme."
3128,Mercado da bola,"Fora de casa, o presidente do clube renovou o contrato do goleiro."
3129,Torcida,"Na abertura da rodada, o sócio-torcedor comemorou o gol da virada."
3130,Treinamento,"Na abertura da rodada, o coordenador técnico testou um novo esquema tático."
3131,Partida,O ponta-direita cruzou rasteiro para o meio logo no primeiro minuto.
3132,Mercado da bola,"O diretor de futebol, aos 45 minutos do segundo tempo, negociou a contratação do volante."
3133,Categorias de base,"No meio da semana, o garoto da base disputou a final do sub-17."
3134,Treinamento,"O preparador de goleiros, no confronto pela copa, comandou o rachão."
3135,Torcida,"Em meio à crise, o grupo de torcedores pediu mais raça aos jogadores."
3136,Arbitragem,O quarto árbitro ignorou o toque de mão no clássico de quarta-feira.
3137,Torcida,"A torcida organizada, no jogo do returno, vaiou a escalação do técnico."
3138,Treinamento,O fisiologista planejou a recuperação dos atletas sob forte chuva.
3139,Campeonato,"Em plena data FIFA, o time do interior venceu o clássico regional."
3140,Campeonato,"No meio da semana, o lanterna perdeu a final nos pênaltis."
3141,Partida,"Na final da copa, o zagueiro chutou cruzado para o gol."
3142,Categorias de base,O treinador do sub-17 estreou na seleção de base na reta final da temporada.
3143,Treinamento,O fisiologista testou um novo esquema tático antes do intervalo.
3144,Categorias de base,O olheiro impressionou o técnico do profissional na reta final da temporada.
3145,Torcida,"A arquibancada, no jogo de ida, aplaudiu o goleiro."
3146,Arbitragem,"No jogo de ida, o assistente de vídeo revisou o toque de mão."
3147,Partida,O atacante cabeceou após o escanteio na estreia do campeonato.
3148,Campeonato,O favorito ao título conquistou o acesso à Série A nos acréscimos.
3149,Partida,"O lateral-esquerdo, no gramado encharcado, deu um drible desconcertante."
3150,Partida,"Durante a pré-temporada, o meia-armador chutou a bola no ângulo."
3151,Arbitragem,"No jogo do returno, o quarto árbitro expulsou o volante adversário."
3152,Treinamento,"Em pleno feriado, o técnico testou um novo esquema tático."
3153,Imprensa,"No estádio do rival, a repórter de campo previu o título do líder."
3154,Categorias de base,"No jogo de ida, o coordenador da base revelou um goleiro de futuro."
3155,Arbitragem,"No segundo tempo, o quarto árbitro marcou o pênalti."
3156,Treinamento,"O preparador de goleiros, depois de três derrotas seguidas, fechou o treino à imprensa."
3157,Partida,"Depois de três derrotas seguidas, o zagueiro cabeceou no canto do goleiro."
3158,Campeonato,"Logo no primeiro minuto, o time visitante conquistou o título nacional."
3159,Mercado da bola,"No estádio lotado, o clube árabe anunciou a chegada do novo técnico."
3160,Treinamento,O fisiologista planejou a recuperação dos atletas no jogo do returno.
3161,Arbitragem,A assistente marcou a falta na entrada da área no clássico de quarta-feira.
3162,Campeonato,O clube recém-promovido conquistou o acesso à Série A no meio da semana.
3163,Imprensa,O setorista narrou a virada histórica na partida transmitida para todo o país.
3164,Mercado da bola,"Na Arena da Baixada, a diretoria renovou o vínculo do capitão."
3165,Arbitragem,O bandeirinha deu o apito final sob forte chuva.
3166,Arbitragem,"A equipe de arbitragem, no domingo à tarde, marcou o pênalti."
3167,Categorias de base,"Sob forte chuva, o jovem goleiro conquistou a Copinha."
3168,Categorias de base,A promessa do clube impressionou os olheiros europeus no meio da semana.
3169,Partida,"Para delírio da torcida, o volante finalizou com o pé esquerdo."
3170,Partida,O camisa 10 sofreu um pênalti no estádio lotado.
3171,Treinamento,O departamento médico ajustou a bola parada fora de casa.
3172,Imprensa,"Na reta final da temporada, o setorista noticiou a crise no vestiário."
3173,Arbitragem,"Na estreia do campeonato, o árbitro anulou o gol por falta no goleiro."
3174,Categorias de base,"O treinador do sub-17, no confronto pela copa, revelou um goleiro de futuro."
3175,Mercado da bola,"No jogo de ida, o agente do jogador anunciou um patrocínio master."
3176,Arbitragem,"Na volta das férias, o juiz da partida expulsou o zagueiro."
3177,Partida,O capitão do time deu um chapéu no marcador em pleno feriado.
3178,Arbitragem,"Logo no primeiro minuto, o bandeirinha deu o apito final."
3179,Mercado da bola,O clube rival renovou o contrato do goleiro no segundo tempo.
3180,Partida,O capitão do time sofreu uma lesão muscular em plena data FIFA.
3181,Partida,"Na decisão do estadual, o atacante finalizou por cobertura."
3182,Partida,"O capitão do time, em plena data FIFA, cruzou para a área."
3183,Torcida,O grupo de torcedores lotou a frente do centro de treinamento fora de casa.
3184,Campeonato,"O time da casa, no jogo do returno, venceu o clássico regional."
3185,Torcida,"O torcedor mais antigo do clube, diante de 40 mil torcedores, comemorou o acesso à primeira divisão."
3186,Partida,"Em pleno feriado, o lateral-esquerdo chutou cruzado para o gol."
3187,Campeonato,"Na despedida do ídolo, o lanterna conquistou o título nacional."
3188,Categorias de base,"Fora de casa, o time sub-15 assinou o primeiro contrato profissional."
3189,Treinamento,"O técnico, em plena data FIFA, ajustou a marcação por pressão."
3190,Treinamento,"O fisiologista, aos 45 minutos do segundo tempo, testou o meia na lateral."
3191,Partida,O zagueiro deu um carrinho perfeito na partida transmitida para todo o país.
3192,Torcida,"A arquibancada, na noite de sábado, vaiou o árbitro."
3193,Categorias de base,"No clássico de quarta-feira, o menino da comunidade conquistou a Copinha."
3194,Imprensa,A coluna do jornal entrevistou o presidente do clube nos acréscimos.
3195,Partida,"Em plena data FIFA, o camisa 10 sofreu uma lesão muscular."
3196,Mercado da bola,"No estádio do rival, o investidor da SAF renovou o vínculo do capitão."
3197,Categorias de base,"O treinador do sub-17, no jogo do centenário do clube, revelou um lateral promissor."
3198,Campeonato,"Em noite de casa cheia, o clube recém-promovido empatou sem gols."
3199,Torcida,A torcida mandante vaiou a escalação do técnico no confronto pela copa.
3200,Treinamento,O departamento médico intensificou o trabalho físico no clássico de quarta-feira.
3201,Mercado da bola,"O clube europeu, para delírio da torcida, renovou o contrato do goleiro."
3202,Categorias de base,"Em meio à crise, o time sub-20 revelou um lateral promissor."
3203,Partida,O lateral-esquerdo deu um carrinho perfeito em plena data FIFA.
3204,Imprensa,A repórter de campo noticiou a lesão do artilheiro durante a pré-temporada.
3205,Arbitragem,A equipe de arbitragem anulou o gol por falta no goleiro na reta final da temporada.
3206,Campeonato,O time visitante conquistou a copa do estado durante a pré-temporada.
3207,Imprensa,"A emissora de rádio, na final da copa, noticiou a crise no vestiário."
3208,Categorias de base,O time sub-15 foi promovido ao elenco principal fora de casa.
3209,Categorias de base,O garoto da base revelou um novo talento na volta das férias.
3210,Imprensa,"O jornalista esportivo, em noite de casa cheia, narrou o golaço da rodada."
3211,Treinamento,"No meio da semana, a comissão técnica liberou o lateral após exames."
3212,Partida,"Em noite de casa cheia, o lateral-esquerdo chutou a bola para fora."
3213,Partida,"O camisa 10, na decisão do estadual, finalizou por cobertura."
3214,Partida,"Na abertura da rodada, o lateral-esquerdo deu uma assistência precisa."
3215,Partida,O lateral-esquerdo cabeceou após o escanteio logo no primeiro minuto.
3216,Partida,"Na volta das férias, o capitão do time deu um drible desconcertante."
3217,Mercado da bola,"Na noite de sábado, o clube árabe renovou o contrato do artilheiro."
3218,Categorias de base,"O treinador do sub-17, no segundo tempo, estreou na seleção de base."
3219,Campeonato,O clube recém-promovido venceu o confronto direto no domingo à tarde.
3220,Arbitragem,"A equipe de arbitragem, no confronto pela copa, deu o apito final."
3221,Categorias de base,O treinador do sub-17 revelou um goleiro de futuro em noite de casa cheia.
3222,Arbitragem,"O bandeirinha, diante de 40 mil torcedores, ignorou as reclamações do banco."
3223,Torcida,"Na final da copa, a arquibancada fez uma festa bonita."
3224,Arbitragem,"O assistente de vídeo, diante de 40 mil torcedores, marcou o impedimento."
3225,Treinamento,O técnico liberou o lateral após exames durante a pré-temporada.
3226,Arbitragem,"Em pleno feriado, a assistente expulsou o volante adversário."
3227,Partida,"O ponta-direita, na abertura da rodada, sofreu uma falta dura."
3228,Arbitragem,"O árbitro de vídeo, no estádio lotado, expulsou o zagueiro."
3229,Mercado da bola,"O diretor de futebol, nos acréscimos, negociou a liberação do meia."
3230,Arbitragem,"No último jogo do ano, o árbitro principal ignorou o pedido de pênalti."
3231,Categorias de base,"Na despedida do ídolo, o jovem goleiro estreou no time profissional."
3232,Imprensa,"O podcast de futebol, no confronto pela copa, previu o título do líder."
3233,Torcida,A torcida jovem aplaudiu o elenco após a derrota fora de casa.
3234,Imprensa,"O jornalista esportivo, na volta das férias, elogiou a estreia do reforço."
3235,Imprensa,O setorista noticiou a lesão do artilheiro após o intervalo.
3236,Imprensa,"Na noite de sábado, o setorista previu uma goleada no clássico."
3237,Partida,O jogador reserva finalizou com o pé esquerdo na volta das férias.
3238,Categorias de base,A promessa do clube conquistou o título estadual juvenil durante a pré-temporada.
3239,Partida,"O lateral-esquerdo, no segundo tempo, perdeu um gol feito."
3240,Partida,"Na final da copa, o volante chutou a bola para fora."
3241,Imprensa,"Na final da copa, o podcast de futebol previu o rebaixamento do clube."
3242,Torcida,A torcida visitante cantou o hino do clube antes do intervalo.
3243,Arbitragem,O árbitro de vídeo marcou o impedimento no confronto pela copa.
3244,Arbitragem,"Sob forte chuva, o quarto árbitro aplicou o cartão vermelho."
3245,Mercado da bola,"Em plena data FIFA, o clube árabe negociou o empréstimo do lateral."
3246,Campeonato,"No segundo tempo, o favorito ao título assumiu a vice-liderança."
3247,Categorias de base,O jovem goleiro revelou um novo talento em plena data FIFA.
3248,Partida,"O zagueiro, antes do intervalo, cruzou rasteiro para o meio."
3249,Campeonato,O favorito ao título perdeu a invencibilidade na despedida do ídolo.
3250,Imprensa,"Aos 45 minutos do segundo tempo, o setorista criticou o esquema tático."
3251,Imprensa,"A repórter de campo, antes do intervalo, narrou a decisão por pênaltis."
3252,Campeonato,"No jogo do centenário do clube, o time da casa empatou o jogo de ida."
3253,Campeonato,"Nos acréscimos, o clube recém-promovido assumiu a liderança da tabela."
3254,Torcida,O torcedor aplaudiu o elenco após a derrota no jogo do centenário do clube.
3255,Imprensa,"O canal de esportes, na abertura da rodada, criticou a arbitragem."
3256,Campeonato,"O vice-líder, aos 45 minutos do segundo tempo, venceu por goleada."
3257,Partida,"O lateral-esquerdo, em pleno feriado, marcou dois gols."
3258,Mercado da bola,O investidor da SAF negociou a venda do jovem atacante na Arena da Baixada.
3259,Imprensa,"Em pleno feriado, a emissora de rádio elogiou a estreia do reforço."
3260,Mercado da bola,"No estádio lotado, o presidente do clube pagou a primeira parcela da transferência."
3261,Imprensa,"Sob forte chuva, o jornalista esportivo entrevistou o técnico."
3262,Campeonato,O time visitante perdeu a final nos pênaltis no gramado encharcado.
3263,Categorias de base,"A escolinha de futebol, na reta final da temporada, revelou um lateral promissor."
3264,Partida,"Sob forte chuva, o lateral-esquerdo finalizou por cobertura."
3265,Arbitragem,"O bandeirinha, nos acréscimos, revisou a jogada do gol."
3266,Imprensa,O narrador noticiou a crise no vestiário no jogo do returno.
3267,Imprensa,"No domingo à tarde, o comentarista revelou a escalação do clássico."
3268,Arbitragem,"A equipe de arbitragem, para delírio da torcida, anulou o gol por impedimento."
3269,Torcida,"A torcida jovem, pela primeira vez na temporada, comemorou a classificação."
3270,Partida,"O meia-armador, na estreia do campeonato, cabeceou para o fundo da rede."
3271,Campeonato,O líder do campeonato conquistou o título nacional na abertura da rodada.
3272,Arbitragem,A árbitra marcou um escanteio duvidoso no jogo do centenário do clube.
3273,Torcida,"A torcida visitante, na partida transmitida para todo o país, comemorou o acesso à primeira divisão."
3274,Torcida,A charanga cantou sem parar após o intervalo.
3275,Mercado da bola,"O empresário, na quarta-feira à noite, sondou um zagueiro do futebol argentino."
3276,Imprensa,"O jornalista esportivo, no domingo à tarde, revelou os bastidores da negociação."
3277,Torcida,O torcedor mais antigo do clube lotou o aeroporto logo no primeiro minuto.
3278,Torcida,O grupo de torcedores fez uma festa bonita em pleno feriado.
3279,Imprensa,"No jogo do centenário do clube, a emissora de rádio noticiou a demissão do treinador."
3280,Treinamento,O preparador físico comandou a atividade de finalização para delírio da torcida.
3281,Imprensa,"No jogo do returno, a emissora de rádio previu o rebaixamento do clube."
3282,Mercado da bola,O gerente de futebol recusou a troca de jogadores logo no primeiro minuto.
3283,Categorias de base,"A promessa do clube, na Arena da Baixada, conquistou o título estadual juvenil."
3284,Treinamento,"O treinador interino, em meio à crise, comandou o treino tático."
3285,Mercado da bola,"Após o intervalo, o gerente de futebol recusou a oferta do rival."
3286,Arbitragem,"O juiz da partida, na volta das férias, marcou a falta na entrada da área."
3287,Campeonato,"O favorito ao título, no domingo à tarde, perdeu a liderança da tabela."
3288,Partida,O ponta-direita marcou de pênalti no domingo à tarde.
3289,Treinamento,A comissão técnica testou três zagueiros no clássico de quarta-feira.
3290,Mercado da bola,"O agente do jogador, após o intervalo, recusou a troca de jogadores."
3291,Arbitragem,"O juiz da partida, nos acréscimos, deu o apito final."
3292,Arbitragem,"O quarto árbitro, fora de casa, marcou o tiro de meta."
3293,Partida,"O jogador reserva, na estreia do campeonato, cruzou na cabeça do centroavante."
3294,Treinamento,"O departamento médico, no jogo de ida, planejou a recuperação dos atletas."
3295,Arbitragem,"Na quarta-feira à noite, a árbitra expulsou o volante adversário."
3296,Arbitragem,"O árbitro, logo no primeiro minuto, marcou o pênalti."
3297,Categorias de base,"No clássico de quarta-feira, o olheiro impressionou os olheiros europeus."
3298,Mercado da bola,"O clube europeu, depois de três derrotas seguidas, negociou o empréstimo do lateral."
3299,Partida,"O atacante, na noite de sábado, deu uma assistência precisa."
3300,Arbitragem,A equipe de arbitragem aplicou a lei da vantagem no jogo de ida.
3301,Imprensa,O narrador criticou o esquema tático após o intervalo.
3302,Arbitragem,O árbitro marcou um escanteio duvidoso para delírio da torcida.
3303,Imprensa,"Na Arena da Baixada, a repórter de campo elogiou o desempenho do goleiro."
3304,Mercado da bola,O presidente do clube renovou o vínculo do capitão na reta final da temporada.
3305,Partida,O volante finalizou de primeira na abertura da rodada.
3306,Categorias de base,A escolinha de futebol disputou a peneira regional durante a pré-temporada.
3307,Treinamento,"Após o intervalo, o técnico liberou o elenco para o fim de semana."
3308,Arbitragem,"A assistente, na abertura da rodada, deu a bola ao chão."
3309,Arbitragem,"Nos acréscimos, a assistente expulsou o zagueiro."
3310,Mercado da bola,O agente do jogador renovou o contrato do goleiro nos acréscimos.
3311,Campeonato,"Na rodada de domingo, o favorito ao título venceu o clássico regional."
3312,Arbitragem,"Em noite de casa cheia, o árbitro de vídeo aplicou o cartão amarelo."
3313,Treinamento,"O analista de desempenho, em meio à crise, ajustou a bola parada."
3314,Categorias de base,"Na decisão do estadual, o coordenador da base conquistou o torneio internacional de base."
3315,Campeonato,"No jogo do returno, o time da casa garantiu a classificação para as quartas."
3316,Categorias de base,O menino da comunidade assinou com um clube europeu logo no primeiro minuto.
3317,Partida,"O jogador reserva, na partida transmitida para todo o país, chutou a bola para fora."
3318,Categorias de base,"Na volta das férias, o coordenador da base revelou um lateral promissor."
3319,Arbitragem,O juiz da partida ignorou as reclamações do banco na final da copa.
3320,Torcida,A torcida visitante pediu a saída do técnico no confronto pela copa.
3321,Mercado da bola,A diretoria renovou o vínculo do capitão na partida transmitida para todo o país.
3322,Arbitragem,"O árbitro, na despedida do ídolo, revisou o lance no monitor."
3323,Arbitragem,"No segundo tempo, o juiz da partida aplicou a lei da vantagem."
3324,Categorias de base,O menino da comunidade revelou um lateral promissor durante a pré-temporada.
3325,Treinamento,"Nos acréscimos, o analista de desempenho comandou a atividade de finalização."
3326,Partida,O meia-armador cabeceou para o fundo da rede na abertura da rodada.
3327,Mercado da bola,"O agente do jogador, na Arena da Baixada, anunciou o reforço para a temporada."
3328,Campeonato,"No segundo tempo, o time da casa venceu por goleada."
3329,Treinamento,"No jogo do centenário do clube, a comissão técnica fechou o treino à imprensa."
3330,Categorias de base,"O treinador do sub-17, na reta final da temporada, conquistou o título estadual juvenil."
3331,Torcida,"Na noite de sábado, o grupo de torcedores comemorou o acesso à primeira divisão."
3332,Torcida,"Na Arena da Baixada, a arquibancada comemorou a classificação."
3333,Partida,O camisa 10 sofreu uma lesão muscular pela primeira vez na temporada.
3334,Imprensa,"Aos 45 minutos do segundo tempo, a emissora de rádio narrou a virada histórica."
3335,Arbitragem,O árbitro principal aplicou a lei da vantagem no domingo à tarde.
3336,Treinamento,O auxiliar técnico liberou o atacante para o jogo na final da copa.
3337,Partida,"O meia-armador, na despedida do ídolo, marcou de pênalti."
3338,Torcida,O grupo de torcedores fez uma grande recepção ao elenco após o intervalo.
3339,Treinamento,O técnico comandou o treino tático na quarta-feira à noite.
3340,Mercado da bola,"No domingo à tarde, o diretor de futebol apresentou o novo camisa 9."
3341,Campeonato,"O líder do campeonato, no estádio lotado, eliminou o favorito ao título."
3342,Arbitragem,"A assistente, no estádio lotado, marcou um escanteio duvidoso."
3343,Partida,O camisa 10 marcou de falta no jogo de ida.
3344,Treinamento,"Na rodada de domingo, o preparador de goleiros liberou o lateral após exames."
3345,Imprensa,"Em meio à crise, o narrador noticiou a crise no vestiário."
3346,Categorias de base,O garoto da base foi promovido ao time sub-20 após o intervalo.
3347,Arbitragem,O quarto árbitro marcou o pênalti no jogo de ida.
3348,Torcida,"A torcida organizada, depois de três derrotas seguidas, pediu mais raça aos jogadores."
3349,Treinamento,"Na noite de sábado, a comissão técnica comandou o rachão."
3350,Imprensa,"Em pleno feriado, a emissora de rádio entrevistou o presidente do clube."
3351,Treinamento,"Na abertura da rodada, o preparador físico testou o jovem da base no time titular."
3352,Imprensa,A emissora de rádio narrou a virada histórica na estreia do campeonato.
3353,Imprensa,O jornalista esportivo narrou o golaço da rodada na estreia do campeonato.
3354,Mercado da bola,O clube rival negociou a liberação do meia fora de casa.
3355,Imprensa,"O canal de esportes, na noite de sábado, previu uma goleada no clássico."
3356,Partida,"O centroavante, no gramado encharcado, cabeceou no canto do goleiro."
3357,Imprensa,A emissora de rádio previu uma goleada no clássico depois de três derrotas seguidas.
3358,Imprensa,O canal de esportes narrou a virada histórica no último jogo do ano.
3359,Torcida,"Na Arena da Baixada, o grupo de torcedores cantou sem parar."
3360,Torcida,"No estádio do rival, a torcida jovem vaiou o árbitro."
3361,Partida,O meia-armador finalizou de primeira no estádio do rival.
3362,Treinamento,"No gramado encharcado, o coordenador técnico comandou o coletivo com os titulares."
3363,Imprensa,"A repórter de campo, logo no primeiro minuto, previu uma goleada no clássico."
3364,Partida,"No jogo de ida, o meia-armador marcou de falta."
3365,Arbitragem,"Fora de casa, o árbitro deu seis minutos de acréscimo."
3366,Torcida,A charanga vaiou a escalação do técnico na reta final da temporada.
3367,Imprensa,"Na volta das férias, o blogueiro esportivo entrevistou o capitão."
3368,Partida,O camisa 10 sofreu um pênalti na despedida do ídolo.
3369,Mercado da bola,O diretor de futebol recusou uma proposta milionária no gramado encharcado.
3370,Arbitragem,"O árbitro, no jogo de ida, deu o apito final."
3371,Treinamento,O departamento médico testou o meia na lateral na estreia do campeonato.
3372,Treinamento,"No gramado encharcado, o treinador interino planejou a recuperação dos atletas."
3373,Treinamento,"Na partida transmitida para todo o país, o analista de desempenho intensificou o trabalho físico."
3374,Treinamento,"Na quarta-feira à noite, o preparador físico testou o jovem da base no time titular."
3375,Torcida,"Na partida transmitida para todo o país, a torcida mandante lotou o estádio."
3376,Imprensa,"No gramado encharcado, a coluna do jornal criticou o esquema tático."
3377,Categorias de base,"Sob forte chuva, o time sub-15 assinou com um clube europeu."
3378,Mercado da bola,"O investidor da SAF, no clássico de quarta-feira, recusou a oferta do rival."
3379,Mercado da bola,O agente do jogador negociou a contratação do volante antes do intervalo.
3380,Imprensa,A emissora de rádio noticiou a lesão do artilheiro na partida transmitida para todo o país.
3381,Treinamento,"O preparador de goleiros, no domingo à tarde, comandou o rachão."
3382,Imprensa,"No meio da semana, o canal de esportes elogiou a postura do time."
3383,Mercado da bola,"No jogo do returno, o gerente de futebol pagou a multa rescisória."
3384,Partida,"Na quarta-feira à noite, o lateral-esquerdo sofreu um pênalti."
3385,Mercado da bola,"A diretoria, depois de três derrotas seguidas, apresentou o novo uniforme."
3386,Partida,O atacante perdeu a chance de empatar no clássico de quarta-feira.
3387,Arbitragem,O assistente de vídeo marcou a falta na entrada da área no meio da semana.
3388,Categorias de base,O jovem goleiro disputou a peneira regional logo no primeiro minuto.
3389,Campeonato,O lanterna perdeu a invencibilidade aos 45 minutos do segundo tempo.
3390,Campeonato,"Durante a pré-temporada, o favorito ao título eliminou o atual campeão."
3391,Categorias de base,O garoto da base conquistou a Copinha no estádio do rival.
3392,Arbitragem,"Depois de três derrotas seguidas, o árbitro expulsou o volante adversário."
3393,Partida,"No domingo à tarde, o meia-armador finalizou rente à trave."
3394,Mercado da bola,"No jogo de ida, o agente do jogador negociou a liberação do meia."
3395,Treinamento,"Na volta das férias, o fisiologista liberou o elenco para o fim de semana."
3396,Campeonato,"No segundo tempo, o time visitante garantiu a vaga na Libertadores."
3397,Partida,"O lateral-esquerdo, no meio da semana, cruzou para a área."
3398,Campeonato,"O time visitante, logo no primeiro minuto, assumiu a liderança da tabela."
3399,Torcida,"O torcedor mais antigo do clube, na volta das férias, lotou o aeroporto."
3400,Imprensa,O canal de esportes criticou a atuação do time no estádio do rival.
3401,Imprensa,"O canal de esportes, no estádio do rival, criticou a atuação do time."
3402,Torcida,A torcida jovem pediu mais raça aos jogadores em meio à crise.
3403,Partida,"O volante, antes do intervalo, finalizou com o pé esquerdo."
3404,Campeonato,"O clube recém-promovido, fora de casa, venceu por goleada."
3405,Treinamento,"Na Arena da Baixada, o fisiologista ajustou a saída de bola."
3406,Imprensa,A repórter de campo revelou os bastidores da negociação no meio da semana.
3407,Imprensa,O setorista previu o título do líder pela primeira vez na temporada.
3408,Arbitragem,"O assistente de vídeo, no confronto pela copa, expulsou o volante adversário."
3409,Treinamento,A comissão técnica intensificou as cobranças de pênalti em plena data FIFA.
3410,Torcida,"A charanga, depois de três derrotas seguidas, fez um protesto pacífico."
3411,Partida,"O capitão do time, na abertura da rodada, finalizou com o pé esquerdo."
3412,Arbitragem,O árbitro aplicou a lei da vantagem no segundo tempo.
3413,Torcida,"Na volta das férias, o sócio-torcedor aplaudiu a homenagem ao ídolo."
3414,Campeonato,O atual campeão eliminou o atual campeão sob forte chuva.
3415,Imprensa,"Na estreia do campeonato, o narrador elogiou o desempenho do goleiro."
3416,Imprensa,"Na noite de sábado, o blogueiro esportivo criticou a arbitragem."
3417,Campeonato,"O favorito ao título, no jogo de ida, garantiu a classificação para as quartas."
3418,Campeonato,"Na partida transmitida para todo o país, o atual campeão eliminou o favorito ao título."
3419,Arbitragem,A assistente marcou o impedimento sob forte chuva.
3420,Arbitragem,"Em plena data FIFA, o árbitro ignorou o toque de mão."
3421,Categorias de base,"O time sub-20, aos 45 minutos do segundo tempo, assinou com um clube europeu."
3422,Treinamento,"O preparador de goleiros, no estádio do rival, comandou o coletivo com os titulares."
3423,Categorias de base,A promessa do clube estreou no time profissional no estádio do rival.
3424,Partida,"O capitão do time, no jogo do centenário do clube, marcou de pênalti."
3425,Mercado da bola,"Na decisão do estadual, o clube europeu anunciou um patrocínio master."
3426,Partida,"No jogo de ida, o lateral-esquerdo finalizou com o pé esquerdo."
3427,Categorias de base,O time sub-20 revelou um goleiro de futuro na final da copa.
3428,Treinamento,O treinador interino ajustou a marcação por pressão no último jogo do ano.
3429,Categorias de base,A promessa do clube impressionou o técnico do profissional no confronto pela copa.
3430,Arbitragem,"O árbitro de vídeo, em meio à crise, marcou o pênalti."
3431,Treinamento,O preparador físico comandou a atividade de finalização diante de 40 mil torcedores.
3432,Treinamento,O analista de desempenho testou o jovem da base no time titular depois de três derrotas seguidas.
3433,Mercado da bola,"A diretoria, aos 45 minutos do segundo tempo, anunciou a saída do capitão."
3434,Partida,"O capitão do time, em noite de casa cheia, perdeu um gol feito."
3435,Mercado da bola,"Na reta final da temporada, o diretor de futebol sondou um zagueiro do futebol argentino."
3436,Partida,"O jogador reserva, na decisão do estadual, sofreu um pênalti."
3437,Imprensa,"No estádio lotado, o blogueiro esportivo narrou o golaço da rodada."
3438,Arbitragem,O bandeirinha anulou o pênalti após revisão antes do intervalo.
3439,Categorias de base,"O garoto da base, fora de casa, disputou a final do sub-17."
3440,Treinamento,"Fora de casa, o preparador físico planejou a recuperação dos atletas."
3441,Treinamento,"O auxiliar técnico, após o intervalo, liberou o elenco para o fim de semana."
3442,Arbitragem,"Em pleno feriado, o quarto árbitro ignorou o pedido de pênalti."
3443,Partida,O meia-armador chutou a bola no ângulo na abertura da rodada.
3444,Torcida,A torcida visitante lotou o estádio no meio da semana.
3445,Campeonato,"O time do interior, nos acréscimos, conquistou o título nacional."
3446,Torcida,A torcida organizada lotou o estádio no último jogo do ano.
3447,Partida,"Na despedida do ídolo, o atacante deu um chapéu no marcador."
3448,Torcida,"Nos acréscimos, o sócio-torcedor vaiou o time na saída de campo."
3449,Mercado da bola,"Na estreia do campeonato, o presidente do clube anunciou a saída do capitão."
3450,Campeonato,O clube recém-promovido garantiu a vaga na Libertadores na noite de sábado.
3451,Arbitragem,"Antes do intervalo, o árbitro anulou o gol por falta no goleiro."
3452,Mercado da bola,O clube rival apresentou o reforço à torcida no domingo à tarde.
3453,Arbitragem,"A equipe de arbitragem, sob forte chuva, deu o apito final."
3454,Partida,"O centroavante, fora de casa, perdeu a chance de empatar."
3455,Imprensa,"Na decisão do estadual, o podcast de futebol previu o título do líder."
3456,Arbitragem,"A equipe de arbitragem, na volta das férias, anulou o pênalti após revisão."
3457,Campeonato,"O time visitante, na reta final da temporada, venceu o confronto direto."
3458,Mercado da bola,O investidor da SAF anunciou um patrocínio master sob forte chuva.
3459,Partida,"Pela primeira vez na temporada, o camisa 10 marcou dois gols."
3460,Campeonato,"No gramado encharcado, o time da casa assumiu a vice-liderança."
3461,Torcida,A torcida organizada pediu a saída do técnico pela primeira vez na temporada.
3462,Imprensa,A coluna do jornal criticou a arbitragem no estádio do rival.
3463,Arbitragem,A assistente revisou o toque de mão nos acréscimos.
3464,Imprensa,"O jornalista esportivo, no domingo à tarde, entrevistou o autor do gol."
3465,Treinamento,O coordenador técnico comandou o treino tático na Arena da Baixada.
3466,Categorias de base,"A promessa do clube, fora de casa, revelou um novo talento."
3467,Imprensa,"Na final da copa, a repórter de campo revelou a escalação do clássico."
3468,Campeonato,"O time da casa, aos 45 minutos do segundo tempo, empatou sem gols."
3469,Imprensa,A coluna do jornal noticiou a demissão do treinador na noite de sábado.
3470,Treinamento,O analista de desempenho intensificou os treinos de finalização no domingo à tarde.
3471,Mercado da bola,"A diretoria, após o intervalo, recusou a oferta do rival."
3472,Partida,O lateral-esquerdo chutou forte de fora da área no segundo tempo.
3473,Campeonato,O time visitante eliminou o favorito ao título em noite de casa cheia.
3474,Mercado da bola,O empresário sondou um ponta do interior paulista em meio à crise.
3475,Treinamento,"Para delírio da torcida, o técnico liberou o lateral após exames."
3476,Mercado da bola,"Sob forte chuva, o clube europeu sondou um zagueiro do futebol argentino."
3477,Mercado da bola,"O clube europeu, no jogo do centenário do clube, recusou uma proposta milionária."
3478,Mercado da bola,O diretor de futebol pagou a primeira parcela da transferência em meio à crise.
3479,Mercado da bola,"Na abertura da rodada, o clube europeu renovou o contrato do goleiro."
3480,Torcida,A arquibancada lotou o estádio diante de 40 mil torcedores.
3481,Mercado da bola,"O clube árabe, na volta das férias, negociou o empréstimo do lateral."
3482,Mercado da bola,"O clube árabe, após o intervalo, renovou o contrato do goleiro."
3483,Imprensa,"O narrador, antes do intervalo, narrou o golaço da rodada."
3484,Treinamento,O preparador de goleiros comandou o treino tático na final da copa.
3485,Categorias de base,"Antes do intervalo, o menino da comunidade assinou o primeiro contrato profissional."
3486,Imprensa,O podcast de futebol noticiou a venda do atacante na estreia do campeonato.
3487,Partida,O centroavante cabeceou por cima do travessão pela primeira vez na temporada.
3488,Mercado da bola,O diretor de futebol anunciou um patrocínio master no último jogo do ano.
3489,Imprensa,"Em meio à crise, o comentarista criticou a atuação do time."
3490,Treinamento,O departamento médico ajustou a bola parada em meio à crise.
3491,Mercado da bola,O clube rival negociou a liberação do meia na partida transmitida para todo o país.
3492,Campeonato,O time do interior eliminou o favorito ao título logo no primeiro minuto.
3493,Imprensa,"Na Arena da Baixada, a emissora de rádio entrevistou o capitão."
3494,Arbitragem,"Na decisão do estadual, o árbitro principal expulsou o técnico."
3495,Arbitragem,"O assistente de vídeo, em meio à crise, deu a bola ao chão."
3496,Mercado da bola,O diretor de futebol renovou o contrato do goleiro aos 45 minutos do segundo tempo.
3497,Arbitragem,"Na noite de sábado, a equipe de arbitragem ignorou o toque de mão."
3498,Treinamento,"Em plena data FIFA, o preparador de goleiros fechou a escalação para o clássico."
3499,Treinamento,"O fisiologista, na quarta-feira à noite, testou o meia na lateral."
3500,Partida,"O atacante, no estádio lotado, deu uma assistência precisa."
3501,Categorias de base,"O coordenador da base, diante de 40 mil torcedores, conquistou a Copinha."
3502,Treinamento,"Em noite de casa cheia, o técnico comandou a atividade de finalização."
3503,Arbitragem,O árbitro de vídeo ignorou as reclamações do banco no clássico de quarta-feira.
3504,Categorias de base,A promessa do clube impressionou os olheiros europeus pela primeira vez na temporada.
3505,Arbitragem,"Em noite de casa cheia, o quarto árbitro aplicou a lei da vantagem."
3506,Imprensa,"A emissora de rádio, durante a pré-temporada, elogiou a estreia do reforço."
3507,Mercado da bola,"Sob forte chuva, a diretoria negociou o empréstimo do lateral."
3508,Torcida,"O sócio-torcedor, no jogo de ida, fez um mosaico gigante."
3509,Campeonato,"Em plena data FIFA, o vice-líder perdeu a final nos pênaltis."
3510,Categorias de base,O time sub-20 foi promovido ao elenco principal em pleno feriado.
3511,Imprensa,"Em pleno feriado, o podcast de futebol elogiou a postura do time."
3512,Categorias de base,"Logo no primeiro minuto, o garoto da base impressionou a comissão técnica."
3513,Imprensa,"A coluna do jornal, sob forte chuva, narrou o golaço da rodada."
3514,Categorias de base,"O treinador do sub-17, no jogo do centenário do clube, conquistou a Copinha."
3515,Categorias de base,"Para delírio da torcida, a escolinha de futebol assinou com um clube europeu."
3516,Categorias de base,O garoto da base foi promovido ao elenco principal depois de três derrotas seguidas.
3517,Imprensa,A emissora de rádio criticou a arbitragem após o intervalo.
3518,Treinamento,O preparador de goleiros fechou o treino à imprensa na abertura da rodada.
3519,Mercado da bola,"O diretor de futebol, na abertura da rodada, negociou a liberação do meia."
3520,Partida,"O lateral-esquerdo, no meio da semana, finalizou na trave."
3521,Mercado da bola,"No jogo de ida, o clube rival negociou a liberação do meia."
3522,Mercado da bola,O clube rival pagou a primeira parcela da transferência no clássico de quarta-feira.
3523,Categorias de base,O time sub-20 disputou a final do sub-17 na volta das férias.
3524,Mercado da bola,"O diretor de futebol, aos 45 minutos do segundo tempo, pagou as luvas do reforço."
3525,Mercado da bola,"O presidente do clube, diante de 40 mil torcedores, recusou uma proposta milionária."
3526,Arbitragem,"Fora de casa, a equipe de arbitragem ignorou o toque de mão."
3527,Torcida,"Em plena data FIFA, o sócio-torcedor aplaudiu o elenco após a derrota."
3528,Partida,O lateral-esquerdo perdeu a chance de empatar sob forte chuva.
3529,Treinamento,O preparador físico intensificou as cobranças de pênalti na partida transmitida para todo o país.
3530,Torcida,"No estádio lotado, o sócio-torcedor aplaudiu o goleiro."
3531,Torcida,A arquibancada comemorou o título estadual após o intervalo.
3532,Categorias de base,O time sub-15 estreou no time profissional na quarta-feira à noite.
3533,Arbitragem,A árbitra revisou o toque de mão na noite de sábado.
3534,Mercado da bola,O agente do jogador negociou o empréstimo do lateral logo no primeiro minuto.
3535,Treinamento,"Em pleno feriado, o departamento médico comandou o treino tático."
3536,Partida,O lateral-esquerdo cruzou para a área na final da copa.
3537,Mercado da bola,"No gramado encharcado, o diretor de futebol anunciou o reforço para a temporada."
3538,Treinamento,"O treinador interino, logo no primeiro minuto, fechou o treino à imprensa."
3539,Torcida,"A arquibancada, no jogo do centenário do clube, aplaudiu a entrada do time em campo."
3540,Mercado da bola,"O agente do jogador, durante a pré-temporada, anunciou o reforço para a temporada."
3541,Torcida,"A torcida mandante, fora de casa, aplaudiu o goleiro."
3542,Treinamento,O preparador de goleiros testou três zagueiros no gramado encharcado.
3543,Imprensa,"O setorista, na decisão do estadual, narrou a decisão por pênaltis."
3544,Arbitragem,"O bandeirinha, pela primeira vez na temporada, anulou o gol por impedimento."
3545,Partida,"O zagueiro, no segundo tempo, deu um chapéu no marcador."
3546,Campeonato,"Aos 45 minutos do segundo tempo, o atual campeão eliminou o favorito ao título."
3547,Torcida,A torcida mandante aplaudiu o elenco após a derrota na volta das férias.
3548,Partida,O jogador reserva marcou o gol de empate na reta final da temporada.
3549,Partida,"O atacante, em plena data FIFA, deu um carrinho perfeito."
3550,Partida,"O lateral-esquerdo, no clássico de quarta-feira, deu um carrinho perfeito."
3551,Mercado da bola,"No jogo de ida, o gerente de futebol pagou a multa rescisória."
3552,Partida,"Antes do intervalo, o meia-armador deu um carrinho perfeito."
3553,Treinamento,"No jogo do returno, o analista de desempenho fechou a escalação para o clássico."
3554,Torcida,"A torcida visitante, antes do intervalo, lotou o aeroporto."
3555,Campeonato,"Em pleno feriado, o clube recém-promovido empatou com o rival."
3556,Partida,"O jogador reserva, na rodada de domingo, marcou um golaço."
3557,Imprensa,"O jornalista esportivo, aos 45 minutos do segundo tempo, criticou a arbitragem."
3558,Partida,O volante perdeu o pênalti na estreia do campeonato.
3559,Torcida,A torcida mandante fez uma grande recepção ao elenco na abertura da rodada.
3560,Categorias de base,"Depois de três derrotas seguidas, o menino da comunidade disputou a final do sub-17."
3561,Arbitragem,O juiz da partida deu o apito final durante a pré-temporada.
3562,Treinamento,"No jogo do centenário do clube, o departamento médico comandou a atividade de finalização."
3563,Arbitragem,"Em meio à crise, o árbitro principal marcou um escanteio duvidoso."
3564,Partida,"O zagueiro, depois de três derrotas seguidas, finalizou com o pé esquerdo."
3565,Arbitragem,"O assistente de vídeo, no último jogo do ano, expulsou o zagueiro."
3566,Mercado da bola,A diretoria anunciou o reforço para a temporada logo no primeiro minuto.
3567,Partida,"O zagueiro, no estádio do rival, deu um carrinho perfeito."
3568,Treinamento,O coordenador técnico intensificou os treinos de finalização nos acréscimos.
3569,Campeonato,"O atual campeão, no estádio do rival, perdeu a invencibilidade."
3570,Mercado da bola,"O diretor de futebol, aos 45 minutos do segundo tempo, recusou uma proposta milionária."
3571,Treinamento,"O coordenador técnico, logo no primeiro minuto, comandou o rachão."
3572,Mercado da bola,"O presidente do clube, na partida transmitida para todo o país, sondou um zagueiro do futebol argentino."
3573,Campeonato,O lanterna assumiu a liderança da tabela no jogo do returno.
3574,Arbitragem,"Após o intervalo, a equipe de arbitragem deu a bola ao chão."
3575,Imprensa,"Na partida transmitida para todo o país, o blogueiro esportivo entrevistou o autor do gol."
3576,Arbitragem,"A árbitra, na despedida do ídolo, aplicou a lei da vantagem."
3577,Arbitragem,"O árbitro de vídeo, na estreia do campeonato, anulou o gol por falta no goleiro."
3578,Treinamento,"Na Arena da Baixada, o coordenador técnico intensificou o trabalho físico."
3579,Imprensa,"O narrador, após o intervalo, noticiou a venda do atacante."
3580,Partida,O meia-armador sofreu uma falta dura no domingo à tarde.
3581,Partida,"No estádio lotado, o zagueiro finalizou na trave."
3582,Partida,O capitão do time marcou de falta em pleno feriado.
3583,Campeonato,"O time do interior, na Arena da Baixada, empatou com o rival."
3584,Treinamento,"O preparador físico, em meio à crise, testou um novo esquema tático."
3585,Imprensa,O narrador criticou a atuação do time fora de casa.
3586,Mercado da bola,O clube árabe recusou uma proposta milionária no clássico de quarta-feira.
3587,Torcida,"A torcida visitante, na noite de sábado, fez um mosaico gigante."
3588,Imprensa,"Em meio à crise, a repórter de campo previu o rebaixamento do clube."
3589,Torcida,O grupo de torcedores comemorou a classificação sob forte chuva.
3590,Categorias de base,"A escolinha de futebol, na volta das férias, foi promovido ao time sub-20."
3591,Mercado da bola,"A diretoria, na decisão do estadual, anunciou a chegada do novo técnico."
3592,Torcida,"Na noite de sábado, o sócio-torcedor fez um mosaico gigante."
3593,Partida,O jogador reserva cruzou para a área sob forte chuva.
3594,Treinamento,O treinador interino comandou o rachão no jogo de ida.
3595,Partida,"Fora de casa, o ponta-direita finalizou de primeira."
3596,Mercado da bola,"No domingo à tarde, o empresário recusou a oferta do rival."
3597,Campeonato,"O azarão da competição, no último jogo do ano, empatou o jogo de ida."
3598,Arbitragem,O bandeirinha aplicou o cartão vermelho em noite de casa cheia.
3599,Arbitragem,O assistente de vídeo revisou o lance no monitor no estádio do rival.
3600,Categorias de base,O menino da comunidade disputou a peneira regional no confronto pela copa.
3601,Partida,O centroavante marcou o gol da vitória na despedida do ídolo.
3602,Categorias de base,"No segundo tempo, a escolinha de futebol conquistou a Copinha."
3603,Arbitragem,"Na volta das férias, o árbitro ignorou o pedido de pênalti."
3604,Torcida,"Antes do intervalo, o grupo de torcedores aplaudiu o elenco após a derrota."
3605,Arbitragem,O juiz da partida marcou um escanteio duvidoso aos 45 minutos do segundo tempo.
3606,Campeonato,"Na rodada de domingo, o time do interior venceu o clássico regional."
3607,Partida,"O centroavante, em pleno feriado, finalizou com o pé esquerdo."
3608,Partida,O centroavante finalizou rente à trave no estádio lotado.
3609,Arbitragem,"O juiz da partida, no gramado encharcado, expulsou o volante adversário."
3610,Mercado da bola,"No clássico de quarta-feira, o clube árabe renovou o vínculo do capitão."
3611,Torcida,"O grupo de torcedores, após o intervalo, cantou durante os noventa minutos."
3612,Mercado da bola,"No segundo tempo, o presidente do clube negociou a liberação do meia."
3613,Imprensa,"O setorista, no segundo tempo, previu o título do líder."
3614,Mercado da bola,O clube europeu pagou a multa rescisória na Arena da Baixada.
3615,Treinamento,"Durante a pré-temporada, o treinador interino fechou o treino à imprensa."
3616,Torcida,"O sócio-torcedor, na rodada de domingo, comemorou o gol da virada."
3617,Treinamento,O preparador de goleiros comandou o rachão no segundo tempo.
3618,Treinamento,"O preparador de goleiros, em noite de casa cheia, ajustou a marcação por pressão."
3619,Mercado da bola,"Na despedida do ídolo, o empresário renovou o vínculo do capitão."
3620,Categorias de base,"O menino da comunidade, no estádio do rival, revelou um novo talento."
3621,Campeonato,"O lanterna, em noite de casa cheia, eliminou o atual campeão."
3622,Campeonato,O líder do campeonato perdeu a invencibilidade no jogo do centenário do clube.
3623,Categorias de base,"O garoto da base, pela primeira vez na temporada, conquistou o torneio internacional de base."
3624,Arbitragem,A árbitra deu a bola ao chão na decisão do estadual.
3625,Mercado da bola,"O empresário, no estádio lotado, pagou a primeira parcela da transferência."
3626,Partida,O meia-armador cabeceou para o fundo da rede na noite de sábado.
3627,Arbitragem,"A árbitra, no último jogo do ano, ignorou as reclamações do banco."
3628,Treinamento,"O coordenador técnico, no jogo de ida, ajustou a marcação por pressão."
3629,Torcida,"A torcida mandante, na partida transmitida para todo o país, lotou a frente do centro de treinamento."
3630,Partida,"O jogador reserva, no domingo à tarde, marcou um golaço."
3631,Torcida,"No último jogo do ano, a charanga aplaudiu a homenagem ao ídolo."
3632,Partida,"Nos acréscimos, o ponta-direita cabeceou no canto do goleiro."
3633,Torcida,"Diante de 40 mil torcedores, o torcedor comemorou o gol da virada."
3634,Categorias de base,"O coordenador da base, antes do intervalo, assinou o primeiro contrato profissional."
3635,Arbitragem,"O árbitro, na Arena da Baixada, aplicou a lei da vantagem."
3636,Arbitragem,"A assistente, aos 45 minutos do segundo tempo, ignorou o toque de mão."
3637,Partida,O jogador reserva cabeceou após o escanteio após o intervalo.
3638,Categorias de base,O menino da comunidade disputou a peneira regional na final da copa.
3639,Mercado da bola,O investidor da SAF negociou o empréstimo do lateral na final da copa.
3640,Mercado da bola,O diretor de futebol negociou a liberação do meia aos 45 minutos do segundo tempo.
3641,Mercado da bola,"No estádio do rival, o empresário anunciou o reforço para a temporada."
3642,Partida,"No estádio lotado, o capitão do time deu um chapéu no marcador."
3643,Torcida,"A charanga, na final da copa, comemorou o acesso à primeira divisão."
3644,Torcida,A torcida visitante vaiou o time na saída de campo na noite de sábado.
3645,Categorias de base,"O time sub-20, no estádio lotado, revelou um novo talento."
3646,Treinamento,O treinador interino ajustou o posicionamento da defesa na quarta-feira à noite.
3647,Arbitragem,"Sob forte chuva, o árbitro expulsou o zagueiro."
3648,Torcida,"A torcida jovem, diante de 40 mil torcedores, fez uma grande recepção ao elenco."
3649,Campeonato,O azarão da competição garantiu a permanência na primeira divisão para delírio da torcida.
3650,Campeonato,"Durante a pré-temporada, o time do interior garantiu a vaga na Libertadores."
3651,Campeonato,"O lanterna, na abertura da rodada, venceu por goleada."
3652,Partida,O atacante sofreu um pênalti em noite de casa cheia.
3653,Arbitragem,O quarto árbitro ignorou o pedido de pênalti diante de 40 mil torcedores.
3654,Torcida,"No estádio do rival, a charanga vaiou o jogador adversário."
3655,Campeonato,"O time visitante, em meio à crise, empatou o jogo de ida."
3656,Partida,"O zagueiro, para delírio da torcida, perdeu um gol feito."
3657,Mercado da bola,"O clube árabe, no jogo de ida, negociou o empréstimo do lateral."
3658,Categorias de base,"Em meio à crise, o time sub-15 impressionou a comissão técnica."
3659,Treinamento,"Depois de três derrotas seguidas, a comissão técnica ajustou o posicionamento da defesa."
3660,Arbitragem,"O bandeirinha, na quarta-feira à noite, anulou o gol por impedimento."
3661,Torcida,"A torcida visitante, na partida transmitida para todo o país, cantou o nome do ídolo."
3662,Mercado da bola,"Na despedida do ídolo, o agente do jogador negociou a liberação do meia."
3663,Torcida,"O torcedor, diante de 40 mil torcedores, cantou o hino do clube."
3664,Arbitragem,"O assistente de vídeo, fora de casa, marcou um escanteio duvidoso."
3665,Campeonato,"O time visitante, durante a pré-temporada, assumiu a liderança da tabela."
3666,Torcida,"Na decisão do estadual, a torcida mandante pediu mais raça aos jogadores."
3667,Campeonato,O time visitante eliminou o atual campeão nos acréscimos.
3668,Partida,"Na Arena da Baixada, o centroavante chutou forte de fora da área."
3669,Arbitragem,"No domingo à tarde, a árbitra anulou o gol por impedimento."
3670,Campeonato,"Na estreia do campeonato, o time visitante foi rebaixado para a segunda divisão."
3671,Torcida,"Depois de três derrotas seguidas, o grupo de torcedores aplaudiu o elenco após a derrota."
3672,Torcida,"Logo no primeiro minuto, a torcida mandante cantou sem parar."
3673,Arbitragem,"No estádio do rival, a equipe de arbitragem deu seis minutos de acréscimo."
3674,Mercado da bola,"O clube árabe, na noite de sábado, recusou a oferta do rival."
3675,Partida,"O ponta-direita, em plena data FIFA, chutou cruzado para o gol."
3676,Campeonato,"No último jogo do ano, o líder do campeonato conquistou o acesso à Série A."
3677,Mercado da bola,"O clube europeu, no estádio lotado, renovou o vínculo do capitão."
3678,Categorias de base,A promessa do clube revelou um novo talento durante a pré-temporada.
3679,Torcida,"O grupo de torcedores, no jogo do returno, lotou o aeroporto."
3680,Mercado da bola,"O clube europeu, no estádio lotado, anunciou a chegada do novo técnico."
3681,Partida,O ponta-direita sofreu um pênalti nos acréscimos.
3682,Imprensa,O setorista revelou os bastidores da negociação na final da copa.
3683,Arbitragem,"O quarto árbitro, na reta final da temporada, anulou o pênalti após revisão."
3684,Imprensa,"No domingo à tarde, o blogueiro esportivo revelou o novo patrocinador."
3685,Imprensa,O jornalista esportivo criticou o esquema tático após o intervalo.
3686,Arbitragem,"No gramado encharcado, a equipe de arbitragem expulsou o zagueiro."
3687,Campeonato,O lanterna garantiu a vaga na Libertadores no confronto pela copa.
3688,Treinamento,"No estádio do rival, o coordenador técnico fechou a escalação para o clássico."
3689,Arbitragem,"Aos 45 minutos do segundo tempo, o bandeirinha revisou o lance no monitor."
3690,Campeonato,O azarão da competição empatou com o rival em noite de casa cheia.
3691,Categorias de base,O coordenador da base impressionou os olheiros europeus no jogo de ida.
3692,Arbitragem,O quarto árbitro expulsou o técnico pela primeira vez na temporada.
3693,Partida,O meia-armador finalizou na trave na rodada de domingo.
3694,Categorias de base,"O time sub-15, diante de 40 mil torcedores, revelou um goleiro de futuro."
3695,Categorias de base,"No último jogo do ano, o time sub-15 assinou com um clube europeu."
3696,Arbitragem,O juiz da partida deu seis minutos de acréscimo em pleno feriado.
3697,Mercado da bola,"A diretoria, durante a pré-temporada, apresentou o novo camisa 9."
3698,Treinamento,O preparador físico comandou a atividade de finalização na rodada de domingo.
3699,Treinamento,"O auxiliar técnico, no clássico de quarta-feira, ajustou o posicionamento da defesa."
3700,Torcida,O torcedor pediu a saída do técnico após o intervalo.
3701,Campeonato,"O favorito ao título, na final da copa, venceu o clássico regional."
3702,Imprensa,"Na quarta-feira à noite, o canal de esportes criticou a escalação inicial."
3703,Treinamento,"O coordenador técnico, na abertura da rodada, planejou a pré-temporada."
3704,Partida,"No confronto pela copa, o meia-armador finalizou de primeira."
3705,Partida,"Durante a pré-temporada, o jogador reserva chutou a bola no ângulo."
3706,Arbitragem,A assistente anulou o gol por falta no goleiro no confronto pela copa.
3707,Imprensa,"O blogueiro esportivo, no confronto pela copa, entrevistou o técnico."
3708,Torcida,"Na quarta-feira à noite, a torcida organizada cantou sem parar."
3709,Partida,"No domingo à tarde, o camisa 10 cruzou para a área."
3710,Campeonato,O time da casa perdeu a final nos pênaltis depois de três derrotas seguidas.
3711,Categorias de base,"Em meio à crise, o olheiro revelou um goleiro de futuro."
3712,Categorias de base,O treinador do sub-17 foi promovido ao time sub-20 na partida transmitida para todo o país.
3713,Arbitragem,"No jogo de ida, a árbitra marcou o impedimento."
3714,Imprensa,"O setorista, depois de três derrotas seguidas, previu uma goleada no clássico."
3715,Partida,O jogador reserva perdeu o pênalti no jogo do centenário do clube.
3716,Treinamento,"O auxiliar técnico, na partida transmitida para todo o país, ajustou a bola parada."
3717,Arbitragem,"A assistente, na despedida do ídolo, deu o apito final."
3718,Partida,"Na final da copa, o lateral-esquerdo perdeu o pênalti."
3719,Partida,"Na Arena da Baixada, o meia-armador chutou forte de fora da área."
3720,Campeonato,O time visitante venceu o confronto direto durante a pré-temporada.
3721,Imprensa,"No meio da semana, a coluna do jornal noticiou a venda do atacante."
3722,Imprensa,"No último jogo do ano, a coluna do jornal entrevistou o técnico."
3723,Campeonato,"No último jogo do ano, o líder do campeonato garantiu a classificação para as quartas."
3724,Categorias de base,O olheiro conquistou o título estadual juvenil logo no primeiro minuto.
3725,Treinamento,"Na rodada de domingo, o preparador físico planejou a recuperação dos atletas."
3726,Torcida,"A torcida visitante, logo no primeiro minuto, fez um protesto pacífico."
3727,Treinamento,"O auxiliar técnico, na despedida do ídolo, comandou o rachão."
3728,Campeonato,O atual campeão conquistou a copa do estado na quarta-feira à noite.
3729,Imprensa,O jornalista esportivo entrevistou o técnico na reta final da temporada.
3730,Arbitragem,"Fora de casa, o árbitro principal marcou o pênalti."
3731,Torcida,O torcedor mais antigo do clube aplaudiu o elenco após a derrota logo no primeiro minuto.
3732,Arbitragem,"No clássico de quarta-feira, o árbitro de vídeo deu a bola ao chão."
3733,Categorias de base,O jovem goleiro revelou um goleiro de futuro depois de três derrotas seguidas.
3734,Imprensa,"A repórter de campo, pela primeira vez na temporada, previu uma goleada no clássico."
3735,Partida,"Na volta das férias, o lateral-esquerdo finalizou por cobertura."
3736,Torcida,A torcida visitante comemorou o gol da virada no estádio lotado.
3737,Treinamento,O coordenador técnico planejou a recuperação dos atletas no confronto pela copa.
3738,Campeonato,"Na noite de sábado, o time da casa conquistou a copa do estado."
3739,Partida,"O meia-armador, em pleno feriado, finalizou de primeira."
3740,Partida,"No segundo tempo, o volante chutou a bola no ângulo."
3741,Categorias de base,O treinador do sub-17 revelou um goleiro de futuro antes do intervalo.
3742,Arbitragem,A assistente marcou a falta na entrada da área no último jogo do ano.
3743,Partida,"O jogador reserva, em meio à crise, sofreu uma lesão muscular."
3744,Mercado da bola,A diretoria sondou um ponta do interior paulista na abertura da rodada.
3745,Campeonato,"Na final da copa, o vice-líder venceu a partida decisiva."
3746,Categorias de base,"Na quarta-feira à noite, o time sub-15 conquistou o título estadual juvenil."
3747,Treinamento,"O auxiliar técnico, no clássico de quarta-feira, planejou a sequência de jogos."
3748,Arbitragem,O árbitro de vídeo aplicou o cartão vermelho no clássico de quarta-feira.
3749,Categorias de base,"O jovem goleiro, no confronto pela copa, disputou a final do sub-17."
3750,Mercado da bola,O clube árabe sondou um zagueiro do futebol argentino no jogo do centenário do clube.
3751,Arbitragem,A árbitra revisou a jogada do gol na partida transmitida para todo o país.
3752,Treinamento,O fisiologista planejou a sequência de jogos pela primeira vez na temporada.
3753,Partida,"O camisa 10, na quarta-feira à noite, chutou forte de fora da área."
3754,Arbitragem,O juiz da partida expulsou o zagueiro no jogo do returno.
3755,Arbitragem,O árbitro principal revisou o lance no monitor em meio à crise.
3756,Partida,"O ponta-direita, na partida transmitida para todo o país, chutou cruzado para o gol."
3757,Campeonato,O atual campeão assumiu a vice-liderança nos acréscimos.
3758,Imprensa,"Em noite de casa cheia, o setorista elogiou a postura do time."
3759,Mercado da bola,O clube europeu anunciou um patrocínio master antes do intervalo.
3760,Torcida,A charanga vaiou o jogador adversário na rodada de domingo.
3761,Partida,"Depois de três derrotas seguidas, o volante marcou o gol de empate."
3762,Partida,"O camisa 10, no meio da semana, cabeceou por cima do travessão."
3763,Campeonato,O vice-líder perdeu a final nos pênaltis na noite de sábado.
3764,Imprensa,O setorista criticou o esquema tático no jogo do returno.
3765,Partida,"O zagueiro, no domingo à tarde, marcou o gol da vitória."
3766,Treinamento,"Em noite de casa cheia, o treinador interino fechou o treino à imprensa."
3767,Partida,O lateral-esquerdo cruzou rasteiro para o meio no jogo de ida.
3768,Arbitragem,"O assistente de vídeo, em noite de casa cheia, aplicou o cartão vermelho."
3769,Campeonato,"Na noite de sábado, o time visitante empatou com o rival."
3770,Arbitragem,O juiz da partida deu o apito final na Arena da Baixada.
3771,Campeonato,"O time do interior, no jogo do centenário do clube, foi rebaixado para a segunda divisão."
3772,Arbitragem,A assistente aplicou a lei da vantagem aos 45 minutos do segundo tempo.
3773,Arbitragem,O juiz da partida ignorou as reclamações do banco em noite de casa cheia.
3774,Treinamento,O treinador interino testou três zagueiros no domingo à tarde.
3775,Categorias de base,"No clássico de quarta-feira, o menino da comunidade conquistou o título estadual juvenil."
3776,Torcida,"Sob forte chuva, a torcida visitante comemorou o acesso à primeira divisão."
3777,Categorias de base,"O garoto da base, em plena data FIFA, impressionou o técnico do profissional."
3778,Torcida,"O torcedor, em meio à crise, pediu mais raça aos jogadores."
3779,Torcida,"A torcida mandante, no confronto pela copa, pediu mais raça aos jogadores."
3780,Campeonato,"O vice-líder, na reta final da temporada, conquistou o título nacional."
3781,Arbitragem,O árbitro marcou o tiro de meta no jogo de ida.
3782,Mercado da bola,"Depois de três derrotas seguidas, o agente do jogador anunciou um patrocínio master."
3783,Mercado da bola,"A diretoria, na final da copa, pagou as luvas do reforço."
3784,Mercado da bola,"O agente do jogador, na volta das férias, renovou o vínculo do capitão."
3785,Torcida,"O torcedor mais antigo do clube, depois de três derrotas seguidas, lotou a frente do centro de treinamento."
3786,Partida,O volante chutou a bola no ângulo antes do intervalo.
3787,Categorias de base,"O coordenador da base, na reta final da temporada, revelou um lateral promissor."
3788,Torcida,"O torcedor, na reta final da temporada, pediu a contratação de um centroavante."
3789,Torcida,"Na quarta-feira à noite, a torcida organizada cantou o nome do ídolo."
3790,Treinamento,O auxiliar técnico liberou o lateral após exames em pleno feriado.
3791,Categorias de base,"Após o intervalo, o olheiro foi promovido ao elenco principal."
3792,Arbitragem,O árbitro principal aplicou o cartão amarelo fora de casa.
3793,Torcida,"A arquibancada, no estádio lotado, cantou o nome do ídolo."
3794,Imprensa,"A repórter de campo, na volta das férias, entrevistou o capitão."
3795,Campeonato,"Para delírio da torcida, o time da casa empatou com o rival."
3796,Partida,"Na despedida do ídolo, o zagueiro cabeceou após o escanteio."
3797,Mercado da bola,O agente do jogador negociou a contratação do volante na abertura da rodada.
3798,Imprensa,O narrador previu o rebaixamento do clube na estreia do campeonato.
3799,Mercado da bola,"O agente do jogador, na decisão do estadual, renovou o contrato do goleiro."
3800,Torcida,A torcida visitante lotou o aeroporto após o intervalo.
3801,Torcida,A charanga cantou durante os noventa minutos no último jogo do ano.
3802,Torcida,"Na noite de sábado, o torcedor mais antigo do clube aplaudiu a homenagem ao ídolo."
3803,Mercado da bola,"O presidente do clube, na quarta-feira à noite, recusou uma proposta milionária."
3804,Campeonato,"O time da casa, no clássico de quarta-feira, venceu a partida decisiva."
3805,Arbitragem,"Na estreia do campeonato, o árbitro marcou o tiro de meta."
3806,Torcida,"Depois de três derrotas seguidas, o grupo de torcedores cantou sem parar."
3807,Partida,"No confronto pela copa, o atacante finalizou na trave."
3808,Campeonato,"Diante de 40 mil torcedores, o lanterna venceu o confronto direto."
3809,Arbitragem,O árbitro principal marcou o impedimento no jogo do centenário do clube.
3810,Campeonato,"O vice-líder, aos 45 minutos do segundo tempo, garantiu a vaga na Libertadores."
3811,Campeonato,O time da casa conquistou o acesso à Série A no domingo à tarde.
3812,Imprensa,O narrador revelou a escalação do clássico na abertura da rodada.
3813,Categorias de base,"O olheiro, sob forte chuva, foi promovido ao time sub-20."
3814,Campeonato,O líder do campeonato venceu o clássico regional depois de três derrotas seguidas.
3815,Partida,"O atacante, na final da copa, cabeceou por cima do travessão."
3816,Imprensa,"O blogueiro esportivo, no clássico de quarta-feira, entrevistou o autor do gol."
3817,Treinamento,"O fisiologista, na despedida do ídolo, comandou a atividade de finalização."
3818,Partida,O capitão do time deu uma assistência precisa no jogo do centenário do clube.
3819,Partida,"Na rodada de domingo, o jogador reserva perdeu a chance de empatar."
3820,Campeonato,"O time da casa, em meio à crise, conquistou o acesso à Série A."
3821,Treinamento,O analista de desempenho liberou o atacante para o jogo na despedida do ídolo.
3822,Arbitragem,"No meio da semana, a assistente ignorou o pedido de pênalti."
3823,Arbitragem,"Na rodada de domingo, o juiz da partida revisou o toque de mão."
3824,Torcida,"O torcedor mais antigo do clube, em noite de casa cheia, vaiou o time na saída de campo."
3825,Campeonato,O azarão da competição perdeu a final nos pênaltis na noite de sábado.
3826,Arbitragem,"A equipe de arbitragem, na abertura da rodada, marcou a falta na entrada da área."
3827,Arbitragem,O assistente de vídeo aplicou o cartão amarelo no jogo de ida.
3828,Mercado da bola,"O investidor da SAF, no domingo à tarde, sondou um zagueiro do futebol argentino."
3829,Campeonato,"O clube recém-promovido, no gramado encharcado, perdeu a final nos pênaltis."
3830,Torcida,O torcedor mais antigo do clube comemorou o acesso à primeira divisão no estádio do rival.
3831,Campeonato,"Na Arena da Baixada, o lanterna venceu por goleada."
3832,Torcida,"A arquibancada, na volta das férias, fez um protesto pacífico."
3833,Arbitragem,"O bandeirinha, na rodada de domingo, revisou a jogada do gol."
3834,Mercado da bola,"O presidente do clube, pela primeira vez na temporada, negociou a contratação do volante."
3835,Arbitragem,"O árbitro, na noite de sábado, anulou o pênalti após revisão."
3836,Arbitragem,"No estádio lotado, o assistente de vídeo marcou a falta na entrada da área."
3837,Imprensa,O canal de esportes revelou o novo patrocinador na volta das férias.
3838,Arbitragem,"No gramado encharcado, o árbitro de vídeo marcou o pênalti."
3839,Partida,"O meia-armador, antes do intervalo, marcou o gol da vitória."
3840,Imprensa,"Na rodada de domingo, o comentarista entrevistou o técnico."
3841,Mercado da bola,"O gerente de futebol, depois de três derrotas seguidas, renovou o vínculo do capitão."
3842,Arbitragem,O juiz da partida marcou um escanteio duvidoso na rodada de domingo.
3843,Campeonato,O time da casa empatou o jogo de ida no clássico de quarta-feira.
3844,Categorias de base,"O time sub-20, no jogo do returno, revelou um goleiro de futuro."
3845,Campeonato,"Na abertura da rodada, o azarão da competição perdeu a liderança da tabela."
3846,Arbitragem,A assistente marcou o pênalti em pleno feriado.
3847,Imprensa,"Na rodada de domingo, o jornalista esportivo noticiou a venda do atacante."
3848,Imprensa,"Em pleno feriado, o setorista previu o título do líder."
3849,Torcida,"No meio da semana, o sócio-torcedor comemorou a classificação."
3850,Categorias de base,A escolinha de futebol impressionou a comissão técnica depois de três derrotas seguidas.
3851,Campeonato,O favorito ao título perdeu a final nos pênaltis depois de três derrotas seguidas.
3852,Torcida,O torcedor comemorou o título estadual pela primeira vez na temporada.
3853,Imprensa,O comentarista noticiou a demissão do treinador na reta final da temporada.
3854,Mercado da bola,O clube rival negociou o empréstimo do lateral em noite de casa cheia.
3855,Partida,O meia-armador sofreu um pênalti na final da copa.
3856,Treinamento,"O departamento médico, na final da copa, fechou a escalação para o clássico."
3857,Partida,O volante finalizou rente à trave no jogo de ida.
3858,Categorias de base,"Na despedida do ídolo, a promessa do clube disputou a final do sub-17."
3859,Categorias de base,"O jovem goleiro, no clássico de quarta-feira, disputou a peneira regional."
3860,Torcida,O sócio-torcedor pediu a contratação de um centroavante na noite de sábado.
3861,Categorias de base,O treinador do sub-17 revelou um novo talento na abertura da rodada.
3862,Treinamento,"O preparador de goleiros, na despedida do ídolo, testou o jovem da base no time titular."
3863,Partida,O ponta-direita cabeceou no canto do goleiro na noite de sábado.
3864,Imprensa,O setorista noticiou a venda do atacante nos acréscimos.
3865,Torcida,O sócio-torcedor comemorou o acesso à primeira divisão na reta final da temporada.
3866,Imprensa,"Na noite de sábado, o blogueiro esportivo narrou a decisão por pênaltis."
3867,Mercado da bola,"O investidor da SAF, aos 45 minutos do segundo tempo, recusou a troca de jogadores."
3868,Treinamento,O analista de desempenho intensificou o trabalho físico diante de 40 mil torcedores.
3869,Torcida,O grupo de torcedores aplaudiu o elenco após a derrota no último jogo do ano.
3870,Partida,O atacante perdeu a chance de empatar pela primeira vez na temporada.
3871,Imprensa,"Sob forte chuva, o canal de esportes noticiou a lesão do artilheiro."
3872,Torcida,"A torcida jovem, na rodada de domingo, vaiou o jogador adversário."
3873,Treinamento,"No domingo à tarde, o treinador interino ajustou o posicionamento da defesa."
3874,Arbitragem,A assistente aplicou o cartão amarelo após o intervalo.
3875,Partida,"Na abertura da rodada, o jogador reserva perdeu a chance de empatar."
3876,Campeonato,"No jogo do returno, o time do interior venceu a partida decisiva."
3877,Treinamento,"Na reta final da temporada, a comissão técnica comandou o treino tático."
3878,Mercado da bola,"Antes do intervalo, o clube europeu anunciou a saída do capitão."
3879,Partida,"No jogo do returno, o atacante marcou o gol de empate."
3880,Arbitragem,"O assistente de vídeo, sob forte chuva, deu o apito final."
3881,Mercado da bola,O diretor de futebol pagou as luvas do reforço no último jogo do ano.
3882,Mercado da bola,O agente do jogador anunciou um patrocínio master na partida transmitida para todo o país.
3883,Categorias de base,"A promessa do clube, fora de casa, impressionou a comissão técnica."
3884,Treinamento,"No clássico de quarta-feira, o preparador de goleiros testou três zagueiros."
3885,Partida,"O volante, na estreia do campeonato, marcou de falta."
3886,Arbitragem,O juiz da partida ignorou as reclamações do banco no gramado encharcado.
3887,Categorias de base,"Na final da copa, a escolinha de futebol estreou na seleção de base."
3888,Categorias de base,"Durante a pré-temporada, o coordenador da base revelou um goleiro de futuro."
3889,Partida,"O capitão do time, na rodada de domingo, perdeu a chance de empatar."
3890,Imprensa,A coluna do jornal entrevistou o autor do gol no jogo do centenário do clube.
3891,Campeonato,"O time da casa, no jogo de ida, empatou com o rival."
3892,Imprensa,"Para delírio da torcida, a emissora de rádio previu o rebaixamento do clube."
3893,Mercado da bola,"Em meio à crise, o investidor da SAF renovou o contrato do artilheiro."
3894,Torcida,O grupo de torcedores pediu a contratação de um centroavante durante a pré-temporada.
3895,Categorias de base,"Em noite de casa cheia, o time sub-15 conquistou o título estadual juvenil."
3896,Categorias de base,O coordenador da base conquistou o torneio internacional de base na noite de sábado.
3897,Campeonato,"No jogo do centenário do clube, o time do interior venceu a partida decisiva."
3898,Imprensa,"O podcast de futebol, logo no primeiro minuto, criticou a escalação inicial."
3899,Treinamento,O coordenador técnico liberou o lateral após exames logo no primeiro minuto.
3900,Treinamento,"O preparador de goleiros, após o intervalo, ajustou a bola parada."
3901,Partida,"O capitão do time, sob forte chuva, deu uma assistência precisa."
3902,Partida,O jogador reserva sofreu um pênalti na volta das férias.
3903,Arbitragem,O árbitro principal anulou o gol por impedimento antes do intervalo.
3904,Torcida,O torcedor mais antigo do clube comemorou o acesso à primeira divisão no segundo tempo.
3905,Mercado da bola,"O clube árabe, no estádio do rival, sondou um ponta do interior paulista."
3906,Campeonato,O time da casa garantiu a vaga na Libertadores sob forte chuva.
3907,Mercado da bola,O investidor da SAF pagou as luvas do reforço após o intervalo.
3908,Campeonato,"O time da casa, na Arena da Baixada, conquistou o título nacional."
3909,Categorias de base,"Depois de três derrotas seguidas, o treinador do sub-17 impressionou o técnico do profissional."
3910,Torcida,O sócio-torcedor cantou o nome do ídolo em meio à crise.
3911,Campeonato,"Na despedida do ídolo, o lanterna garantiu a vaga na Libertadores."
3912,Arbitragem,"O árbitro principal, na rodada de domingo, aplicou o cartão amarelo."
3913,Treinamento,"Na final da copa, o coordenador técnico liberou o elenco para o fim de semana."
3914,Arbitragem,"O juiz da partida, nos acréscimos, deu seis minutos de acréscimo."
3915,Imprensa,"Na abertura da rodada, o blogueiro esportivo narrou a virada histórica."
3916,Torcida,O torcedor mais antigo do clube aplaudiu a entrada do time em campo em pleno feriado.
3917,Treinamento,O treinador interino intensificou os treinos de finalização no estádio lotado.
3918,Partida,O zagueiro marcou o gol da vitória aos 45 minutos do segundo tempo.
3919,Categorias de base,O time sub-20 impressionou a comissão técnica no domingo à tarde.
3920,Categorias de base,A escolinha de futebol revelou um goleiro de futuro em pleno feriado.
3921,Treinamento,"Na estreia do campeonato, o coordenador técnico testou o meia na lateral."
3922,Torcida,O sócio-torcedor fez um protesto pacífico na partida transmitida para todo o país.
3923,Partida,"No estádio lotado, o camisa 10 deu um drible desconcertante."
3924,Mercado da bola,O presidente do clube anunciou um patrocínio master em noite de casa cheia.
3925,Partida,O atacante marcou de pênalti na volta das férias.
3926,Mercado da bola,"O gerente de futebol, antes do intervalo, apresentou o novo uniforme."
3927,Partida,O volante cabeceou após o escanteio em pleno feriado.
3928,Mercado da bola,"A diretoria, em pleno feriado, apresentou o novo uniforme."
3929,Treinamento,"Logo no primeiro minuto, o preparador físico ajustou o posicionamento da defesa."
3930,Torcida,"A torcida organizada, no jogo de ida, fez uma grande recepção ao elenco."
3931,Treinamento,"No estádio lotado, o treinador interino ajustou a marcação por pressão."
3932,Treinamento,"O coordenador técnico, em meio à crise, comandou o rachão."
3933,Torcida,"Antes do intervalo, a charanga comemorou o acesso à primeira divisão."
3934,Partida,O centroavante sofreu uma lesão muscular na Arena da Baixada.
3935,Treinamento,"A comissão técnica, na despedida do ídolo, liberou o lateral após exames."
3936,Campeonato,"O atual campeão, no domingo à tarde, foi rebaixado para a segunda divisão."
3937,Arbitragem,O bandeirinha marcou um escanteio duvidoso na abertura da rodada.
3938,Arbitragem,"Na Arena da Baixada, o juiz da partida deu a bola ao chão."
3939,Torcida,"O torcedor, nos acréscimos, lotou o aeroporto."
3940,Mercado da bola,"Antes do intervalo, o diretor de futebol pagou a primeira parcela da transferência."
3941,Arbitragem,"O quarto árbitro, na rodada de domingo, deu o apito final."
3942,Torcida,A charanga comemorou o acesso à primeira divisão na despedida do ídolo.
3943,Treinamento,"A comissão técnica, diante de 40 mil torcedores, fechou o treino à imprensa."
3944,Imprensa,"Na reta final da temporada, o setorista previu uma goleada no clássico."
3945,Mercado da bola,O investidor da SAF negociou a liberação do meia na despedida do ídolo.
3946,Categorias de base,O menino da comunidade assinou com um clube europeu na volta das férias.
3947,Partida,"Na final da copa, o atacante perdeu a chance de empatar."
3948,Arbitragem,O árbitro marcou o impedimento na Arena da Baixada.
3949,Torcida,"A torcida mandante, no gramado encharcado, pediu a contratação de um centroavante."
3950,Partida,"O centroavante, no segundo tempo, finalizou com o pé esquerdo."
3951,Partida,O volante finalizou com o pé esquerdo no jogo de ida.
3952,Arbitragem,O quarto árbitro anulou o pênalti após revisão na reta final da temporada.
3953,Imprensa,"O blogueiro esportivo, após o intervalo, previu o título do líder."
3954,Partida,O ponta-direita sofreu uma lesão muscular no confronto pela copa.
3955,Mercado da bola,"Na quarta-feira à noite, o diretor de futebol anunciou a saída do capitão."
3956,Torcida,A torcida organizada fez uma grande recepção ao elenco na rodada de domingo.
3957,Treinamento,"O preparador de goleiros, em meio à crise, ajustou o posicionamento da defesa."
3958,Partida,O ponta-direita finalizou de primeira no jogo do returno.
3959,Arbitragem,O árbitro ignorou as reclamações do banco no confronto pela copa.
3960,Imprensa,O blogueiro esportivo criticou a atuação do time no domingo à tarde.
3961,Imprensa,A coluna do jornal previu o rebaixamento do clube logo no primeiro minuto.
3962,Partida,O jogador reserva chutou a bola no ângulo em plena data FIFA.
3963,Torcida,O torcedor fez um protesto pacífico no clássico de quarta-feira.
3964,Arbitragem,"Sob forte chuva, a equipe de arbitragem revisou o toque de mão."
3965,Partida,O ponta-direita sofreu uma lesão muscular em noite de casa cheia.
3966,Arbitragem,"O juiz da partida, em noite de casa cheia, anulou o gol por falta no goleiro."
3967,Torcida,A torcida organizada vaiou a escalação do técnico aos 45 minutos do segundo tempo.
3968,Partida,"Em plena data FIFA, o meia-armador cabeceou para o fundo da rede."
3969,Treinamento,"Fora de casa, o auxiliar técnico testou o jovem da base no time titular."
3970,Imprensa,A emissora de rádio previu o título do líder no jogo do returno.
3971,Arbitragem,"A equipe de arbitragem, em meio à crise, ignorou as reclamações do banco."
3972,Mercado da bola,"No jogo do centenário do clube, o empresário apresentou o novo camisa 9."
3973,Treinamento,"O auxiliar técnico, na reta final da temporada, liberou o atacante para o jogo."
3974,Treinamento,O treinador interino ajustou a saída de bola em pleno feriado.
3975,Categorias de base,"O jovem goleiro, na noite de sábado, disputou a final do sub-17."
3976,Campeonato,"O lanterna, no meio da semana, venceu a partida decisiva."
3977,Arbitragem,"O árbitro de vídeo, na decisão do estadual, deu a bola ao chão."
3978,Imprensa,"O canal de esportes, no confronto pela copa, revelou a escalação do clássico."
3979,Campeonato,O time da casa perdeu a invencibilidade na reta final da temporada.
3980,Torcida,"No estádio do rival, a torcida organizada comemorou o título estadual."
3981,Treinamento,"O preparador de goleiros, após o intervalo, testou o jovem da base no time titular."
3982,Partida,"O camisa 10, aos 45 minutos do segundo tempo, marcou o gol da vitória."
3983,Arbitragem,"A assistente, nos acréscimos, anulou o pênalti após revisão."
3984,Mercado da bola,"O gerente de futebol, no segundo tempo, negociou a liberação do meia."
3985,Imprensa,"A coluna do jornal, na Arena da Baixada, noticiou a demissão do treinador."
3986,Categorias de base,"No segundo tempo, o treinador do sub-17 revelou um novo talento."
3987,Partida,"Em noite de casa cheia, o meia-armador sofreu uma lesão muscular."
3988,Mercado da bola,"O agente do jogador, na volta das férias, pagou a multa rescisória."
3989,Categorias de base,"O jovem goleiro, na partida transmitida para todo o país, conquistou o torneio internacional de base."
3990,Arbitragem,"Após o intervalo, o árbitro principal deu seis minutos de acréscimo."
3991,Mercado da bola,"Na final da copa, o clube rival negociou a venda do jovem atacante."
3992,Categorias de base,"Após o intervalo, o time sub-15 impressionou os olheiros europeus."
3993,Mercado da bola,O clube árabe recusou uma proposta milionária em pleno feriado.
3994,Categorias de base,O menino da comunidade impressionou a comissão técnica em pleno feriado.
3995,Torcida,"A torcida mandante, na volta das férias, lotou o estádio."
3996,Mercado da bola,"O agente do jogador, na reta final da temporada, negociou a contratação do volante."
3997,Torcida,"A charanga, na quarta-feira à noite, lotou a frente do centro de treinamento."
3998,Campeonato,O atual campeão conquistou o título nacional na decisão do estadual.
3999,Torcida,A torcida organizada pediu mais raça aos jogadores em meio à crise.
4000,Imprensa,"No confronto pela copa, o narrador narrou a decisão por pênaltis."
4001,Imprensa,"Fora de casa, o comentarista elogiou o trabalho do técnico."
4002,Categorias de base,"A escolinha de futebol, durante a pré-temporada, foi promovido ao elenco principal."
4003,Partida,O camisa 10 sofreu uma lesão muscular após o intervalo.
4004,Treinamento,"No clássico de quarta-feira, o treinador interino ajustou a saída de bola."
4005,Treinamento,"O coordenador técnico, no estádio lotado, intensificou as cobranças de pênalti."
4006,Partida,"O zagueiro, nos acréscimos, marcou de pênalti."
4007,Imprensa,"O comentarista, no segundo tempo, entrevistou o presidente do clube."
4008,Partida,"O ponta-direita, no confronto pela copa, marcou dois gols."
4009,Torcida,A charanga aplaudiu o elenco após a derrota após o intervalo.
4010,Partida,O meia-armador deu um chapéu no marcador em pleno feriado.
4011,Treinamento,O treinador interino testou um novo esquema tático pela primeira vez na temporada.
4012,Arbitragem,"O árbitro principal, no meio da semana, anulou o pênalti após revisão."
4013,Partida,O camisa 10 sofreu uma falta dura no meio da semana.
4014,Treinamento,"O preparador físico, fora de casa, liberou o elenco para o fim de semana."
4015,Partida,O volante cabeceou por cima do travessão em noite de casa cheia.
4016,Partida,"No gramado encharcado, o centroavante finalizou com o pé esquerdo."
4017,Treinamento,"O auxiliar técnico, em meio à crise, ajustou o posicionamento da defesa."
4018,Imprensa,"Na rodada de domingo, o comentarista elogiou a postura do time."
4019,Treinamento,"O técnico, para delírio da torcida, liberou o elenco para o fim de semana."
4020,Mercado da bola,"O empresário, no confronto pela copa, pagou a multa rescisória."
4021,Treinamento,O preparador físico ajustou a bola parada no estádio do rival.
4022,Arbitragem,"No domingo à tarde, a árbitra revisou o toque de mão."
4023,Arbitragem,"O árbitro, no jogo do centenário do clube, anulou o gol por impedimento."
4024,Treinamento,O treinador interino testou o jovem da base no time titular no domingo à tarde.
4025,Imprensa,"O comentarista, logo no primeiro minuto, elogiou o desempenho do goleiro."
4026,Treinamento,"O treinador interino, na abertura da rodada, fechou o treino à imprensa."
4027,Mercado da bola,O clube europeu anunciou um patrocínio master no jogo do centenário do clube.
4028,Torcida,"O torcedor mais antigo do clube, no jogo do returno, pediu a saída do técnico."
4029,Mercado da bola,"Durante a pré-temporada, o presidente do clube anunciou a chegada do novo técnico."
4030,Treinamento,"No jogo do returno, o fisiologista liberou o elenco para o fim de semana."
4031,Mercado da bola,"Em plena data FIFA, o presidente do clube pagou a primeira parcela da transferência."
4032,Mercado da bola,O clube árabe sondou o técnico da seleção após o intervalo.
4033,Imprensa,"Na estreia do campeonato, o podcast de futebol noticiou a crise no vestiário."
4034,Categorias de base,"Na abertura da rodada, o menino da comunidade revelou um lateral promissor."
4035,Partida,"O centroavante, na despedida do ídolo, finalizou rente à trave."
4036,Treinamento,"Para delírio da torcida, o coordenador técnico comandou o coletivo com os titulares."
4037,Categorias de base,"No jogo de ida, a escolinha de futebol impressionou os olheiros europeus."
4038,Treinamento,"O treinador interino, fora de casa, intensificou os treinos de finalização."
4039,Categorias de base,O treinador do sub-17 estreou no time profissional após o intervalo.
4040,Treinamento,"Na Arena da Baixada, o fisiologista fechou o treino à imprensa."
4041,Categorias de base,"No jogo do returno, o garoto da base revelou um goleiro de futuro."
4042,Partida,"Para delírio da torcida, o lateral-esquerdo cabeceou após o escanteio."
4043,Torcida,O sócio-torcedor comemorou o gol da virada na noite de sábado.
4044,Arbitragem,"O quarto árbitro, na volta das férias, anulou o gol por impedimento."
4045,Partida,"O centroavante, após o intervalo, marcou de pênalti."
4046,Torcida,"Na decisão do estadual, o sócio-torcedor fez um mosaico gigante."
4047,Treinamento,"Na despedida do ídolo, o preparador físico liberou o elenco para o fim de semana."
4048,Arbitragem,O assistente de vídeo expulsou o volante adversário na despedida do ídolo.
4049,Categorias de base,"O treinador do sub-17, no jogo de ida, disputou a final do sub-17."
4050,Mercado da bola,"O clube árabe, na estreia do campeonato, recusou a troca de jogadores."
4051,Treinamento,"A comissão técnica, na quarta-feira à noite, testou o meia na lateral."
4052,Categorias de base,"O garoto da base, para delírio da torcida, revelou um lateral promissor."
4053,Treinamento,"Em plena data FIFA, o técnico liberou o lateral após exames."
4054,Partida,"O zagueiro, no gramado encharcado, sofreu uma falta dura."
4055,Torcida,"No meio da semana, a torcida visitante fez uma grande recepção ao elenco."
4056,Treinamento,"Sob forte chuva, o analista de desempenho ajustou a marcação por pressão."
4057,Imprensa,"Na rodada de domingo, o podcast de futebol revelou o novo patrocinador."
4058,Mercado da bola,"No clássico de quarta-feira, o clube rival apresentou o novo uniforme."
4059,Torcida,"Em plena data FIFA, a torcida jovem aplaudiu o elenco após a derrota."
4060,Treinamento,"Para delírio da torcida, o analista de desempenho testou três zagueiros."
4061,Arbitragem,"A equipe de arbitragem, aos 45 minutos do segundo tempo, expulsou o técnico."
4062,Arbitragem,"Na volta das férias, o árbitro marcou o impedimento."
4063,Categorias de base,"No clássico de quarta-feira, o jovem goleiro impressionou o técnico do profissional."
4064,Treinamento,"O departamento médico, na Arena da Baixada, testou um novo esquema tático."
4065,Arbitragem,"O bandeirinha, na rodada de domingo, marcou o tiro de meta."
4066,Partida,O ponta-direita deu um carrinho perfeito no confronto pela copa.
4067,Arbitragem,"Na reta final da temporada, a equipe de arbitragem marcou a falta na entrada da área."
4068,Arbitragem,"Fora de casa, o bandeirinha expulsou o volante adversário."
4069,Mercado da bola,O diretor de futebol recusou a oferta do rival na quarta-feira à noite.
4070,Mercado da bola,"Sob forte chuva, o empresário negociou a venda do jovem atacante."
4071,Imprensa,O podcast de futebol noticiou a demissão do treinador no confronto pela copa.
4072,Torcida,O sócio-torcedor aplaudiu o goleiro no segundo tempo.
4073,Torcida,"O grupo de torcedores, na quarta-feira à noite, pediu a contratação de um centroavante."
4074,Imprensa,"O setorista, depois de três derrotas seguidas, narrou o golaço da rodada."
4075,Torcida,"O sócio-torcedor, no clássico de quarta-feira, aplaudiu o elenco após a derrota."
4076,Treinamento,O departamento médico ajustou a bola parada na despedida do ídolo.
4077,Arbitragem,O bandeirinha revisou o toque de mão na volta das férias.
4078,Categorias de base,"A promessa do clube, em pleno feriado, impressionou o técnico do profissional."
4079,Imprensa,O podcast de futebol narrou o golaço da rodada no jogo do returno.
4080,Categorias de base,"No domingo à tarde, a promessa do clube conquistou o título estadual juvenil."
4081,Torcida,O torcedor mais antigo do clube vaiou o time na saída de campo fora de casa.
4082,Treinamento,A comissão técnica intensificou o trabalho físico aos 45 minutos do segundo tempo.
4083,Imprensa,"O podcast de futebol, em meio à crise, previu o título do líder."
4084,Treinamento,"Diante de 40 mil torcedores, o preparador físico liberou o lateral após exames."
4085,Imprensa,O blogueiro esportivo criticou a arbitragem pela primeira vez na temporada.
4086,Campeonato,"O time visitante, na rodada de domingo, conquistou o título nacional."
4087,Torcida,O sócio-torcedor comemorou o gol da virada diante de 40 mil torcedores.
4088,Partida,O atacante sofreu uma falta dura diante de 40 mil torcedores.
4089,Campeonato,O atual campeão garantiu a vaga na Libertadores diante de 40 mil torcedores.
4090,Categorias de base,"O time sub-15, no jogo de ida, revelou um goleiro de futuro."
4091,Arbitragem,"No estádio do rival, a árbitra deu seis minutos de acréscimo."
4092,Torcida,"A arquibancada, fora de casa, vaiou o time na saída de campo."
4093,Treinamento,"O auxiliar técnico, na Arena da Baixada, ajustou a saída de bola."
4094,Partida,"O ponta-direita, diante de 40 mil torcedores, marcou o gol de empate."
4095,Mercado da bola,O investidor da SAF apresentou o novo uniforme no jogo do returno.
4096,Partida,"No estádio lotado, o ponta-direita chutou a bola no ângulo."
4097,Partida,"O centroavante, pela primeira vez na temporada, cabeceou no canto do goleiro."
4098,Campeonato,O time visitante conquistou o acesso à Série A no domingo à tarde.
4099,Mercado da bola,"No estádio do rival, o presidente do clube apresentou o novo uniforme."
4100,Campeonato,O atual campeão conquistou a copa do estado logo no primeiro minuto.
4101,Campeonato,"O time visitante, na reta final da temporada, garantiu a permanência na primeira divisão."
4102,Torcida,"O torcedor mais antigo do clube, pela primeira vez na temporada, aplaudiu o goleiro."
4103,Torcida,"Sob forte chuva, o grupo de torcedores aplaudiu o goleiro."
4104,Partida,"O ponta-direita, no jogo de ida, perdeu o pênalti."
4105,Mercado da bola,O empresário negociou a venda do jovem atacante no estádio do rival.
4106,Mercado da bola,A diretoria pagou a primeira parcela da transferência logo no primeiro minuto.
4107,Torcida,O sócio-torcedor cantou o hino do clube na volta das férias.
4108,Partida,O volante marcou de falta no clássico de quarta-feira.
4109,Arbitragem,"Na Arena da Baixada, o juiz da partida marcou a falta na entrada da área."
4110,Arbitragem,"Na decisão do estadual, o assistente de vídeo anulou o gol por falta no goleiro."
4111,Partida,"No gramado encharcado, o atacante marcou dois gols."
4112,Imprensa,"O podcast de futebol, no último jogo do ano, narrou o golaço da rodada."
4113,Categorias de base,"O jovem goleiro, em plena data FIFA, foi promovido ao elenco principal."
4114,Imprensa,A emissora de rádio criticou a arbitragem no domingo à tarde.
4115,Arbitragem,"O assistente de vídeo, na quarta-feira à noite, marcou o tiro de meta."
4116,Mercado da bola,"O clube árabe, depois de três derrotas seguidas, recusou uma proposta milionária."
4117,Partida,"Na decisão do estadual, o capitão do time cruzou na cabeça do centroavante."
4118,Treinamento,O técnico comandou o rachão na abertura da rodada.
4119,Torcida,"O grupo de torcedores, no jogo do centenário do clube, pediu a saída do técnico."
4120,Torcida,A torcida visitante fez uma grande recepção ao elenco na noite de sábado.
4121,Partida,"Na final da copa, o capitão do time finalizou por cobertura."
4122,Treinamento,"A comissão técnica, na despedida do ídolo, ajustou a marcação por pressão."
4123,Imprensa,O podcast de futebol narrou o golaço da rodada pela primeira vez na temporada.
4124,Mercado da bola,O presidente do clube pagou a multa rescisória na partida transmitida para todo o país.
4125,Mercado da bola,"O empresário, na estreia do campeonato, recusou uma proposta milionária."
4126,Partida,"O camisa 10, na partida transmitida para todo o país, marcou o gol da vitória."
4127,Treinamento,"O coordenador técnico, pela primeira vez na temporada, comandou o rachão."
4128,Mercado da bola,"O presidente do clube, na Arena da Baixada, renovou o contrato do artilheiro."
4129,Categorias de base,O treinador do sub-17 estreou no time profissional no gramado encharcado.
4130,Categorias de base,"O coordenador da base, durante a pré-temporada, assinou o primeiro contrato profissional."
4131,Arbitragem,"Na abertura da rodada, o quarto árbitro marcou a falta na entrada da área."
4132,Torcida,A arquibancada comemorou o acesso à primeira divisão no estádio do rival.
4133,Imprensa,"O blogueiro esportivo, nos acréscimos, revelou os bastidores da negociação."
4134,Imprensa,"Na Arena da Baixada, o podcast de futebol criticou o esquema tático."
4135,Torcida,"A torcida mandante, sob forte chuva, aplaudiu a entrada do time em campo."
4136,Campeonato,O atual campeão perdeu a final nos pênaltis na final da copa.
4137,Imprensa,A emissora de rádio previu o rebaixamento do clube na estreia do campeonato.
4138,Categorias de base,A escolinha de futebol revelou um goleiro de futuro no domingo à tarde.
4139,Partida,O meia-armador perdeu o pênalti em noite de casa cheia.
4140,Treinamento,O treinador interino intensificou os treinos de finalização para delírio da torcida.
4141,Torcida,"Na estreia do campeonato, o torcedor mais antigo do clube lotou a frente do centro de treinamento."
4142,Treinamento,"A comissão técnica, na rodada de domingo, liberou o atacante para o jogo."
4143,Categorias de base,"O coordenador da base, diante de 40 mil torcedores, assinou com um clube europeu."
4144,Mercado da bola,"O empresário, no meio da semana, renovou o contrato do goleiro."
4145,Arbitragem,O árbitro de vídeo marcou um escanteio duvidoso antes do intervalo.
4146,Partida,O ponta-direita finalizou com o pé esquerdo nos acréscimos.
4147,Campeonato,"O lanterna, no último jogo do ano, conquistou o título nacional."
4148,Torcida,"Na abertura da rodada, o sócio-torcedor vaiou o jogador adversário."
4149,Categorias de base,A promessa do clube revelou um lateral promissor na Arena da Baixada.
4150,Mercado da bola,O diretor de futebol sondou o técnico da seleção no jogo do returno.
4151,Imprensa,"Logo no primeiro minuto, o blogueiro esportivo criticou a atuação do time."
4152,Torcida,O torcedor lotou o aeroporto no último jogo do ano.
4153,Treinamento,O técnico ajustou o posicionamento da defesa na partida transmitida para todo o país.
4154,Arbitragem,"O árbitro de vídeo, nos acréscimos, marcou o pênalti."
4155,Imprensa,O setorista criticou a arbitragem no segundo tempo.
4156,Arbitragem,"Na partida transmitida para todo o país, o juiz da partida aplicou o cartão vermelho."
4157,Categorias de base,"Na despedida do ídolo, o time sub-20 estreou com gol."
4158,Imprensa,A coluna do jornal narrou a virada histórica em pleno feriado.
4159,Treinamento,"No jogo de ida, o fisiologista planejou a pré-temporada."
4160,Arbitragem,O juiz da partida revisou a jogada do gol sob forte chuva.
4161,Partida,"Pela primeira vez na temporada, o capitão do time cruzou para a área."
4162,Treinamento,"O analista de desempenho, em plena data FIFA, planejou a pré-temporada."
4163,Arbitragem,"Antes do intervalo, o assistente de vídeo anulou o gol por impedimento."
4164,Categorias de base,"O coordenador da base, aos 45 minutos do segundo tempo, foi promovido ao time sub-20."
4165,Mercado da bola,O presidente do clube negociou a contratação do volante em noite de casa cheia.
4166,Partida,"O centroavante, antes do intervalo, deu uma assistência precisa."
4167,Categorias de base,"O time sub-20, fora de casa, revelou um novo talento."
4168,Campeonato,"No meio da semana, o clube recém-promovido garantiu a permanência na primeira divisão."
4169,Partida,O zagueiro perdeu a chance de empatar nos acréscimos.
4170,Partida,"Na rodada de domingo, o volante marcou de pênalti."
4171,Partida,"O meia-armador, na quarta-feira à noite, deu uma assistência precisa."
4172,Partida,O jogador reserva marcou dois gols no estádio do rival.
4173,Partida,"Nos acréscimos, o lateral-esquerdo finalizou por cobertura."
4174,Imprensa,"Para delírio da torcida, o canal de esportes narrou a virada histórica."
4175,Campeonato,"O atual campeão, após o intervalo, assumiu a vice-liderança."
4176,Torcida,"Na abertura da rodada, a torcida visitante aplaudiu o goleiro."
4177,Treinamento,"Na volta das férias, o preparador físico liberou o elenco para o fim de semana."
4178,Treinamento,"O preparador físico, nos acréscimos, fechou o treino à imprensa."
4179,Torcida,"No meio da semana, o sócio-torcedor vaiou o time na saída de campo."
4180,Treinamento,"No clássico de quarta-feira, o analista de desempenho fechou a escalação para o clássico."
4181,Imprensa,O comentarista noticiou a crise no vestiário aos 45 minutos do segundo tempo.
4182,Treinamento,"O departamento médico, na abertura da rodada, liberou o atacante para o jogo."
4183,Torcida,O grupo de torcedores cantou durante os noventa minutos no segundo tempo.
4184,Treinamento,A comissão técnica planejou a pré-temporada nos acréscimos.
4185,Treinamento,"O treinador interino, no segundo tempo, ajustou a marcação por pressão."
4186,Imprensa,"No clássico de quarta-feira, o canal de esportes narrou a virada histórica."
4187,Treinamento,O fisiologista ajustou a bola parada para delírio da torcida.
4188,Treinamento,"O auxiliar técnico, na decisão do estadual, comandou o treino tático."
4189,Treinamento,"No gramado encharcado, o fisiologista ajustou a bola parada."
4190,Imprensa,"No gramado encharcado, a repórter de campo narrou a virada histórica."
4191,Mercado da bola,"O empresário, depois de três derrotas seguidas, recusou uma proposta milionária."
4192,Partida,"O lateral-esquerdo, para delírio da torcida, sofreu uma falta dura."
4193,Treinamento,"O técnico, no clássico de quarta-feira, liberou o atacante para o jogo."
4194,Imprensa,"O comentarista, em plena data FIFA, criticou o esquema tático."
4195,Imprensa,"O canal de esportes, para delírio da torcida, narrou a virada histórica."
4196,Mercado da bola,"Logo no primeiro minuto, o empresário pagou as luvas do reforço."
4197,Categorias de base,"No último jogo do ano, a promessa do clube revelou um lateral promissor."
4198,Torcida,A torcida mandante cantou o nome do ídolo no domingo à tarde.
4199,Partida,"No jogo do centenário do clube, o lateral-esquerdo deu uma assistência precisa."
4200,Treinamento,"Na abertura da rodada, o fisiologista planejou a pré-temporada."
4201,Arbitragem,"No jogo do centenário do clube, o árbitro revisou o lance no monitor."
4202,Mercado da bola,"No segundo tempo, o clube rival pagou a multa rescisória."
4203,Mercado da bola,"O gerente de futebol, no segundo tempo, pagou a primeira parcela da transferência."
4204,Campeonato,"O líder do campeonato, no jogo do centenário do clube, assumiu a liderança da tabela."
4205,Partida,O ponta-direita deu uma assistência precisa sob forte chuva.
4206,Mercado da bola,"No confronto pela copa, o gerente de futebol pagou a multa rescisória."
4207,Mercado da bola,"Na Arena da Baixada, o clube europeu renovou o vínculo do capitão."
4208,Imprensa,"A coluna do jornal, no clássico de quarta-feira, criticou o esquema tático."
4209,Arbitragem,O bandeirinha anulou o gol por falta no goleiro em meio à crise.
4210,Partida,O zagueiro finalizou com o pé esquerdo no clássico de quarta-feira.
4211,Imprensa,"Na decisão do estadual, o jornalista esportivo elogiou a estreia do reforço."
4212,Campeonato,"O vice-líder, na noite de sábado, venceu a partida decisiva."
4213,Imprensa,"O comentarista, na estreia do campeonato, noticiou a crise no vestiário."
4214,Torcida,O grupo de torcedores vaiou o jogador adversário na Arena da Baixada.
4215,Campeonato,"O time da casa, no domingo à tarde, conquistou o acesso à Série A."
4216,Categorias de base,"O jovem goleiro, no último jogo do ano, impressionou o técnico do profissional."
4217,Categorias de base,"O time sub-15, sob forte chuva, disputou a peneira regional."
4218,Mercado da bola,O gerente de futebol recusou a oferta do rival no meio da semana.
4219,Imprensa,"Na final da copa, o blogueiro esportivo narrou a decisão por pênaltis."
4220,Campeonato,"Na decisão do estadual, o time visitante perdeu a final nos pênaltis."
4221,Treinamento,"Na decisão do estadual, o coordenador técnico ajustou a saída de bola."
4222,Arbitragem,O quarto árbitro anulou o gol por falta no goleiro fora de casa.
4223,Imprensa,"Na final da copa, a repórter de campo narrou a virada histórica."
4224,Treinamento,"Na partida transmitida para todo o país, o técnico testou o jovem da base no time titular."
4225,Torcida,"Antes do intervalo, o torcedor cantou o nome do ídolo."
4226,Partida,"Depois de três derrotas seguidas, o jogador reserva chutou a bola no ângulo."
4227,Arbitragem,A árbitra revisou o lance no monitor no segundo tempo.
4228,Arbitragem,"Na estreia do campeonato, o árbitro de vídeo deu o apito final."
4229,Categorias de base,A escolinha de futebol estreou com gol fora de casa.
4230,Imprensa,"Aos 45 minutos do segundo tempo, a emissora de rádio elogiou o trabalho do técnico."
4231,Imprensa,"O jornalista esportivo, na abertura da rodada, entrevistou o técnico."
4232,Partida,"O atacante, no segundo tempo, perdeu um gol feito."
4233,Partida,"Antes do intervalo, o volante finalizou de primeira."
4234,Torcida,A arquibancada lotou o estádio nos acréscimos.
4235,Treinamento,O treinador interino comandou o rachão na partida transmitida para todo o país.
4236,Partida,O capitão do time deu uma assistência precisa sob forte chuva.
4237,Categorias de base,"Após o intervalo, o time sub-15 impressionou o técnico do profissional."
4238,Mercado da bola,"O investidor da SAF, aos 45 minutos do segundo tempo, negociou a liberação do meia."
4239,Arbitragem,O assistente de vídeo anulou o gol por falta no goleiro na partida transmitida para todo o país.
4240,Imprensa,A emissora de rádio narrou a decisão por pênaltis em plena data FIFA.
4241,Campeonato,O vice-líder conquistou o título nacional no jogo do centenário do clube.
4242,Categorias de base,"O jovem goleiro, logo no primeiro minuto, estreou no time profissional."
4243,Mercado da bola,"No estádio do rival, o clube rival apresentou o novo uniforme."
4244,Partida,"Na despedida do ídolo, o zagueiro finalizou por cobertura."
4245,Mercado da bola,"Em pleno feriado, o diretor de futebol sondou um ponta do interior paulista."
4246,Campeonato,O time da casa conquistou o título nacional no confronto pela copa.
4247,Mercado da bola,"O investidor da SAF, logo no primeiro minuto, negociou o empréstimo do lateral."
4248,Torcida,"O torcedor, no estádio do rival, cantou durante os noventa minutos."
4249,Treinamento,O preparador de goleiros fechou a escalação para o clássico no meio da semana.
4250,Campeonato,"O líder do campeonato, na quarta-feira à noite, conquistou o acesso à Série A."
4251,Imprensa,"Na decisão do estadual, a repórter de campo criticou a atuação do time."
4252,Arbitragem,"No jogo do returno, o árbitro principal expulsou o volante adversário."
4253,Arbitragem,"O árbitro de vídeo, no clássico de quarta-feira, deu a bola ao chão."
4254,Partida,"O zagueiro, no clássico de quarta-feira, marcou o gol da vitória."
4255,Torcida,O grupo de torcedores fez um protesto pacífico em plena data FIFA.
4256,Imprensa,"Na noite de sábado, o comentarista noticiou a lesão do artilheiro."
4257,Categorias de base,"O time sub-15, na quarta-feira à noite, estreou na seleção de base."
4258,Mercado da bola,"O diretor de futebol, no último jogo do ano, apresentou o novo uniforme."
4259,Campeonato,O time do interior assumiu a liderança da tabela na reta final da temporada.
4260,Torcida,A torcida jovem fez uma grande recepção ao elenco durante a pré-temporada.
4261,Arbitragem,"A árbitra, no último jogo do ano, marcou o pênalti."
4262,Partida,O atacante sofreu uma lesão muscular na Arena da Baixada.
4263,Torcida,"A torcida organizada, no último jogo do ano, cantou o nome do ídolo."
4264,Arbitragem,"Para delírio da torcida, o árbitro de vídeo marcou o pênalti."
4265,Torcida,"O torcedor, logo no primeiro minuto, fez um mosaico gigante."
4266,Partida,O ponta-direita deu uma assistência precisa no jogo do returno.
4267,Mercado da bola,O gerente de futebol apresentou o novo uniforme antes do intervalo.
4268,Treinamento,O fisiologista comandou o treino tático na Arena da Baixada.
4269,Partida,"O volante, no clássico de quarta-feira, cabeceou por cima do travessão."
4270,Mercado da bola,"Antes do intervalo, o empresário anunciou a chegada do novo técnico."
4271,Treinamento,"O analista de desempenho, no domingo à tarde, ajustou a marcação por pressão."
4272,Torcida,"Em noite de casa cheia, a torcida jovem cantou sem parar."
4273,Mercado da bola,"Em plena data FIFA, a diretoria recusou a troca de jogadores."
4274,Treinamento,"A comissão técnica, no segundo tempo, intensificou os treinos de finalização."
4275,Arbitragem,"O assistente de vídeo, no domingo à tarde, expulsou o volante adversário."
4276,Torcida,"O grupo de torcedores, na abertura da rodada, fez uma festa bonita."
4277,Arbitragem,"Na decisão do estadual, o árbitro principal deu a bola ao chão."
4278,Partida,"O capitão do time, na rodada de domingo, marcou de falta."
4279,Imprensa,"Durante a pré-temporada, o blogueiro esportivo previu o título do líder."
4280,Imprensa,"O comentarista, na estreia do campeonato, criticou a arbitragem."
4281,Campeonato,"O azarão da competição, diante de 40 mil torcedores, conquistou o título nacional."
4282,Partida,O volante cabeceou para o fundo da rede depois de três derrotas seguidas.
4283,Arbitragem,"Logo no primeiro minuto, o quarto árbitro anulou o gol por falta no goleiro."
4284,Treinamento,O coordenador técnico planejou a pré-temporada antes do intervalo.
4285,Partida,O volante cabeceou no canto do goleiro na despedida do ídolo.
4286,Mercado da bola,"No estádio do rival, o agente do jogador sondou o técnico da seleção."
4287,Campeonato,O líder do campeonato eliminou o atual campeão na noite de sábado.
4288,Treinamento,"No domingo à tarde, o treinador interino testou três zagueiros."
4289,Treinamento,O preparador de goleiros planejou a recuperação dos atletas no jogo do returno.
4290,Campeonato,"Em plena data FIFA, o time visitante venceu o confronto direto."
4291,Partida,"O meia-armador, em plena data FIFA, deu um carrinho perfeito."
4292,Categorias de base,"O time sub-20, logo no primeiro minuto, estreou no time profissional."
4293,Mercado da bola,"Pela primeira vez na temporada, o empresário renovou o contrato do artilheiro."
4294,Arbitragem,A equipe de arbitragem deu o apito final na reta final da temporada.
4295,Partida,"Na despedida do ídolo, o volante finalizou na trave."
4296,Torcida,"Na rodada de domingo, a torcida jovem pediu mais raça aos jogadores."
4297,Categorias de base,"A promessa do clube, em noite de casa cheia, revelou um novo talento."
4298,Imprensa,O comentarista noticiou a lesão do artilheiro no confronto pela copa.
4299,Imprensa,O podcast de futebol previu o rebaixamento do clube no jogo de ida.
4300,Mercado da bola,"O clube árabe, no estádio lotado, renovou o vínculo do capitão."
4301,Mercado da bola,"O diretor de futebol, no domingo à tarde, negociou a contratação do volante."
4302,Imprensa,O blogueiro esportivo entrevistou o capitão no último jogo do ano.
4303,Campeonato,O clube recém-promovido empatou o jogo de ida no estádio do rival.
4304,Imprensa,"O narrador, no domingo à tarde, entrevistou o autor do gol."
4305,Treinamento,"Na estreia do campeonato, o auxiliar técnico testou o meia na lateral."
4306,Torcida,"O torcedor, no domingo à tarde, fez um protesto pacífico."
4307,Imprensa,"No estádio do rival, o canal de esportes revelou os bastidores da negociação."
4308,Partida,"Na quarta-feira à noite, o jogador reserva cabeceou para o fundo da rede."
4309,Treinamento,"Na abertura da rodada, o preparador físico liberou o lateral após exames."
4310,Categorias de base,"O garoto da base, logo no primeiro minuto, impressionou a comissão técnica."
4311,Torcida,"No domingo à tarde, a torcida visitante fez um protesto pacífico."
4312,Arbitragem,O quarto árbitro marcou a falta na entrada da área na despedida do ídolo.
4313,Mercado da bola,"O gerente de futebol, na estreia do campeonato, pagou a multa rescisória."
4314,Torcida,"O sócio-torcedor, na decisão do estadual, lotou o estádio."
4315,Partida,"O capitão do time, na despedida do ídolo, deu um drible desconcertante."
4316,Imprensa,"No jogo do returno, o podcast de futebol criticou a escalação inicial."
4317,Campeonato,"O líder do campeonato, em plena data FIFA, venceu o clássico regional."
4318,Imprensa,"Para delírio da torcida, a emissora de rádio narrou a virada histórica."
4319,Partida,O camisa 10 deu um chapéu no marcador fora de casa.
4320,Treinamento,"O treinador interino, na estreia do campeonato, liberou o elenco para o fim de semana."
4321,Mercado da bola,O investidor da SAF anunciou o reforço para a temporada pela primeira vez na temporada.
4322,Mercado da bola,"Na abertura da rodada, o presidente do clube apresentou o novo camisa 9."
4323,Categorias de base,O time sub-20 revelou um novo talento fora de casa.
4324,Mercado da bola,"O diretor de futebol, na reta final da temporada, apresentou o reforço à torcida."
4325,Arbitragem,"A árbitra, na despedida do ídolo, marcou o pênalti."
4326,Arbitragem,"A equipe de arbitragem, na volta das férias, ignorou o pedido de pênalti."
4327,Categorias de base,"No segundo tempo, o jovem goleiro conquistou o torneio internacional de base."
4328,Torcida,A arquibancada fez um protesto pacífico na partida transmitida para todo o país.
4329,Mercado da bola,O clube árabe anunciou a chegada do novo técnico na abertura da rodada.
4330,Imprensa,A coluna do jornal criticou o esquema tático na despedida do ídolo.
4331,Campeonato,O vice-líder empatou o jogo de ida no último jogo do ano.
4332,Partida,O centroavante sofreu uma lesão muscular sob forte chuva.
4333,Mercado da bola,O clube rival pagou as luvas do reforço na Arena da Baixada.
4334,Imprensa,O canal de esportes revelou a escalação do clássico após o intervalo.
4335,Categorias de base,"Nos acréscimos, o jovem goleiro impressionou a comissão técnica."
4336,Imprensa,O setorista criticou o esquema tático logo no primeiro minuto.
4337,Campeonato,O time da casa empatou o jogo de ida na noite de sábado.
4338,Campeonato,"O azarão da competição, na noite de sábado, assumiu a liderança da tabela."
4339,Torcida,A arquibancada comemorou o acesso à primeira divisão na volta das férias.
4340,Imprensa,O blogueiro esportivo revelou os bastidores da negociação no domingo à tarde.
4341,Arbitragem,"Na noite de sábado, o juiz da partida aplicou o cartão vermelho."
4342,Partida,O centroavante perdeu um gol feito em noite de casa cheia.
4343,Partida,O jogador reserva finalizou de primeira em plena data FIFA.
4344,Torcida,O torcedor aplaudiu a homenagem ao ídolo no meio da semana.
4345,Imprensa,"Na rodada de domingo, a emissora de rádio previu o título do líder."
4346,Arbitragem,"O árbitro principal, em meio à crise, anulou o pênalti após revisão."
4347,Partida,O camisa 10 perdeu o pênalti depois de três derrotas seguidas.
4348,Imprensa,"Em noite de casa cheia, o setorista criticou a arbitragem."
4349,Torcida,"Em meio à crise, a arquibancada vaiou o time na saída de campo."
4350,Torcida,"No segundo tempo, o torcedor mais antigo do clube cantou durante os noventa minutos."
4351,Categorias de base,O coordenador da base estreou no time profissional no estádio do rival.
4352,Arbitragem,"No jogo de ida, o juiz da partida ignorou o pedido de pênalti."
4353,Partida,"Fora de casa, o meia-armador perdeu a chance de empatar."
4354,Mercado da bola,O clube árabe recusou a troca de jogadores aos 45 minutos do segundo tempo.
4355,Treinamento,"O analista de desempenho, na Arena da Baixada, testou o jovem da base no time titular."
4356,Treinamento,A comissão técnica intensificou os treinos de finalização na estreia do campeonato.
4357,Campeonato,O atual campeão empatou o jogo de ida na reta final da temporada.
4358,Partida,"O zagueiro, no meio da semana, sofreu uma lesão muscular."
4359,Arbitragem,"Diante de 40 mil torcedores, o árbitro expulsou o técnico."
4360,Torcida,"No segundo tempo, a torcida mandante cantou durante os noventa minutos."
4361,Arbitragem,"Na reta final da temporada, o quarto árbitro marcou o pênalti."
4362,Torcida,"O grupo de torcedores, na Arena da Baixada, cantou o hino do clube."
4363,Mercado da bola,"O investidor da SAF, no segundo tempo, renovou o contrato do goleiro."
4364,Partida,"Na noite de sábado, o ponta-direita finalizou de primeira."
4365,Campeonato,"O atual campeão, na abertura da rodada, venceu o confronto direto."
4366,Treinamento,"O analista de desempenho, no estádio do rival, fechou a escalação para o clássico."
4367,Torcida,"No segundo tempo, a torcida organizada fez uma festa bonita."
4368,Campeonato,"O lanterna, no domingo à tarde, venceu por goleada."
4369,Partida,"Na rodada de domingo, o meia-armador perdeu o pênalti."
4370,Treinamento,O preparador de goleiros ajustou o posicionamento da defesa no jogo do returno.
4371,Mercado da bola,"O clube rival, para delírio da torcida, recusou uma proposta milionária."
4372,Torcida,O sócio-torcedor fez uma grande recepção ao elenco fora de casa.
4373,Imprensa,"O comentarista, na abertura da rodada, narrou a virada histórica."
4374,Imprensa,O jornalista esportivo previu o título do líder na reta final da temporada.
4375,Campeonato,"Na rodada de domingo, o líder do campeonato perdeu a invencibilidade."
4376,Arbitragem,A equipe de arbitragem ignorou o toque de mão no jogo de ida.
4377,Treinamento,O preparador físico testou um novo esquema tático na volta das férias.
4378,Mercado da bola,O clube europeu pagou a primeira parcela da transferência depois de três derrotas seguidas.
4379,Partida,"O ponta-direita, no meio da semana, deu um chapéu no marcador."
4380,Categorias de base,"No gramado encharcado, o coordenador da base estreou na seleção de base."
4381,Categorias de base,O treinador do sub-17 disputou a peneira regional durante a pré-temporada.
4382,Treinamento,"Na noite de sábado, o analista de desempenho comandou o rachão."
4383,Torcida,"Na noite de sábado, a torcida visitante comemorou o gol da virada."
4384,Partida,"No gramado encharcado, o meia-armador chutou a bola no ângulo."
4385,Partida,"Na abertura da rodada, o camisa 10 finalizou de primeira."
4386,Torcida,A arquibancada comemorou a classificação em plena data FIFA.
4387,Mercado da bola,"O presidente do clube, depois de três derrotas seguidas, sondou um zagueiro do futebol argentino."
4388,Partida,"Em meio à crise, o capitão do time perdeu um gol feito."
4389,Partida,"Antes do intervalo, o volante deu um drible desconcertante."
4390,Torcida,"O torcedor mais antigo do clube, nos acréscimos, aplaudiu a homenagem ao ídolo."
4391,Arbitragem,"O juiz da partida, pela primeira vez na temporada, revisou o toque de mão."
4392,Campeonato,O atual campeão perdeu a liderança da tabela no estádio lotado.
4393,Torcida,O sócio-torcedor vaiou o time na saída de campo em plena data FIFA.
4394,Arbitragem,O bandeirinha deu o apito final no gramado encharcado.
4395,Mercado da bola,O empresário anunciou o reforço para a temporada na noite de sábado.
4396,Mercado da bola,"O clube europeu, sob forte chuva, recusou a oferta do rival."
4397,Treinamento,O treinador interino planejou a pré-temporada na decisão do estadual.
4398,Arbitragem,"Antes do intervalo, a assistente expulsou o volante adversário."
4399,Torcida,A torcida mandante comemorou a classificação no meio da semana.
4400,Partida,"Em meio à crise, o zagueiro marcou de pênalti."
4401,Partida,"Diante de 40 mil torcedores, o zagueiro cabeceou após o escanteio."
4402,Arbitragem,"O árbitro de vídeo, aos 45 minutos do segundo tempo, anulou o gol por impedimento."
4403,Partida,"Na partida transmitida para todo o país, o zagueiro sofreu uma lesão muscular."
4404,Torcida,O sócio-torcedor lotou o estádio no estádio lotado.
4405,Campeonato,O time do interior conquistou a copa do estado no confronto pela copa.
4406,Categorias de base,"O garoto da base, no estádio do rival, impressionou os olheiros europeus."
4407,Imprensa,A repórter de campo narrou a virada histórica no meio da semana.
4408,Mercado da bola,O diretor de futebol renovou o vínculo do capitão na decisão do estadual.
4409,Campeonato,"O time visitante, aos 45 minutos do segundo tempo, perdeu a liderança da tabela."
4410,Imprensa,"O setorista, no confronto pela copa, criticou a escalação inicial."
4411,Campeonato,O atual campeão assumiu a vice-liderança na noite de sábado.
4412,Categorias de base,"Fora de casa, a escolinha de futebol conquistou a Copinha."
4413,Treinamento,"Depois de três derrotas seguidas, o treinador interino intensificou o trabalho físico."
4414,Treinamento,O técnico comandou a atividade de finalização no gramado encharcado.
4415,Treinamento,"Pela primeira vez na temporada, o treinador interino liberou o atacante para o jogo."
4416,Arbitragem,"No jogo de ida, a árbitra ignorou o toque de mão."
4417,Mercado da bola,"O presidente do clube, no jogo do centenário do clube, sondou um zagueiro do futebol argentino."
4418,Mercado da bola,"A diretoria, depois de três derrotas seguidas, renovou o contrato do goleiro."
4419,Mercado da bola,O empresário apresentou o reforço à torcida aos 45 minutos do segundo tempo.
4420,Mercado da bola,"Na estreia do campeonato, o clube rival anunciou um patrocínio master."
4421,Partida,"O meia-armador, no jogo de ida, cruzou na cabeça do centroavante."
4422,Partida,O zagueiro marcou o gol de empate na rodada de domingo.
4423,Imprensa,"No jogo de ida, o blogueiro esportivo previu uma goleada no clássico."
4424,Partida,"O meia-armador, pela primeira vez na temporada, finalizou por cobertura."
4425,Partida,"O atacante, na quarta-feira à noite, deu um chapéu no marcador."
4426,Mercado da bola,"O presidente do clube, na volta das férias, pagou as luvas do reforço."
4427,Partida,"O ponta-direita, fora de casa, deu um drible desconcertante."
4428,Partida,O volante finalizou na trave no meio da semana.
4429,Partida,O jogador reserva cabeceou para o fundo da rede na despedida do ídolo.
4430,Torcida,"No confronto pela copa, a torcida mandante aplaudiu o goleiro."
4431,Partida,O jogador reserva finalizou rente à trave no jogo do returno.
4432,Partida,"Logo no primeiro minuto, o zagueiro cabeceou para o fundo da rede."
4433,Imprensa,"A repórter de campo, no último jogo do ano, previu o título do líder."
4434,Categorias de base,O time sub-20 disputou a peneira regional na final da copa.
4435,Torcida,A torcida mandante pediu mais raça aos jogadores para delírio da torcida.
4436,Partida,"Na Arena da Baixada, o lateral-esquerdo finalizou de primeira."
4437,Treinamento,"Fora de casa, o fisiologista liberou o atacante para o jogo."
4438,Treinamento,"O técnico, no meio da semana, testou um novo esquema tático."
4439,Campeonato,"Em meio à crise, o líder do campeonato eliminou o favorito ao título."
4440,Arbitragem,"O árbitro, em noite de casa cheia, marcou o tiro de meta."
4441,Mercado da bola,O presidente do clube anunciou a chegada do novo técnico na despedida do ídolo.
4442,Campeonato,O azarão da competição garantiu a classificação para as quartas no jogo de ida.
4443,Mercado da bola,O presidente do clube anunciou a chegada do novo técnico no jogo do centenário do clube.
4444,Partida,O meia-armador marcou de falta sob forte chuva.
4445,Partida,O centroavante cruzou na cabeça do centroavante nos acréscimos.
4446,Torcida,"O torcedor mais antigo do clube, no jogo do centenário do clube, aplaudiu a homenagem ao ídolo."
4447,Mercado da bola,O diretor de futebol sondou um ponta do interior paulista fora de casa.
4448,Categorias de base,"O time sub-15, na volta das férias, revelou um novo talento."
4449,Treinamento,O fisiologista testou o meia na lateral no jogo de ida.
4450,Torcida,"O torcedor, sob forte chuva, cantou o hino do clube."
4451,Campeonato,O clube recém-promovido perdeu a liderança da tabela após o intervalo.
4452,Mercado da bola,"Em plena data FIFA, a diretoria renovou o contrato do artilheiro."
4453,Categorias de base,"Em meio à crise, o treinador do sub-17 impressionou a comissão técnica."
4454,Mercado da bola,O diretor de futebol anunciou o reforço para a temporada fora de casa.
4455,Campeonato,"O clube recém-promovido, na decisão do estadual, empatou sem gols."
4456,Imprensa,A emissora de rádio previu uma goleada no clássico para delírio da torcida.
4457,Campeonato,"Na decisão do estadual, o líder do campeonato perdeu a invencibilidade."
4458,Torcida,"Na rodada de domingo, a torcida visitante cantou durante os noventa minutos."
4459,Partida,"O zagueiro, na volta das férias, marcou o gol de empate."
4460,Imprensa,"O blogueiro esportivo, no clássico de quarta-feira, noticiou a lesão do artilheiro."
4461,Arbitragem,"O árbitro, no clássico de quarta-feira, marcou o tiro de meta."
4462,Arbitragem,"Em pleno feriado, o árbitro de vídeo marcou um escanteio duvidoso."
4463,Campeonato,O favorito ao título assumiu a liderança da tabela na decisão do estadual.
4464,Campeonato,O time visitante assumiu a vice-liderança sob forte chuva.
4465,Torcida,"Na despedida do ídolo, a torcida jovem aplaudiu a entrada do time em campo."
4466,Torcida,"A torcida mandante, no clássico de quarta-feira, comemorou o título estadual."
4467,Partida,"O lateral-esquerdo, na estreia do campeonato, cruzou para a área."
4468,Treinamento,"O auxiliar técnico, no jogo de ida, intensificou o trabalho físico."
4469,Partida,"Aos 45 minutos do segundo tempo, o capitão do time deu um chapéu no marcador."
4470,Mercado da bola,A diretoria negociou o empréstimo do lateral na rodada de domingo.
4471,Mercado da bola,"O investidor da SAF, na Arena da Baixada, anunciou um patrocínio master."
4472,Partida,"O ponta-direita, na despedida do ídolo, marcou dois gols."
4473,Torcida,"Aos 45 minutos do segundo tempo, a arquibancada fez uma festa bonita."
4474,Categorias de base,O time sub-15 foi promovido ao time sub-20 em plena data FIFA.
4475,Categorias de base,A promessa do clube revelou um novo talento logo no primeiro minuto.
4476,Arbitragem,O assistente de vídeo aplicou a lei da vantagem logo no primeiro minuto.
4477,Campeonato,"O azarão da competição, no domingo à tarde, empatou com o rival."
4478,Torcida,"Sob forte chuva, a torcida mandante vaiou o árbitro."
4479,Torcida,"O sócio-torcedor, na volta das férias, aplaudiu a entrada do time em campo."
4480,Treinamento,"No jogo do centenário do clube, o analista de desempenho intensificou o trabalho físico."
4481,Treinamento,O auxiliar técnico planejou a recuperação dos atletas diante de 40 mil torcedores.
4482,Campeonato,"No confronto pela copa, o time da casa assumiu a liderança da tabela."
4483,Campeonato,"Para delírio da torcida, o favorito ao título garantiu a permanência na primeira divisão."
4484,Partida,O camisa 10 finalizou de primeira no estádio do rival.
4485,Partida,"O zagueiro, na abertura da rodada, cabeceou para o fundo da rede."
4486,Partida,O ponta-direita cabeceou por cima do travessão no domingo à tarde.
4487,Torcida,O torcedor cantou sem parar para delírio da torcida.
4488,Partida,"O meia-armador, em meio à crise, cruzou na cabeça do centroavante."
4489,Torcida,"Na partida transmitida para todo o país, o sócio-torcedor lotou o aeroporto."
4490,Imprensa,"O jornalista esportivo, após o intervalo, revelou a escalação do clássico."
4491,Partida,"Diante de 40 mil torcedores, o volante marcou um golaço."
4492,Imprensa,"O blogueiro esportivo, no gramado encharcado, revelou a escalação do clássico."
4493,Treinamento,O técnico fechou o treino à imprensa no gramado encharcado.
4494,Treinamento,O preparador físico ajustou a marcação por pressão no jogo do centenário do clube.
4495,Treinamento,"O fisiologista, para delírio da torcida, testou três zagueiros."
4496,Partida,O capitão do time deu um chapéu no marcador no último jogo do ano.
4497,Torcida,A torcida organizada lotou a frente do centro de treinamento logo no primeiro minuto.
4498,Campeonato,O clube recém-promovido assumiu a liderança da tabela na partida transmitida para todo o país.
4499,Partida,O atacante perdeu um gol feito na estreia do campeonato.
4500,Imprensa,"No gramado encharcado, a emissora de rádio entrevistou o capitão."
4501,Arbitragem,"O juiz da partida, aos 45 minutos do segundo tempo, deu seis minutos de acréscimo."
4502,Arbitragem,"Na estreia do campeonato, a equipe de arbitragem revisou o lance no monitor."
4503,Mercado da bola,O gerente de futebol renovou o vínculo do capitão fora de casa.
4504,Imprensa,"Em plena data FIFA, o setorista narrou o golaço da rodada."
4505,Categorias de base,"Após o intervalo, o menino da comunidade revelou um lateral promissor."
4506,Campeonato,O time visitante eliminou o favorito ao título na rodada de domingo.
4507,Torcida,"Fora de casa, o torcedor mais antigo do clube vaiou o árbitro."
4508,Categorias de base,"Nos acréscimos, o treinador do sub-17 disputou a final do sub-17."
4509,Torcida,"Na despedida do ídolo, a torcida organizada aplaudiu o goleiro."
4510,Mercado da bola,O clube rival apresentou o novo camisa 9 no último jogo do ano.
4511,Partida,O centroavante sofreu uma lesão muscular na quarta-feira à noite.
4512,Arbitragem,"Na final da copa, a equipe de arbitragem marcou o tiro de meta."
4513,Campeonato,"O time visitante, no jogo do centenário do clube, garantiu a permanência na primeira divisão."
4514,Partida,"O camisa 10, depois de três derrotas seguidas, marcou o gol da vitória."
4515,Mercado da bola,O diretor de futebol pagou a multa rescisória na decisão do estadual.
4516,Imprensa,"Em pleno feriado, o podcast de futebol revelou a escalação do clássico."
4517,Categorias de base,"Na final da copa, o jovem goleiro assinou o primeiro contrato profissional."
4518,Campeonato,O líder do campeonato empatou o jogo de ida em pleno feriado.
4519,Partida,O volante cabeceou após o escanteio na final da copa.
4520,Partida,O ponta-direita finalizou rente à trave em plena data FIFA.
4521,Torcida,A torcida jovem fez um protesto pacífico aos 45 minutos do segundo tempo.
4522,Treinamento,"O preparador de goleiros, no segundo tempo, planejou a recuperação dos atletas."
4523,Arbitragem,"A assistente, diante de 40 mil torcedores, aplicou o cartão amarelo."
4524,Treinamento,A comissão técnica testou um novo esquema tático na quarta-feira à noite.
4525,Partida,"Na abertura da rodada, o lateral-esquerdo chutou cruzado para o gol."
4526,Partida,"O centroavante, na abertura da rodada, perdeu o pênalti."
4527,Treinamento,"Depois de três derrotas seguidas, o fisiologista ajustou a marcação por pressão."
4528,Arbitragem,O árbitro de vídeo expulsou o técnico na reta final da temporada.
4529,Categorias de base,O garoto da base estreou na seleção de base no gramado encharcado.
4530,Partida,"Durante a pré-temporada, o jogador reserva cabeceou para o fundo da rede."
4531,Torcida,"A torcida jovem, na partida transmitida para todo o país, comemorou o acesso à primeira divisão."
4532,Mercado da bola,"Na estreia do campeonato, o clube árabe anunciou o reforço para a temporada."
4533,Partida,"O ponta-direita, fora de casa, finalizou rente à trave."
4534,Torcida,"A torcida mandante, diante de 40 mil torcedores, comemorou o acesso à primeira divisão."
4535,Imprensa,"Na final da copa, o podcast de futebol noticiou a demissão do treinador."
4536,Imprensa,"Na volta das férias, o canal de esportes criticou a arbitragem."
4537,Mercado da bola,"No estádio do rival, o investidor da SAF anunciou o reforço para a temporada."
4538,Partida,"Logo no primeiro minuto, o ponta-direita deu um drible desconcertante."
4539,Partida,O centroavante chutou forte de fora da área em plena data FIFA.
4540,Arbitragem,"Nos acréscimos, o árbitro expulsou o técnico."
4541,Categorias de base,"O olheiro, na noite de sábado, impressionou a comissão técnica."
4542,Categorias de base,"O garoto da base, na estreia do campeonato, assinou com um clube europeu."
4543,Treinamento,O preparador físico comandou o rachão em meio à crise.
4544,Imprensa,"O canal de esportes, nos acréscimos, entrevistou o capitão."
4545,Campeonato,"No segundo tempo, o vice-líder eliminou o atual campeão."
4546,Categorias de base,"Na decisão do estadual, a promessa do clube disputou a semifinal do sub-20."
4547,Torcida,A torcida visitante cantou sem parar na rodada de domingo.
4548,Partida,O volante finalizou na trave fora de casa.
4549,Torcida,O grupo de torcedores lotou a frente do centro de treinamento para delírio da torcida.
4550,Torcida,"No estádio do rival, o torcedor fez um protesto pacífico."
4551,Campeonato,"No segundo tempo, o líder do campeonato assumiu a vice-liderança."
4552,Arbitragem,A equipe de arbitragem deu a bola ao chão fora de casa.
4553,Categorias de base,"O menino da comunidade, no confronto pela copa, disputou a peneira regional."
4554,Imprensa,"A emissora de rádio, logo no primeiro minuto, noticiou a venda do atacante."
4555,Mercado da bola,"O presidente do clube, aos 45 minutos do segundo tempo, sondou o técnico da seleção."
4556,Categorias de base,"Em meio à crise, o coordenador da base foi promovido ao time sub-20."
4557,Mercado da bola,"Na Arena da Baixada, o clube rival negociou o empréstimo do lateral."
4558,Torcida,"No gramado encharcado, a torcida jovem cantou o nome do ídolo."
4559,Imprensa,"Em noite de casa cheia, a emissora de rádio narrou a decisão por pênaltis."
4560,Partida,"O jogador reserva, na estreia do campeonato, chutou forte de fora da área."
4561,Treinamento,"Em plena data FIFA, o coordenador técnico intensificou o trabalho físico."
4562,Partida,"O ponta-direita, em pleno feriado, cruzou rasteiro para o meio."
4563,Treinamento,"O técnico, no clássico de quarta-feira, testou o jovem da base no time titular."
4564,Campeonato,"O líder do campeonato, no gramado encharcado, conquistou o acesso à Série A."
4565,Categorias de base,O jovem goleiro impressionou o técnico do profissional em pleno feriado.
4566,Campeonato,"Sob forte chuva, o time visitante perdeu a final nos pênaltis."
4567,Torcida,"Na quarta-feira à noite, o sócio-torcedor aplaudiu o elenco após a derrota."
4568,Torcida,A torcida mandante fez um protesto pacífico logo no primeiro minuto.
4569,Campeonato,O favorito ao título garantiu a permanência na primeira divisão logo no primeiro minuto.
4570,Mercado da bola,O clube árabe apresentou o novo camisa 9 no segundo tempo.
4571,Partida,"No último jogo do ano, o jogador reserva marcou o gol de empate."
4572,Mercado da bola,"No estádio lotado, a diretoria apresentou o reforço à torcida."
4573,Arbitragem,"O juiz da partida, na Arena da Baixada, ignorou o toque de mão."
4574,Partida,O capitão do time marcou um golaço no jogo do returno.
4575,Partida,O zagueiro marcou de pênalti na final da copa.
4576,Partida,"No domingo à tarde, o volante cabeceou por cima do travessão."
4577,Torcida,"O torcedor, na final da copa, pediu mais raça aos jogadores."
4578,Mercado da bola,"O gerente de futebol, aos 45 minutos do segundo tempo, apresentou o novo uniforme."
4579,Arbitragem,O quarto árbitro revisou a jogada do gol na Arena da Baixada.
4580,Categorias de base,"O jovem goleiro, na despedida do ídolo, revelou um goleiro de futuro."
4581,Imprensa,A repórter de campo noticiou a venda do atacante na partida transmitida para todo o país.
4582,Torcida,"Na quarta-feira à noite, o sócio-torcedor cantou sem parar."
4583,Arbitragem,O bandeirinha deu seis minutos de acréscimo no domingo à tarde.
4584,Arbitragem,"No segundo tempo, a árbitra aplicou o cartão amarelo."
4585,Torcida,"No gramado encharcado, o torcedor cantou o hino do clube."
4586,Partida,"O centroavante, na estreia do campeonato, chutou cruzado para o gol."
4587,Campeonato,"O azarão da competição, na despedida do ídolo, conquistou o título nacional."
4588,Arbitragem,"O bandeirinha, na quarta-feira à noite, marcou um escanteio duvidoso."
4589,Torcida,"A torcida jovem, em meio à crise, aplaudiu o goleiro."
4590,Partida,"Em pleno feriado, o centroavante cabeceou no canto do goleiro."
4591,Campeonato,"O líder do campeonato, na quarta-feira à noite, foi rebaixado para a segunda divisão."
4592,Torcida,"No confronto pela copa, a charanga pediu mais raça aos jogadores."
4593,Arbitragem,"O assistente de vídeo, diante de 40 mil torcedores, ignorou as reclamações do banco."
4594,Treinamento,"Na noite de sábado, o coordenador técnico liberou o atacante para o jogo."
4595,Categorias de base,O time sub-20 assinou o primeiro contrato profissional pela primeira vez na temporada.
4596,Treinamento,"No jogo de ida, o coordenador técnico planejou a recuperação dos atletas."
4597,Torcida,A torcida organizada aplaudiu a entrada do time em campo diante de 40 mil torcedores.
4598,Partida,"Em pleno feriado, o capitão do time finalizou de primeira."
4599,Partida,"O atacante, na despedida do ídolo, sofreu uma falta dura."
4600,Campeonato,O líder do campeonato assumiu a vice-liderança no confronto pela copa.
4601,Mercado da bola,"No jogo de ida, o clube rival sondou um ponta do interior paulista."
4602,Campeonato,"O atual campeão, na partida transmitida para todo o país, conquistou o título nacional."
4603,Torcida,A torcida jovem cantou durante os noventa minutos na decisão do estadual.
4604,Categorias de base,"O olheiro, em meio à crise, disputou a peneira regional."
4605,Campeonato,"O líder do campeonato, sob forte chuva, perdeu a final nos pênaltis."
4606,Arbitragem,"Na rodada de domingo, a equipe de arbitragem aplicou o cartão amarelo."
4607,Treinamento,"No confronto pela copa, o treinador interino planejou a pré-temporada."
4608,Categorias de base,"O jovem goleiro, pela primeira vez na temporada, disputou a peneira regional."
4609,Categorias de base,"Na abertura da rodada, o coordenador da base impressionou os olheiros europeus."
4610,Mercado da bola,O gerente de futebol anunciou a saída do capitão pela primeira vez na temporada.
4611,Categorias de base,"A promessa do clube, na partida transmitida para todo o país, conquistou a Copinha."
4612,Mercado da bola,O clube árabe renovou o contrato do artilheiro sob forte chuva.
4613,Imprensa,"O narrador, na volta das férias, revelou os bastidores da negociação."
4614,Campeonato,"Depois de três derrotas seguidas, o time do interior empatou o jogo de ida."
4615,Treinamento,O auxiliar técnico planejou a pré-temporada no meio da semana.
4616,Partida,"Na Arena da Baixada, o centroavante chutou a bola no ângulo."
4617,Imprensa,A repórter de campo previu o rebaixamento do clube em pleno feriado.
4618,Campeonato,"O vice-líder, na estreia do campeonato, conquistou a copa do estado."
4619,Categorias de base,O garoto da base impressionou a comissão técnica sob forte chuva.
4620,Arbitragem,"O juiz da partida, fora de casa, expulsou o volante adversário."
4621,Torcida,O sócio-torcedor pediu a contratação de um centroavante nos acréscimos.
4622,Partida,"No clássico de quarta-feira, o volante cruzou para a área."
4623,Imprensa,"O comentarista, no último jogo do ano, narrou o golaço da rodada."
4624,Campeonato,O favorito ao título eliminou o atual campeão diante de 40 mil torcedores.
4625,Arbitragem,O árbitro principal marcou a falta na entrada da área fora de casa.
4626,Arbitragem,"No gramado encharcado, a assistente marcou o impedimento."
4627,Partida,O jogador reserva deu uma assistência precisa no clássico de quarta-feira.
4628,Partida,"No estádio lotado, o centroavante finalizou de primeira."
4629,Campeonato,"Diante de 40 mil torcedores, o azarão da competição conquistou a copa do estado."
4630,Imprensa,O canal de esportes noticiou a crise no vestiário depois de três derrotas seguidas.
4631,Partida,"O ponta-direita, depois de três derrotas seguidas, sofreu uma falta dura."
4632,Categorias de base,"O menino da comunidade, na Arena da Baixada, impressionou a comissão técnica."
4633,Partida,"O meia-armador, no segundo tempo, cruzou para a área."
4634,Categorias de base,"Fora de casa, o time sub-15 foi promovido ao time sub-20."
4635,Partida,"O capitão do time, na noite de sábado, perdeu um gol feito."
4636,Treinamento,O preparador de goleiros fechou o treino à imprensa no clássico de quarta-feira.
4637,Mercado da bola,"Na final da copa, o clube europeu anunciou a chegada do novo técnico."
4638,Mercado da bola,O empresário sondou um ponta do interior paulista na reta final da temporada.
4639,Imprensa,"No segundo tempo, o blogueiro esportivo entrevistou o técnico."
4640,Partida,"O jogador reserva, na quarta-feira à noite, marcou de pênalti."
4641,Mercado da bola,O investidor da SAF anunciou a chegada do novo técnico diante de 40 mil torcedores.
4642,Imprensa,"No gramado encharcado, o setorista narrou a virada histórica."
4643,Arbitragem,"Durante a pré-temporada, o juiz da partida deu a bola ao chão."
4644,Torcida,"A arquibancada, no meio da semana, fez um protesto pacífico."
4645,Partida,"O zagueiro, na Arena da Baixada, chutou a bola para fora."
4646,Partida,"O capitão do time, na volta das férias, chutou a bola no ângulo."
4647,Categorias de base,"No estádio lotado, o treinador do sub-17 disputou a final do sub-17."
4648,Arbitragem,O juiz da partida anulou o gol por impedimento depois de três derrotas seguidas.
4649,Treinamento,"Na estreia do campeonato, o preparador de goleiros liberou o atacante para o jogo."
4650,Treinamento,"Nos acréscimos, o departamento médico planejou a sequência de jogos."
4651,Torcida,"No estádio do rival, o sócio-torcedor lotou a frente do centro de treinamento."
4652,Partida,O capitão do time cabeceou no canto do goleiro no jogo de ida.
4653,Campeonato,"Depois de três derrotas seguidas, o azarão da competição perdeu a final nos pênaltis."
4654,Campeonato,"O favorito ao título, na quarta-feira à noite, foi rebaixado para a segunda divisão."
4655,Partida,"Na noite de sábado, o capitão do time marcou de pênalti."
4656,Partida,"O lateral-esquerdo, no confronto pela copa, sofreu uma lesão muscular."
4657,Campeonato,"No confronto pela copa, o favorito ao título venceu a partida decisiva."
4658,Torcida,O sócio-torcedor cantou o nome do ídolo em pleno feriado.
4659,Partida,O ponta-direita deu um carrinho perfeito na noite de sábado.
4660,Categorias de base,"Pela primeira vez na temporada, o time sub-15 revelou um goleiro de futuro."
4661,Categorias de base,"Na decisão do estadual, o time sub-20 estreou com gol."
4662,Partida,"No clássico de quarta-feira, o capitão do time deu um carrinho perfeito."
4663,Campeonato,"O azarão da competição, no confronto pela copa, conquistou a copa do estado."
4664,Treinamento,"O auxiliar técnico, em noite de casa cheia, ajustou a marcação por pressão."
4665,Mercado da bola,"O investidor da SAF, na estreia do campeonato, negociou o empréstimo do lateral."
4666,Arbitragem,"O árbitro, na rodada de domingo, marcou o pênalti."
4667,Arbitragem,O bandeirinha revisou a jogada do gol na partida transmitida para todo o país.
4668,Arbitragem,"O árbitro de vídeo, em meio à crise, marcou a falta na entrada da área."
4669,Arbitragem,"Em pleno feriado, o árbitro principal deu a bola ao chão."
4670,Mercado da bola,"O investidor da SAF, logo no primeiro minuto, anunciou a saída do capitão."
4671,Imprensa,"Na abertura da rodada, o jornalista esportivo entrevistou o presidente do clube."
4672,Imprensa,"Na final da copa, o blogueiro esportivo revelou o novo patrocinador."
4673,Torcida,"Na decisão do estadual, a arquibancada cantou o hino do clube."
4674,Imprensa,"O setorista, no último jogo do ano, narrou a virada histórica."
4675,Imprensa,O jornalista esportivo previu uma goleada no clássico durante a pré-temporada.
4676,Arbitragem,"No jogo do returno, a equipe de arbitragem marcou um escanteio duvidoso."
4677,Mercado da bola,O diretor de futebol anunciou a chegada do novo técnico diante de 40 mil torcedores.
4678,Partida,"No gramado encharcado, o volante cruzou rasteiro para o meio."
4679,Mercado da bola,"O agente do jogador, na partida transmitida para todo o país, anunciou a saída do capitão."
4680,Categorias de base,"No gramado encharcado, o time sub-15 disputou a semifinal do sub-20."
4681,Torcida,O sócio-torcedor comemorou o gol da virada no jogo de ida.
4682,Arbitragem,"O árbitro, depois de três derrotas seguidas, deu a bola ao chão."
4683,Campeonato,"O time visitante, logo no primeiro minuto, empatou sem gols."
4684,Partida,O camisa 10 sofreu uma lesão muscular no último jogo do ano.
4685,Imprensa,O jornalista esportivo elogiou a estreia do reforço para delírio da torcida.
4686,Mercado da bola,"A diretoria, logo no primeiro minuto, pagou a primeira parcela da transferência."
4687,Torcida,"Em noite de casa cheia, a charanga cantou o hino do clube."
4688,Categorias de base,"O jovem goleiro, na despedida do ídolo, assinou o primeiro contrato profissional."
4689,Imprensa,"O narrador, na abertura da rodada, revelou os bastidores da negociação."
4690,Campeonato,"O azarão da competição, para delírio da torcida, venceu a partida decisiva."
4691,Arbitragem,A árbitra aplicou a lei da vantagem para delírio da torcida.
4692,Torcida,"Na reta final da temporada, a charanga cantou o nome do ídolo."
4693,Imprensa,"Na rodada de domingo, o setorista revelou a escalação do clássico."
4694,Imprensa,"O narrador, em pleno feriado, entrevistou o técnico."
4695,Arbitragem,O assistente de vídeo marcou a falta na entrada da área em pleno feriado.
4696,Imprensa,O jornalista esportivo previu o título do líder no estádio do rival.
4697,Partida,"O lateral-esquerdo, nos acréscimos, chutou a bola para fora."
4698,Campeonato,"O favorito ao título, para delírio da torcida, empatou com o rival."
4699,Imprensa,"Na reta final da temporada, o setorista noticiou a venda do atacante."
4700,Partida,"Sob forte chuva, o ponta-direita sofreu uma lesão muscular."
4701,Imprensa,"O narrador, pela primeira vez na temporada, revelou os bastidores da negociação."
4702,Partida,O atacante cabeceou no canto do goleiro no último jogo do ano.
4703,Mercado da bola,"O diretor de futebol, na reta final da temporada, anunciou o reforço para a temporada."
4704,Partida,O camisa 10 cruzou rasteiro para o meio em pleno feriado.
4705,Partida,"No clássico de quarta-feira, o lateral-esquerdo cruzou para a área."
4706,Campeonato,O atual campeão eliminou o atual campeão na noite de sábado.
4707,Torcida,"A arquibancada, para delírio da torcida, fez uma festa bonita."
4708,Mercado da bola,"O empresário, no domingo à tarde, anunciou o reforço para a temporada."
4709,Mercado da bola,"Na rodada de domingo, o clube rival pagou a multa rescisória."
4710,Torcida,"A arquibancada, no último jogo do ano, comemorou o acesso à primeira divisão."
4711,Imprensa,"Na estreia do campeonato, o narrador narrou a virada histórica."
4712,Campeonato,O lanterna assumiu a vice-liderança diante de 40 mil torcedores.
4713,Mercado da bola,"O clube árabe, no estádio do rival, apresentou o novo camisa 9."
4714,Imprensa,O canal de esportes noticiou a venda do atacante na decisão do estadual.
4715,Partida,O centroavante perdeu um gol feito para delírio da torcida.
4716,Partida,"Nos acréscimos, o zagueiro chutou forte de fora da área."
4717,Campeonato,O time do interior conquistou o acesso à Série A no jogo do returno.
4718,Arbitragem,"O quarto árbitro, no estádio lotado, expulsou o volante adversário."
4719,Campeonato,"Na estreia do campeonato, o vice-líder conquistou o acesso à Série A."
4720,Partida,O zagueiro finalizou rente à trave nos acréscimos.
4721,Categorias de base,"Na reta final da temporada, o menino da comunidade conquistou o torneio internacional de base."
4722,Arbitragem,"Na estreia do campeonato, o bandeirinha deu seis minutos de acréscimo."
4723,Categorias de base,O olheiro assinou com um clube europeu fora de casa.
4724,Categorias de base,O olheiro impressionou a comissão técnica logo no primeiro minuto.
4725,Imprensa,O narrador entrevistou o autor do gol no gramado encharcado.
4726,Partida,"Logo no primeiro minuto, o lateral-esquerdo chutou a bola no ângulo."
4727,Mercado da bola,O agente do jogador recusou a oferta do rival sob forte chuva.
4728,Partida,"Logo no primeiro minuto, o camisa 10 marcou de falta."
4729,Arbitragem,"O árbitro principal, aos 45 minutos do segundo tempo, expulsou o zagueiro."
4730,Imprensa,A coluna do jornal elogiou a postura do time no jogo de ida.
4731,Torcida,"Para delírio da torcida, o torcedor mais antigo do clube cantou sem parar."
4732,Arbitragem,"A equipe de arbitragem, na quarta-feira à noite, ignorou o pedido de pênalti."
4733,Categorias de base,"O jovem goleiro, no último jogo do ano, assinou com um clube europeu."
4734,Partida,"Aos 45 minutos do segundo tempo, o zagueiro cabeceou por cima do travessão."
4735,Partida,O lateral-esquerdo marcou um golaço durante a pré-temporada.
4736,Mercado da bola,"No jogo de ida, o gerente de futebol recusou a troca de jogadores."
4737,Partida,O capitão do time finalizou rente à trave no estádio lotado.
4738,Campeonato,"Na Arena da Baixada, o clube recém-promovido assumiu a vice-liderança."
4739,Imprensa,"No último jogo do ano, o narrador noticiou a demissão do treinador."
4740,Campeonato,"O líder do campeonato, diante de 40 mil torcedores, venceu por goleada."
4741,Treinamento,"O preparador físico, no último jogo do ano, liberou o elenco para o fim de semana."
4742,Arbitragem,"O assistente de vídeo, no estádio lotado, deu seis minutos de acréscimo."
4743,Partida,O jogador reserva deu uma assistência precisa após o intervalo.
4744,Partida,"Pela primeira vez na temporada, o lateral-esquerdo finalizou na trave."
4745,Partida,"Durante a pré-temporada, o zagueiro deu um chapéu no marcador."
4746,Torcida,"No confronto pela copa, a torcida jovem aplaudiu o goleiro."
4747,Imprensa,"Na partida transmitida para todo o país, a emissora de rádio elogiou o trabalho do técnico."
4748,Arbitragem,"Na estreia do campeonato, o quarto árbitro deu seis minutos de acréscimo."
4749,Treinamento,"Antes do intervalo, o auxiliar técnico liberou o lateral após exames."
4750,Mercado da bola,"Na partida transmitida para todo o país, o agente do jogador apresentou o novo uniforme."
4751,Arbitragem,"O árbitro, no meio da semana, deu o apito final."
4752,Torcida,"A torcida organizada, no jogo de ida, comemorou o acesso à primeira divisão."
4753,Partida,O atacante finalizou com o pé esquerdo na partida transmitida para todo o país.
4754,Torcida,"A torcida mandante, na despedida do ídolo, comemorou o título estadual."
4755,Arbitragem,O assistente de vídeo anulou o pênalti após revisão no jogo do returno.
4756,Partida,"O zagueiro, fora de casa, cabeceou no canto do goleiro."
4757,Categorias de base,"Na reta final da temporada, o coordenador da base disputou a peneira regional."
4758,Treinamento,"No clássico de quarta-feira, o departamento médico testou o meia na lateral."
4759,Treinamento,"O preparador físico, fora de casa, comandou o coletivo com os titulares."
4760,Arbitragem,O bandeirinha ignorou as reclamações do banco no último jogo do ano.
4761,Partida,O ponta-direita deu uma assistência precisa no estádio lotado.
4762,Arbitragem,A assistente anulou o pênalti após revisão na abertura da rodada.
4763,Partida,"No estádio lotado, o centroavante cruzou rasteiro para o meio."
4764,Arbitragem,A árbitra marcou o tiro de meta no meio da semana.
4765,Mercado da bola,"No jogo de ida, o clube árabe sondou um zagueiro do futebol argentino."
4766,Treinamento,O coordenador técnico fechou o treino à imprensa em meio à crise.
4767,Campeonato,O clube recém-promovido garantiu a vaga na Libertadores no estádio lotado.
4768,Treinamento,"Na partida transmitida para todo o país, o treinador interino intensificou o trabalho físico."
4769,Partida,O camisa 10 marcou de falta em noite de casa cheia.
4770,Arbitragem,A equipe de arbitragem revisou o lance no monitor em plena data FIFA.
4771,Torcida,O torcedor mais antigo do clube lotou o aeroporto em noite de casa cheia.
4772,Torcida,"Na abertura da rodada, o torcedor mais antigo do clube lotou a frente do centro de treinamento."
4773,Treinamento,"O preparador físico, antes do intervalo, ajustou a marcação por pressão."
4774,Arbitragem,"A equipe de arbitragem, na despedida do ídolo, marcou a falta na entrada da área."
4775,Treinamento,"Em noite de casa cheia, o técnico liberou o atacante para o jogo."
4776,Partida,"No jogo do returno, o jogador reserva sofreu uma falta dura."
4777,Imprensa,"A coluna do jornal, em meio à crise, previu o rebaixamento do clube."
4778,Categorias de base,A promessa do clube estreou na seleção de base em plena data FIFA.
4779,Categorias de base,O treinador do sub-17 estreou com gol no último jogo do ano.
4780,Partida,"No jogo de ida, o lateral-esquerdo cabeceou por cima do travessão."
4781,Partida,O lateral-esquerdo finalizou de primeira na volta das férias.
4782,Partida,"O capitão do time, no gramado encharcado, cruzou na cabeça do centroavante."
4783,Partida,"Em plena data FIFA, o ponta-direita marcou de pênalti."
4784,Partida,O camisa 10 chutou forte de fora da área em noite de casa cheia.
4785,Mercado da bola,"Em plena data FIFA, o investidor da SAF anunciou um patrocínio master."
4786,Campeonato,O favorito ao título garantiu a classificação para as quartas em noite de casa cheia.
4787,Treinamento,"O analista de desempenho, no estádio lotado, fechou o treino à imprensa."
4788,Arbitragem,"No jogo do returno, o juiz da partida expulsou o zagueiro."
4789,Torcida,"Na Arena da Baixada, a charanga comemorou o título estadual."
4790,Partida,"Em plena data FIFA, o zagueiro sofreu uma falta dura."
4791,Mercado da bola,O presidente do clube negociou a liberação do meia na estreia do campeonato.
4792,Partida,O atacante deu um drible desconcertante no estádio lotado.
4793,Categorias de base,"Na reta final da temporada, o coordenador da base assinou com um clube europeu."
4794,Campeonato,O líder do campeonato perdeu a liderança da tabela em pleno feriado.
4795,Partida,"O atacante, depois de três derrotas seguidas, deu um drible desconcertante."
4796,Categorias de base,"O olheiro, em noite de casa cheia, estreou com gol."
4797,Imprensa,"A emissora de rádio, no estádio do rival, narrou a virada histórica."
4798,Partida,"O capitão do time, sob forte chuva, perdeu a chance de empatar."
4799,Arbitragem,"O árbitro principal, na decisão do estadual, expulsou o zagueiro."
4800,Imprensa,"No jogo de ida, o blogueiro esportivo noticiou a venda do atacante."
4801,Torcida,O grupo de torcedores fez uma festa bonita no confronto pela copa.
4802,Mercado da bola,"O diretor de futebol, no confronto pela copa, sondou um ponta do interior paulista."
4803,Imprensa,A repórter de campo criticou o esquema tático na estreia do campeonato.
4804,Campeonato,O time do interior garantiu a permanência na primeira divisão no último jogo do ano.
4805,Partida,"O ponta-direita, na volta das férias, cruzou rasteiro para o meio."
4806,Partida,O atacante deu um carrinho perfeito no meio da semana.
4807,Partida,"Na estreia do campeonato, o ponta-direita marcou de falta."
4808,Partida,O jogador reserva finalizou de primeira na estreia do campeonato.
4809,Mercado da bola,"Na Arena da Baixada, o empresário anunciou a saída do capitão."
4810,Partida,"Em plena data FIFA, o centroavante marcou o gol da vitória."
4811,Categorias de base,"O coordenador da base, antes do intervalo, estreou na seleção de base."
4812,Treinamento,O coordenador técnico ajustou a saída de bola no domingo à tarde.
4813,Torcida,"O torcedor, na reta final da temporada, fez uma grande recepção ao elenco."
4814,Partida,"Para delírio da torcida, o centroavante sofreu uma lesão muscular."
4815,Arbitragem,"A árbitra, aos 45 minutos do segundo tempo, expulsou o técnico."
4816,Categorias de base,"A escolinha de futebol, em plena data FIFA, foi promovido ao elenco principal."
4817,Arbitragem,O juiz da partida marcou a falta na entrada da área na estreia do campeonato.
4818,Imprensa,O narrador criticou o esquema tático em noite de casa cheia.
4819,Campeonato,"Nos acréscimos, o time da casa conquistou o acesso à Série A."
4820,Mercado da bola,"No clássico de quarta-feira, o clube árabe renovou o contrato do artilheiro."
4821,Arbitragem,"O bandeirinha, no clássico de quarta-feira, revisou a jogada do gol."
4822,Mercado da bola,"O gerente de futebol, no estádio do rival, anunciou um patrocínio master."
4823,Campeonato,O azarão da competição perdeu a liderança da tabela após o intervalo.
4824,Categorias de base,"A promessa do clube, em pleno feriado, estreou na seleção de base."
4825,Partida,"Em noite de casa cheia, o volante deu um drible desconcertante."
4826,Arbitragem,"Na abertura da rodada, o bandeirinha marcou um escanteio duvidoso."
4827,Treinamento,O técnico ajustou a bola parada no clássico de quarta-feira.
4828,Partida,"No jogo de ida, o jogador reserva cruzou rasteiro para o meio."
4829,Mercado da bola,"O gerente de futebol, na abertura da rodada, apresentou o novo camisa 9."
4830,Categorias de base,O olheiro conquistou o título estadual juvenil no segundo tempo.
4831,Torcida,"Durante a pré-temporada, a torcida jovem vaiou o time na saída de campo."
4832,Imprensa,O canal de esportes elogiou a postura do time fora de casa.
4833,Partida,"Depois de três derrotas seguidas, o ponta-direita finalizou na trave."
4834,Campeonato,"Na reta final da temporada, o líder do campeonato empatou o jogo de ida."
4835,Partida,"Na estreia do campeonato, o ponta-direita cabeceou após o escanteio."
4836,Torcida,"A torcida mandante, nos acréscimos, cantou durante os noventa minutos."
4837,Mercado da bola,"O clube árabe, no clássico de quarta-feira, renovou o contrato do goleiro."
4838,Partida,"O zagueiro, no gramado encharcado, finalizou de primeira."
4839,Imprensa,"Na Arena da Baixada, o blogueiro esportivo narrou o golaço da rodada."
4840,Imprensa,A emissora de rádio narrou a decisão por pênaltis no jogo de ida.
4841,Categorias de base,O olheiro revelou um novo talento no domingo à tarde.
4842,Torcida,"Na despedida do ídolo, a torcida organizada comemorou o acesso à primeira divisão."
4843,Treinamento,"Depois de três derrotas seguidas, o fisiologista testou um novo esquema tático."
4844,Arbitragem,"O árbitro, aos 45 minutos do segundo tempo, anulou o gol por impedimento."
4845,Categorias de base,A escolinha de futebol estreou na seleção de base na estreia do campeonato.
4846,Arbitragem,"O árbitro, no estádio do rival, anulou o gol por impedimento."
4847,Imprensa,"O setorista, em noite de casa cheia, noticiou a demissão do treinador."
4848,Mercado da bola,"Na abertura da rodada, o gerente de futebol negociou a contratação do volante."
4849,Partida,"O capitão do time, no confronto pela copa, deu um carrinho perfeito."
4850,Mercado da bola,"O agente do jogador, depois de três derrotas seguidas, renovou o vínculo do capitão."
4851,Treinamento,"Depois de três derrotas seguidas, o fisiologista comandou o treino tático."
4852,Imprensa,"O comentarista, na quarta-feira à noite, entrevistou o capitão."
4853,Arbitragem,A equipe de arbitragem marcou o impedimento em pleno feriado.
4854,Imprensa,"Na partida transmitida para todo o país, o setorista noticiou a venda do atacante."
4855,Torcida,"O grupo de torcedores, após o intervalo, lotou o estádio."
4856,Treinamento,"Em noite de casa cheia, o auxiliar técnico ajustou a marcação por pressão."
4857,Partida,O zagueiro marcou o gol de empate na volta das férias.
4858,Treinamento,"No estádio lotado, o técnico intensificou os treinos de finalização."
4859,Campeonato,"No jogo do centenário do clube, o favorito ao título foi rebaixado para a segunda divisão."
4860,Treinamento,"No clássico de quarta-feira, o auxiliar técnico comandou a atividade de finalização."
4861,Categorias de base,"O menino da comunidade, na despedida do ídolo, estreou na seleção de base."
4862,Partida,"O centroavante, no meio da semana, finalizou na trave."
4863,Torcida,"Nos acréscimos, o grupo de torcedores comemorou a classificação."
4864,Torcida,"A torcida visitante, sob forte chuva, aplaudiu a homenagem ao ídolo."
4865,Campeonato,"Depois de três derrotas seguidas, o time visitante foi rebaixado para a segunda divisão."
4866,Arbitragem,O árbitro marcou a falta na entrada da área logo no primeiro minuto.
4867,Imprensa,"Logo no primeiro minuto, o comentarista revelou os bastidores da negociação."
4868,Categorias de base,O time sub-20 disputou a peneira regional na partida transmitida para todo o país.
4869,Campeonato,"O líder do campeonato, no meio da semana, venceu a partida decisiva."
4870,Treinamento,"Na estreia do campeonato, o técnico fechou a escalação para o clássico."
4871,Imprensa,O setorista elogiou a postura do time no jogo do returno.
4872,Arbitragem,O árbitro de vídeo revisou o toque de mão na reta final da temporada.
4873,Categorias de base,"No jogo do centenário do clube, o garoto da base conquistou a Copinha."
4874,Campeonato,"O atual campeão, na decisão do estadual, garantiu a vaga na Libertadores."
4875,Treinamento,"Após o intervalo, a comissão técnica ajustou a bola parada."
4876,Imprensa,"O podcast de futebol, em pleno feriado, noticiou a demissão do treinador."
4877,Imprensa,"Na partida transmitida para todo o país, o podcast de futebol revelou os bastidores da negociação."
4878,Categorias de base,"O garoto da base, na decisão do estadual, impressionou os olheiros europeus."
4879,Mercado da bola,"Na quarta-feira à noite, o diretor de futebol negociou a venda do jovem atacante."
4880,Mercado da bola,"Nos acréscimos, o clube árabe anunciou a saída do capitão."
4881,Imprensa,"Sob forte chuva, o narrador criticou a arbitragem."
4882,Arbitragem,"Na estreia do campeonato, o árbitro de vídeo ignorou as reclamações do banco."
4883,Imprensa,"O jornalista esportivo, no estádio do rival, entrevistou o presidente do clube."
4884,Partida,"Na noite de sábado, o ponta-direita perdeu a chance de empatar."
4885,Treinamento,"O departamento médico, aos 45 minutos do segundo tempo, testou o jovem da base no time titular."
4886,Mercado da bola,"O gerente de futebol, fora de casa, recusou uma proposta milionária."
4887,Arbitragem,"O árbitro, na abertura da rodada, deu a bola ao chão."
4888,Treinamento,"A comissão técnica, em meio à crise, intensificou as cobranças de pênalti."
4889,Arbitragem,"Na partida transmitida para todo o país, o quarto árbitro deu seis minutos de acréscimo."
4890,Torcida,A torcida jovem cantou o hino do clube pela primeira vez na temporada.
4891,Partida,O centroavante perdeu um gol feito em pleno feriado.
4892,Partida,O capitão do time marcou de falta em meio à crise.
4893,Categorias de base,O time sub-20 conquistou o torneio internacional de base em plena data FIFA.
4894,Partida,"O zagueiro, na rodada de domingo, perdeu a chance de empatar."
4895,Mercado da bola,"O presidente do clube, no estádio do rival, negociou a liberação do meia."
4896,Campeonato,"O atual campeão, no jogo de ida, assumiu a vice-liderança."
4897,Treinamento,O coordenador técnico ajustou a saída de bola fora de casa.
4898,Partida,"O centroavante, na noite de sábado, perdeu a chance de empatar."
4899,Categorias de base,O garoto da base revelou um novo talento na noite de sábado.
4900,Campeonato,"Na abertura da rodada, o clube recém-promovido venceu por goleada."
4901,Arbitragem,"Na partida transmitida para todo o país, o juiz da partida marcou o impedimento."
4902,Campeonato,"O atual campeão, no estádio do rival, foi rebaixado para a segunda divisão."
4903,Mercado da bola,"Nos acréscimos, o empresário apresentou o reforço à torcida."
4904,Arbitragem,O juiz da partida expulsou o técnico nos acréscimos.
4905,Campeonato,"Após o intervalo, o lanterna perdeu a invencibilidade."
4906,Arbitragem,A assistente expulsou o zagueiro nos acréscimos.
4907,Imprensa,"A coluna do jornal, na decisão do estadual, entrevistou o autor do gol."
4908,Partida,"O volante, na final da copa, finalizou com o pé esquerdo."
4909,Imprensa,"O comentarista, no gramado encharcado, narrou a decisão por pênaltis."
4910,Partida,"Na final da copa, o volante sofreu uma lesão muscular."
4911,Partida,"O zagueiro, na estreia do campeonato, cabeceou por cima do travessão."
4912,Campeonato,"O time visitante, na reta final da temporada, empatou o jogo de ida."
4913,Categorias de base,"A promessa do clube, na decisão do estadual, conquistou o título estadual juvenil."
4914,Mercado da bola,"Na despedida do ídolo, o clube rival sondou um ponta do interior paulista."
4915,Torcida,"A torcida jovem, sob forte chuva, aplaudiu a homenagem ao ídolo."
4916,Partida,"O zagueiro, antes do intervalo, marcou de pênalti."
4917,Torcida,"Fora de casa, o grupo de torcedores fez um mosaico gigante."
4918,Arbitragem,"Na abertura da rodada, o quarto árbitro anulou o gol por falta no goleiro."
4919,Arbitragem,A assistente deu o apito final após o intervalo.
4920,Arbitragem,O árbitro revisou a jogada do gol na Arena da Baixada.
4921,Mercado da bola,"O clube árabe, no último jogo do ano, renovou o vínculo do capitão."
4922,Torcida,A charanga lotou a frente do centro de treinamento durante a pré-temporada.
4923,Arbitragem,"Depois de três derrotas seguidas, a equipe de arbitragem marcou o impedimento."
4924,Torcida,"A torcida organizada, na decisão do estadual, vaiou o árbitro."
4925,Imprensa,O jornalista esportivo elogiou o desempenho do goleiro no segundo tempo.
4926,Treinamento,"O treinador interino, na quarta-feira à noite, ajustou a saída de bola."
4927,Arbitragem,"No clássico de quarta-feira, o árbitro principal aplicou o cartão vermelho."
4928,Partida,"O zagueiro, antes do intervalo, sofreu um pênalti."
4929,Mercado da bola,"No último jogo do ano, o diretor de futebol renovou o vínculo do capitão."
4930,Treinamento,"O coordenador técnico, na abertura da rodada, ajustou a saída de bola."
4931,Treinamento,"Na reta final da temporada, o treinador interino comandou o coletivo com os titulares."
4932,Torcida,A torcida mandante cantou o hino do clube em pleno feriado.
4933,Imprensa,"O narrador, na final da copa, revelou a escalação do clássico."
4934,Arbitragem,"O árbitro, em pleno feriado, expulsou o zagueiro."
4935,Arbitragem,O árbitro ignorou o pedido de pênalti em noite de casa cheia.
4936,Campeonato,"Na quarta-feira à noite, o lanterna perdeu a final nos pênaltis."
4937,Partida,"Na reta final da temporada, o camisa 10 cabeceou para o fundo da rede."
4938,Arbitragem,"Em plena data FIFA, o árbitro de vídeo ignorou o toque de mão."
4939,Partida,O centroavante chutou a bola para fora na final da copa.
4940,Arbitragem,"A árbitra, na decisão do estadual, marcou a falta na entrada da área."
4941,Categorias de base,"A escolinha de futebol, na Arena da Baixada, impressionou a comissão técnica."
4942,Torcida,O grupo de torcedores fez um mosaico gigante em pleno feriado.
4943,Mercado da bola,"Nos acréscimos, o clube europeu recusou uma proposta milionária."
4944,Partida,O capitão do time finalizou na trave após o intervalo.
4945,Arbitragem,"Depois de três derrotas seguidas, o árbitro principal marcou a falta na entrada da área."
4946,Mercado da bola,O clube árabe pagou a primeira parcela da transferência no jogo do returno.
4947,Treinamento,"O preparador de goleiros, na abertura da rodada, comandou o rachão."
4948,Arbitragem,O árbitro expulsou o volante adversário na quarta-feira à noite.
4949,Categorias de base,O garoto da base impressionou a comissão técnica no estádio lotado.
4950,Categorias de base,A escolinha de futebol assinou com um clube europeu sob forte chuva.
4951,Partida,O meia-armador finalizou com o pé esquerdo pela primeira vez na temporada.
4952,Partida,"Na partida transmitida para todo o país, o zagueiro chutou a bola para fora."
4953,Torcida,"Após o intervalo, o sócio-torcedor aplaudiu o elenco após a derrota."
4954,Categorias de base,"Em plena data FIFA, o time sub-20 assinou o primeiro contrato profissional."
4955,Arbitragem,O árbitro revisou o toque de mão sob forte chuva.
4956,Categorias de base,O time sub-20 impressionou o técnico do profissional depois de três derrotas seguidas.
4957,Partida,"Em pleno feriado, o zagueiro marcou um golaço."
4958,Treinamento,"Na final da copa, o coordenador técnico testou o meia na lateral."
4959,Arbitragem,A equipe de arbitragem expulsou o volante adversário na partida transmitida para todo o país.
4960,Partida,"O ponta-direita, no segundo tempo, deu um drible desconcertante."
4961,Torcida,"O torcedor, no jogo do centenário do clube, comemorou o gol da virada."
4962,Torcida,A torcida organizada aplaudiu a homenagem ao ídolo pela primeira vez na temporada.
4963,Mercado da bola,"No confronto pela copa, o investidor da SAF renovou o vínculo do capitão."
4964,Imprensa,A emissora de rádio entrevistou o autor do gol em meio à crise.
4965,Partida,"O camisa 10, no clássico de quarta-feira, deu um chapéu no marcador."
4966,Mercado da bola,"O agente do jogador, no estádio lotado, sondou um ponta do interior paulista."
4967,Categorias de base,"Pela primeira vez na temporada, o olheiro revelou um lateral promissor."
4968,Arbitragem,"Aos 45 minutos do segundo tempo, o árbitro principal marcou o impedimento."
4969,Campeonato,"O time do interior, fora de casa, venceu o clássico regional."
4970,Treinamento,"O fisiologista, na rodada de domingo, liberou o lateral após exames."
4971,Imprensa,O setorista criticou a arbitragem na abertura da rodada.
4972,Categorias de base,"O jovem goleiro, em plena data FIFA, disputou a semifinal do sub-20."
4973,Campeonato,"No meio da semana, o favorito ao título venceu por goleada."
4974,Partida,"O lateral-esquerdo, em plena data FIFA, cabeceou para o fundo da rede."
4975,Torcida,O torcedor mais antigo do clube aplaudiu a entrada do time em campo no segundo tempo.
4976,Campeonato,O favorito ao título eliminou o favorito ao título na decisão do estadual.
4977,Treinamento,O técnico liberou o lateral após exames na abertura da rodada.
4978,Campeonato,O time do interior venceu por goleada no segundo tempo.
4979,Torcida,"O torcedor mais antigo do clube, no jogo de ida, comemorou a classificação."
4980,Arbitragem,"Em plena data FIFA, o quarto árbitro marcou a falta na entrada da área."
4981,Campeonato,"No domingo à tarde, o clube recém-promovido venceu a partida decisiva."
4982,Arbitragem,"Antes do intervalo, a assistente revisou o toque de mão."
4983,Arbitragem,O quarto árbitro aplicou o cartão vermelho sob forte chuva.
4984,Treinamento,"Diante de 40 mil torcedores, o fisiologista liberou o elenco para o fim de semana."
4985,Campeonato,O time visitante assumiu a liderança da tabela no segundo tempo.
4986,Torcida,"A torcida organizada, durante a pré-temporada, vaiou a escalação do técnico."
4987,Imprensa,"O podcast de futebol, na reta final da temporada, entrevistou o presidente do clube."
4988,Treinamento,"O preparador de goleiros, no estádio lotado, intensificou os treinos de finalização."
4989,Mercado da bola,O presidente do clube renovou o contrato do goleiro em pleno feriado.
4990,Arbitragem,"No domingo à tarde, a equipe de arbitragem deu seis minutos de acréscimo."
4991,Categorias de base,"O time sub-20, na noite de sábado, assinou o primeiro contrato profissional."
4992,Imprensa,O canal de esportes previu o rebaixamento do clube no meio da semana.
4993,Categorias de base,"O olheiro, durante a pré-temporada, disputou a semifinal do sub-20."
4994,Treinamento,"Logo no primeiro minuto, o departamento médico ajustou a bola parada."
4995,Partida,"O centroavante, depois de três derrotas seguidas, perdeu o pênalti."
4996,Partida,"Na rodada de domingo, o capitão do time marcou o gol de empate."
4997,Torcida,"No domingo à tarde, o grupo de torcedores cantou o nome do ídolo."
4998,Partida,"O volante, no meio da semana, marcou de falta."
4999,Treinamento,"Nos acréscimos, o técnico ajustou o posicionamento da defesa."
5000,Treinamento,"O fisiologista, na final da copa, testou três zagueiros."
5001,Campeonato,"O líder do campeonato, antes do intervalo, eliminou o atual campeão."
5002,Imprensa,"A emissora de rádio, em pleno feriado, entrevistou o técnico."
5003,Categorias de base,A promessa do clube estreou no time profissional no estádio lotado.
5004,Treinamento,"O preparador de goleiros, nos acréscimos, testou três zagueiros."
5005,Treinamento,O departamento médico planejou a pré-temporada pela primeira vez na temporada.
5006,Treinamento,O técnico liberou o elenco para o fim de semana em plena data FIFA.
5007,Campeonato,O atual campeão garantiu a classificação para as quartas na Arena da Baixada.
5008,Arbitragem,A equipe de arbitragem ignorou o toque de mão no domingo à tarde.
5009,Partida,"Na estreia do campeonato, o atacante marcou o gol da vitória."
5010,Arbitragem,"Na reta final da temporada, a equipe de arbitragem deu a bola ao chão."
5011,Categorias de base,"O treinador do sub-17, em meio à crise, estreou na seleção de base."
5012,Partida,O jogador reserva deu um chapéu no marcador na partida transmitida para todo o país.
5013,Treinamento,"Na rodada de domingo, o preparador de goleiros planejou a pré-temporada."
5014,Arbitragem,"Após o intervalo, a equipe de arbitragem marcou o impedimento."
5015,Partida,O ponta-direita finalizou de primeira na decisão do estadual.
5016,Categorias de base,"Na partida transmitida para todo o país, o jovem goleiro revelou um novo talento."
5017,Treinamento,"O analista de desempenho, no segundo tempo, planejou a pré-temporada."
5018,Torcida,"A charanga, na Arena da Baixada, vaiou o jogador adversário."
5019,Torcida,"O torcedor mais antigo do clube, nos acréscimos, fez uma grande recepção ao elenco."
5020,Imprensa,"A emissora de rádio, em plena data FIFA, revelou o novo patrocinador."
5021,Imprensa,"Na Arena da Baixada, o setorista narrou a decisão por pênaltis."
5022,Treinamento,O fisiologista ajustou o posicionamento da defesa no clássico de quarta-feira.
5023,Mercado da bola,"Na volta das férias, o clube árabe anunciou um patrocínio master."
5024,Imprensa,"O podcast de futebol, durante a pré-temporada, elogiou o desempenho do goleiro."
5025,Imprensa,"O comentarista, antes do intervalo, previu o título do líder."
5026,Imprensa,O canal de esportes noticiou a demissão do treinador antes do intervalo.
5027,Treinamento,"O auxiliar técnico, na partida transmitida para todo o país, comandou o treino tático."
5028,Arbitragem,"Em meio à crise, o árbitro de vídeo revisou o toque de mão."
5029,Torcida,O sócio-torcedor pediu mais raça aos jogadores para delírio da torcida.
5030,Mercado da bola,O agente do jogador negociou o empréstimo do lateral na rodada de domingo.
5031,Treinamento,"O auxiliar técnico, no domingo à tarde, testou três zagueiros."
5032,Arbitragem,O assistente de vídeo aplicou o cartão amarelo sob forte chuva.
5033,Mercado da bola,"Na reta final da temporada, o investidor da SAF negociou a liberação do meia."
5034,Torcida,"No jogo do returno, o sócio-torcedor fez um mosaico gigante."
5035,Treinamento,"No domingo à tarde, o coordenador técnico fechou a escalação para o clássico."
5036,Treinamento,O fisiologista comandou a atividade de finalização na rodada de domingo.
5037,Mercado da bola,"Em plena data FIFA, o agente do jogador negociou a liberação do meia."
5038,Arbitragem,A equipe de arbitragem marcou o tiro de meta fora de casa.
5039,Campeonato,"Na volta das férias, o atual campeão assumiu a vice-liderança."
5040,Mercado da bola,"Na quarta-feira à noite, o clube rival renovou o contrato do artilheiro."
5041,Categorias de base,"Fora de casa, o jovem goleiro conquistou o título estadual juvenil."
5042,Campeonato,O azarão da competição perdeu a final nos pênaltis nos acréscimos.
5043,Torcida,"O grupo de torcedores, no domingo à tarde, fez um mosaico gigante."
5044,Arbitragem,"O bandeirinha, no meio da semana, ignorou o pedido de pênalti."
5045,Campeonato,"Aos 45 minutos do segundo tempo, o vice-líder conquistou o título nacional."
5046,Partida,"Logo no primeiro minuto, o jogador reserva finalizou rente à trave."
5047,Campeonato,"Antes do intervalo, o atual campeão conquistou o título nacional."
5048,Mercado da bola,"O diretor de futebol, na noite de sábado, sondou um ponta do interior paulista."
5049,Arbitragem,"A equipe de arbitragem, na despedida do ídolo, revisou a jogada do gol."
5050,Campeonato,O líder do campeonato eliminou o favorito ao título na despedida do ídolo.
5051,Arbitragem,"Em pleno feriado, a assistente anulou o gol por impedimento."
5052,Treinamento,"No estádio do rival, o preparador físico intensificou o trabalho físico."
5053,Partida,"O zagueiro, na abertura da rodada, deu um chapéu no marcador."
5054,Categorias de base,"Em noite de casa cheia, o menino da comunidade foi promovido ao elenco principal."
5055,Imprensa,O blogueiro esportivo elogiou o desempenho do goleiro pela primeira vez na temporada.
5056,Torcida,"O grupo de torcedores, na estreia do campeonato, cantou o hino do clube."
5057,Categorias de base,O menino da comunidade revelou um lateral promissor em plena data FIFA.
5058,Campeonato,"No jogo do centenário do clube, o favorito ao título assumiu a vice-liderança."
5059,Torcida,"Na abertura da rodada, a torcida jovem pediu a contratação de um centroavante."
5060,Imprensa,"Em pleno feriado, o narrador narrou a decisão por pênaltis."
5061,Treinamento,"Na noite de sábado, a comissão técnica ajustou o posicionamento da defesa."
5062,Campeonato,"Na noite de sábado, o time do interior conquistou a copa do estado."
5063,Campeonato,"Durante a pré-temporada, o azarão da competição venceu o confronto direto."
5064,Categorias de base,"O garoto da base, no clássico de quarta-feira, revelou um lateral promissor."
5065,Partida,"Na Arena da Baixada, o zagueiro marcou dois gols."
5066,Torcida,O torcedor lotou o aeroporto na despedida do ídolo.
5067,Torcida,"Pela primeira vez na temporada, o grupo de torcedores aplaudiu o elenco após a derrota."
5068,Mercado da bola,"O diretor de futebol, no domingo à tarde, renovou o contrato do artilheiro."
5069,Torcida,A torcida organizada aplaudiu o goleiro na noite de sábado.
5070,Categorias de base,"Na quarta-feira à noite, o time sub-20 assinou o primeiro contrato profissional."
5071,Categorias de base,O garoto da base estreou na seleção de base na decisão do estadual.
5072,Imprensa,"Em noite de casa cheia, a repórter de campo elogiou o trabalho do técnico."
5073,Treinamento,O preparador físico ajustou a saída de bola na partida transmitida para todo o país.
5074,Campeonato,O favorito ao título conquistou a copa do estado na noite de sábado.
5075,Imprensa,"Na rodada de domingo, a coluna do jornal narrou a virada histórica."
5076,Partida,"Na estreia do campeonato, o meia-armador finalizou com o pé esquerdo."
5077,Torcida,"Em pleno feriado, o torcedor mais antigo do clube aplaudiu o elenco após a derrota."
5078,Partida,O capitão do time finalizou por cobertura em noite de casa cheia.
5079,Mercado da bola,O empresário pagou a primeira parcela da transferência diante de 40 mil torcedores.
5080,Mercado da bola,"Na Arena da Baixada, a diretoria apresentou o novo camisa 9."
5081,Arbitragem,O assistente de vídeo expulsou o técnico pela primeira vez na temporada.
5082,Imprensa,"Fora de casa, o setorista narrou a virada histórica."
5083,Mercado da bola,O empresário sondou o técnico da seleção depois de três derrotas seguidas.
5084,Partida,"No clássico de quarta-feira, o meia-armador cabeceou no canto do goleiro."
5085,Partida,"O volante, fora de casa, finalizou com o pé esquerdo."
5086,Torcida,"A arquibancada, na quarta-feira à noite, fez um mosaico gigante."
5087,Torcida,"O torcedor, para delírio da torcida, fez um protesto pacífico."
5088,Torcida,"A arquibancada, em pleno feriado, vaiou a escalação do técnico."
5089,Imprensa,"O jornalista esportivo, durante a pré-temporada, previu o rebaixamento do clube."
5090,Partida,"No clássico de quarta-feira, o centroavante finalizou de primeira."
5091,Mercado da bola,"O clube rival, na volta das férias, pagou as luvas do reforço."
5092,Mercado da bola,O clube europeu recusou a oferta do rival na despedida do ídolo.
5093,Arbitragem,"Depois de três derrotas seguidas, o árbitro anulou o gol por impedimento."
5094,Mercado da bola,"Sob forte chuva, o diretor de futebol anunciou o reforço para a temporada."
5095,Mercado da bola,"A diretoria, na despedida do ídolo, negociou a venda do jovem atacante."
5096,Treinamento,"O técnico, na noite de sábado, comandou a atividade de finalização."
5097,Arbitragem,"Na partida transmitida para todo o país, a equipe de arbitragem deu o apito final."
5098,Imprensa,"A emissora de rádio, na reta final da temporada, narrou a virada histórica."
5099,Torcida,"No clássico de quarta-feira, a torcida visitante lotou o aeroporto."
5100,Campeonato,"O time da casa, pela primeira vez na temporada, empatou com o rival."
5101,Categorias de base,O menino da comunidade impressionou a comissão técnica na volta das férias.
5102,Campeonato,"O lanterna, em meio à crise, assumiu a vice-liderança."
5103,Categorias de base,"Na estreia do campeonato, o coordenador da base disputou a final do sub-17."
5104,Imprensa,A coluna do jornal criticou a arbitragem nos acréscimos.
5105,Categorias de base,O jovem goleiro disputou a semifinal do sub-20 sob forte chuva.
5106,Partida,"No jogo de ida, o jogador reserva chutou cruzado para o gol."
5107,Categorias de base,"Nos acréscimos, o menino da comunidade revelou um novo talento."
5108,Mercado da bola,A diretoria anunciou a chegada do novo técnico em pleno feriado.
5109,Arbitragem,A equipe de arbitragem aplicou o cartão amarelo em noite de casa cheia.
5110,Torcida,O sócio-torcedor aplaudiu o elenco após a derrota na final da copa.
5111,Imprensa,"Antes do intervalo, a repórter de campo criticou o esquema tático."
5112,Arbitragem,"Em noite de casa cheia, a equipe de arbitragem aplicou o cartão amarelo."
5113,Imprensa,"No segundo tempo, o narrador elogiou o desempenho do goleiro."
5114,Mercado da bola,O clube europeu recusou uma proposta milionária após o intervalo.
5115,Imprensa,"O jornalista esportivo, no clássico de quarta-feira, elogiou o desempenho do goleiro."
5116,Torcida,"No último jogo do ano, a torcida mandante cantou durante os noventa minutos."
5117,Categorias de base,O olheiro impressionou a comissão técnica na abertura da rodada.
5118,Torcida,A torcida visitante fez um protesto pacífico no último jogo do ano.
5119,Partida,O jogador reserva cruzou para a área na rodada de domingo.
5120,Campeonato,"O azarão da competição, depois de três derrotas seguidas, conquistou a copa do estado."
5121,Treinamento,O técnico planejou a recuperação dos atletas aos 45 minutos do segundo tempo.
5122,Imprensa,"No estádio do rival, o jornalista esportivo previu o título do líder."
5123,Categorias de base,O coordenador da base disputou a semifinal do sub-20 no segundo tempo.
5124,Torcida,"Após o intervalo, o grupo de torcedores comemorou o acesso à primeira divisão."
5125,Partida,"Fora de casa, o capitão do time finalizou de primeira."
5126,Partida,"Em plena data FIFA, o volante marcou de falta."
5127,Imprensa,A repórter de campo revelou a escalação do clássico logo no primeiro minuto.
5128,Arbitragem,"O árbitro principal, aos 45 minutos do segundo tempo, marcou um escanteio duvidoso."
5129,Partida,O ponta-direita deu um chapéu no marcador durante a pré-temporada.
5130,Imprensa,"Logo no primeiro minuto, o podcast de futebol criticou o esquema tático."
5131,Partida,"Sob forte chuva, o lateral-esquerdo perdeu a chance de empatar."
5132,Treinamento,"O analista de desempenho, na estreia do campeonato, intensificou os treinos de finalização."
5133,Imprensa,"Aos 45 minutos do segundo tempo, o narrador criticou a atuação do time."
5134,Partida,"O atacante, na abertura da rodada, perdeu a chance de empatar."
5135,Categorias de base,O olheiro impressionou os olheiros europeus diante de 40 mil torcedores.
5136,Partida,"No jogo de ida, o jogador reserva marcou o gol de empate."
5137,Treinamento,"O treinador interino, na Arena da Baixada, intensificou as cobranças de pênalti."
5138,Mercado da bola,"Diante de 40 mil torcedores, o empresário sondou o técnico da seleção."
5139,Campeonato,O favorito ao título assumiu a vice-liderança no confronto pela copa.
5140,Arbitragem,"O árbitro principal, na quarta-feira à noite, ignorou as reclamações do banco."
5141,Campeonato,O time do interior conquistou a copa do estado na Arena da Baixada.
5142,Partida,O jogador reserva cruzou na cabeça do centroavante no último jogo do ano.
5143,Partida,O meia-armador cruzou rasteiro para o meio para delírio da torcida.
5144,Treinamento,"O preparador de goleiros, em meio à crise, fechou a escalação para o clássico."
5145,Torcida,"O torcedor, depois de três derrotas seguidas, cantou sem parar."
5146,Partida,"O ponta-direita, pela primeira vez na temporada, finalizou com o pé esquerdo."
5147,Arbitragem,"No jogo de ida, o árbitro aplicou a lei da vantagem."
5148,Categorias de base,"O time sub-20, no confronto pela copa, disputou a peneira regional."
5149,Treinamento,A comissão técnica liberou o atacante para o jogo na abertura da rodada.
5150,Partida,O ponta-direita cruzou rasteiro para o meio em meio à crise.
5151,Torcida,"O torcedor mais antigo do clube, no segundo tempo, vaiou o árbitro."
5152,Arbitragem,"No estádio do rival, o bandeirinha aplicou a lei da vantagem."
5153,Campeonato,O time visitante eliminou o favorito ao título no domingo à tarde.
5154,Torcida,A charanga lotou o aeroporto no meio da semana.
5155,Categorias de base,"O garoto da base, no jogo do centenário do clube, conquistou o torneio internacional de base."
5156,Campeonato,"O time da casa, na volta das férias, venceu o confronto direto."
5157,Categorias de base,"O garoto da base, na reta final da temporada, estreou no time profissional."
5158,Campeonato,O clube recém-promovido assumiu a vice-liderança na quarta-feira à noite.
5159,Imprensa,"A coluna do jornal, no segundo tempo, revelou a escalação do clássico."
5160,Campeonato,"Na abertura da rodada, o atual campeão empatou com o rival."
5161,Categorias de base,O time sub-15 impressionou a comissão técnica nos acréscimos.
5162,Imprensa,A repórter de campo revelou os bastidores da negociação no jogo do returno.
5163,Categorias de base,A escolinha de futebol disputou a final do sub-17 antes do intervalo.
5164,Mercado da bola,O clube árabe sondou um ponta do interior paulista nos acréscimos.
5165,Mercado da bola,O clube árabe renovou o contrato do goleiro em plena data FIFA.
5166,Imprensa,"No clássico de quarta-feira, a coluna do jornal criticou a arbitragem."
5167,Campeonato,"O vice-líder, na reta final da temporada, perdeu a invencibilidade."
5168,Imprensa,"O jornalista esportivo, logo no primeiro minuto, previu o título do líder."
5169,Arbitragem,"O assistente de vídeo, na decisão do estadual, ignorou as reclamações do banco."
5170,Categorias de base,"O treinador do sub-17, no gramado encharcado, disputou a peneira regional."
5171,Mercado da bola,"Pela primeira vez na temporada, o gerente de futebol sondou um ponta do interior paulista."
5172,Treinamento,"O preparador físico, durante a pré-temporada, comandou o coletivo com os titulares."
5173,Arbitragem,A equipe de arbitragem ignorou o toque de mão na noite de sábado.
5174,Torcida,"A arquibancada, na reta final da temporada, cantou o nome do ídolo."
5175,Categorias de base,"O menino da comunidade, em plena data FIFA, impressionou o técnico do profissional."
5176,Imprensa,"Sob forte chuva, a emissora de rádio elogiou a estreia do reforço."
5177,Treinamento,"Em noite de casa cheia, a comissão técnica planejou a sequência de jogos."
5178,Torcida,"A torcida organizada, no estádio do rival, aplaudiu o goleiro."
5179,Partida,O zagueiro cabeceou para o fundo da rede na reta final da temporada.
5180,Arbitragem,"Na partida transmitida para todo o país, o juiz da partida expulsou o volante adversário."
5181,Arbitragem,"O bandeirinha, no estádio do rival, aplicou a lei da vantagem."
5182,Mercado da bola,"O investidor da SAF, sob forte chuva, negociou a contratação do volante."
5183,Imprensa,"O narrador, diante de 40 mil torcedores, entrevistou o presidente do clube."
5184,Arbitragem,O juiz da partida expulsou o zagueiro depois de três derrotas seguidas.
5185,Campeonato,"O favorito ao título, no clássico de quarta-feira, assumiu a vice-liderança."
5186,Categorias de base,"No jogo do centenário do clube, a promessa do clube conquistou a Copinha."
5187,Mercado da bola,"Na rodada de domingo, o presidente do clube recusou uma proposta milionária."
5188,Treinamento,A comissão técnica testou três zagueiros antes do intervalo.
5189,Arbitragem,O árbitro marcou um escanteio duvidoso sob forte chuva.
5190,Imprensa,O setorista revelou o novo patrocinador pela primeira vez na temporada.
5191,Partida,"O jogador reserva, no gramado encharcado, deu um drible desconcertante."
5192,Partida,O jogador reserva finalizou por cobertura na Arena da Baixada.
5193,Torcida,"A charanga, no confronto pela copa, cantou o hino do clube."
5194,Imprensa,O setorista previu o rebaixamento do clube na despedida do ídolo.
5195,Categorias de base,"Na Arena da Baixada, a escolinha de futebol estreou na seleção de base."
5196,Mercado da bola,"No último jogo do ano, o investidor da SAF pagou as luvas do reforço."
5197,Treinamento,"O preparador físico, sob forte chuva, liberou o atacante para o jogo."
5198,Partida,"No jogo de ida, o ponta-direita deu um drible desconcertante."
5199,Treinamento,"O preparador de goleiros, no estádio lotado, intensificou as cobranças de pênalti."
5200,Imprensa,"No jogo do centenário do clube, a coluna do jornal criticou a escalação inicial."
5201,Campeonato,"O time da casa, em plena data FIFA, eliminou o favorito ao título."
5202,Torcida,"Em plena data FIFA, o sócio-torcedor lotou a frente do centro de treinamento."
5203,Arbitragem,"A equipe de arbitragem, no jogo do returno, anulou o gol por impedimento."
5204,Mercado da bola,"No estádio do rival, o agente do jogador recusou uma proposta milionária."
5205,Mercado da bola,"Na volta das férias, o clube árabe negociou a liberação do meia."
5206,Treinamento,"Na rodada de domingo, o técnico intensificou o trabalho físico."
5207,Categorias de base,O time sub-20 disputou a semifinal do sub-20 na decisão do estadual.
5208,Treinamento,"O preparador físico, na final da copa, comandou o treino tático."
5209,Arbitragem,A árbitra anulou o gol por falta no goleiro logo no primeiro minuto.
5210,Categorias de base,O time sub-20 revelou um novo talento durante a pré-temporada.
5211,Imprensa,O narrador revelou a escalação do clássico em pleno feriado.
5212,Categorias de base,"Na reta final da temporada, o olheiro foi promovido ao elenco principal."
5213,Arbitragem,O assistente de vídeo revisou o toque de mão na partida transmitida para todo o país.
5214,Categorias de base,"O menino da comunidade, durante a pré-temporada, disputou a semifinal do sub-20."
5215,Partida,O atacante perdeu a chance de empatar no gramado encharcado.
5216,Treinamento,O departamento médico comandou a atividade de finalização no último jogo do ano.
5217,Categorias de base,"O menino da comunidade, em plena data FIFA, conquistou o título estadual juvenil."
5218,Partida,O meia-armador cabeceou no canto do goleiro no estádio lotado.
5219,Torcida,"Na reta final da temporada, a torcida mandante pediu a saída do técnico."
5220,Arbitragem,A assistente marcou a falta na entrada da área em meio à crise.
5221,Torcida,"O torcedor mais antigo do clube, nos acréscimos, pediu mais raça aos jogadores."
5222,Categorias de base,"Na final da copa, o time sub-20 revelou um novo talento."
5223,Arbitragem,"Em meio à crise, o assistente de vídeo marcou o impedimento."
5224,Mercado da bola,"No domingo à tarde, o gerente de futebol anunciou a chegada do novo técnico."
5225,Campeonato,"O líder do campeonato, fora de casa, venceu por goleada."
5226,Torcida,"No estádio lotado, a torcida jovem aplaudiu a entrada do time em campo."
5227,Treinamento,"No confronto pela copa, o preparador físico planejou a recuperação dos atletas."
5228,Campeonato,O lanterna garantiu a vaga na Libertadores em meio à crise.
5229,Mercado da bola,"O clube rival, no meio da semana, pagou as luvas do reforço."
5230,Treinamento,"Logo no primeiro minuto, o preparador de goleiros ajustou a saída de bola."
5231,Torcida,O torcedor mais antigo do clube vaiou o árbitro diante de 40 mil torcedores.
5232,Treinamento,O auxiliar técnico fechou a escalação para o clássico em meio à crise.
5233,Categorias de base,"No jogo de ida, o jovem goleiro impressionou a comissão técnica."
5234,Categorias de base,O jovem goleiro conquistou a Copinha após o intervalo.
5235,Treinamento,O departamento médico comandou o coletivo com os titulares no clássico de quarta-feira.
5236,Mercado da bola,O clube rival renovou o contrato do artilheiro na volta das férias.
5237,Campeonato,"No estádio do rival, o time do interior empatou sem gols."
5238,Partida,"O volante, em pleno feriado, chutou a bola no ângulo."
5239,Partida,"O volante, na abertura da rodada, marcou o gol da vitória."
5240,Treinamento,O fisiologista comandou a atividade de finalização na final da copa.
5241,Arbitragem,"No último jogo do ano, o assistente de vídeo anulou o pênalti após revisão."
5242,Partida,O centroavante finalizou por cobertura durante a pré-temporada.
5243,Treinamento,"O departamento médico, diante de 40 mil torcedores, intensificou os treinos de finalização."
5244,Torcida,O torcedor mais antigo do clube fez um protesto pacífico na rodada de domingo.
5245,Imprensa,"A emissora de rádio, depois de três derrotas seguidas, noticiou a lesão do artilheiro."
5246,Arbitragem,"O árbitro de vídeo, na despedida do ídolo, marcou o tiro de meta."
5247,Mercado da bola,"Na abertura da rodada, o gerente de futebol recusou a oferta do rival."
5248,Treinamento,O fisiologista liberou o atacante para o jogo aos 45 minutos do segundo tempo.
5249,Arbitragem,O assistente de vídeo anulou o pênalti após revisão na decisão do estadual.
5250,Mercado da bola,"No domingo à tarde, o clube europeu anunciou um patrocínio master."
5251,Arbitragem,O árbitro de vídeo ignorou o pedido de pênalti fora de casa.
5252,Torcida,A torcida organizada cantou o hino do clube nos acréscimos.
5253,Treinamento,"Na Arena da Baixada, o preparador físico fechou a escalação para o clássico."
5254,Campeonato,"O vice-líder, em meio à crise, venceu por goleada."
5255,Categorias de base,"O treinador do sub-17, em meio à crise, foi promovido ao elenco principal."
5256,Mercado da bola,O agente do jogador sondou o técnico da seleção no jogo do returno.
5257,Partida,"O centroavante, em noite de casa cheia, chutou a bola no ângulo."
5258,Imprensa,"No estádio lotado, a coluna do jornal noticiou a crise no vestiário."
5259,Mercado da bola,"Na rodada de domingo, o clube europeu negociou a venda do jovem atacante."
5260,Mercado da bola,"Fora de casa, o investidor da SAF negociou a contratação do volante."
5261,Categorias de base,"Em pleno feriado, o time sub-20 revelou um goleiro de futuro."
5262,Partida,"Pela primeira vez na temporada, o meia-armador perdeu um gol feito."
5263,Partida,O jogador reserva chutou a bola para fora sob forte chuva.
5264,Partida,"O zagueiro, no jogo do centenário do clube, finalizou de primeira."
5265,Treinamento,"O fisiologista, na reta final da temporada, testou três zagueiros."
5266,Imprensa,"O podcast de futebol, diante de 40 mil torcedores, criticou a escalação inicial."
5267,Arbitragem,"No último jogo do ano, o árbitro anulou o gol por impedimento."
5268,Partida,O meia-armador finalizou rente à trave no jogo do centenário do clube.
5269,Imprensa,"O jornalista esportivo, diante de 40 mil torcedores, criticou a atuação do time."
5270,Mercado da bola,O empresário anunciou a chegada do novo técnico no jogo do returno.
5271,Partida,O meia-armador sofreu uma falta dura na rodada de domingo.
5272,Categorias de base,"No gramado encharcado, o time sub-15 disputou a peneira regional."
5273,Partida,"Na final da copa, o capitão do time finalizou com o pé esquerdo."
5274,Partida,"Na despedida do ídolo, o camisa 10 perdeu o pênalti."
5275,Partida,O atacante deu um chapéu no marcador no segundo tempo.
5276,Arbitragem,"O juiz da partida, na reta final da temporada, ignorou as reclamações do banco."
5277,Imprensa,O blogueiro esportivo previu o título do líder na decisão do estadual.
5278,Torcida,"A torcida organizada, no gramado encharcado, cantou o hino do clube."
5279,Campeonato,"Na abertura da rodada, o atual campeão empatou sem gols."
5280,Arbitragem,"Depois de três derrotas seguidas, o árbitro expulsou o técnico."
5281,Mercado da bola,"O gerente de futebol, na reta final da temporada, apresentou o novo uniforme."
5282,Partida,"O camisa 10, pela primeira vez na temporada, deu um chapéu no marcador."
5283,Partida,O zagueiro sofreu uma falta dura logo no primeiro minuto.
5284,Treinamento,"Na noite de sábado, o coordenador técnico ajustou o posicionamento da defesa."
5285,Arbitragem,O juiz da partida revisou a jogada do gol na quarta-feira à noite.
5286,Categorias de base,"No estádio do rival, o menino da comunidade conquistou o título estadual juvenil."
5287,Partida,"Na quarta-feira à noite, o centroavante chutou forte de fora da área."
5288,Torcida,A arquibancada comemorou a classificação antes do intervalo.
5289,Categorias de base,"O time sub-20, fora de casa, revelou um lateral promissor."
5290,Torcida,A torcida organizada fez um mosaico gigante fora de casa.
5291,Imprensa,"O comentarista, no clássico de quarta-feira, previu uma goleada no clássico."
5292,Torcida,A torcida jovem cantou durante os noventa minutos no jogo de ida.
5293,Partida,"O camisa 10, diante de 40 mil torcedores, sofreu uma falta dura."
5294,Imprensa,O canal de esportes elogiou o trabalho do técnico na partida transmitida para todo o país.
5295,Mercado da bola,"O gerente de futebol, no clássico de quarta-feira, recusou a oferta do rival."
5296,Torcida,"Logo no primeiro minuto, a torcida visitante fez uma festa bonita."
5297,Arbitragem,"Na volta das férias, o bandeirinha deu a bola ao chão."
5298,Partida,"Em meio à crise, o ponta-direita finalizou por cobertura."
5299,Partida,"O atacante, antes do intervalo, deu uma assistência precisa."
5300,Mercado da bola,"O gerente de futebol, diante de 40 mil torcedores, anunciou a chegada do novo técnico."
5301,Partida,"Aos 45 minutos do segundo tempo, o atacante deu um chapéu no marcador."
5302,Arbitragem,"Na abertura da rodada, o assistente de vídeo marcou o tiro de meta."
5303,Partida,"Na decisão do estadual, o volante chutou forte de fora da área."
5304,Arbitragem,"No jogo do returno, o juiz da partida revisou o lance no monitor."
5305,Mercado da bola,O diretor de futebol anunciou a chegada do novo técnico em noite de casa cheia.
5306,Categorias de base,"Nos acréscimos, o coordenador da base revelou um goleiro de futuro."
5307,Arbitragem,O bandeirinha revisou o toque de mão no estádio lotado.
5308,Arbitragem,"O quarto árbitro, no domingo à tarde, deu o apito final."
5309,Arbitragem,O bandeirinha deu seis minutos de acréscimo no segundo tempo.
5310,Imprensa,"Diante de 40 mil torcedores, o podcast de futebol previu o rebaixamento do clube."
5311,Mercado da bola,A diretoria anunciou o reforço para a temporada no meio da semana.
5312,Treinamento,"O preparador físico, na estreia do campeonato, testou o meia na lateral."
5313,Partida,"O camisa 10, fora de casa, chutou forte de fora da área."
5314,Mercado da bola,O empresário sondou o técnico da seleção aos 45 minutos do segundo tempo.
5315,Partida,"O meia-armador, durante a pré-temporada, chutou a bola para fora."
5316,Imprensa,O narrador elogiou a postura do time pela primeira vez na temporada.
5317,Treinamento,"O preparador físico, antes do intervalo, testou o meia na lateral."
5318,Arbitragem,"O árbitro, logo no primeiro minuto, aplicou o cartão vermelho."
5319,Treinamento,"O auxiliar técnico, no meio da semana, planejou a pré-temporada."
5320,Treinamento,"O treinador interino, aos 45 minutos do segundo tempo, fechou a escalação para o clássico."
5321,Campeonato,"Fora de casa, o atual campeão garantiu a vaga na Libertadores."
5322,Categorias de base,O menino da comunidade estreou no time profissional na despedida do ídolo.
5323,Mercado da bola,"O clube europeu, na noite de sábado, anunciou a chegada do novo técnico."
5324,Categorias de base,O menino da comunidade impressionou a comissão técnica na Arena da Baixada.
5325,Torcida,A charanga comemorou o acesso à primeira divisão no estádio lotado.
5326,Partida,O capitão do time chutou a bola para fora no último jogo do ano.
5327,Mercado da bola,"O agente do jogador, em pleno feriado, renovou o contrato do goleiro."
5328,Arbitragem,"Na rodada de domingo, o bandeirinha marcou o impedimento."
5329,Arbitragem,"No último jogo do ano, o árbitro de vídeo ignorou o toque de mão."
5330,Torcida,"Na quarta-feira à noite, a torcida jovem aplaudiu o goleiro."
5331,Categorias de base,"Pela primeira vez na temporada, a escolinha de futebol foi promovido ao elenco principal."
5332,Imprensa,"Na rodada de domingo, o blogueiro esportivo previu o título do líder."
5333,Categorias de base,"O time sub-20, no estádio do rival, disputou a final do sub-17."
5334,Imprensa,O blogueiro esportivo previu o título do líder para delírio da torcida.
5335,Partida,O ponta-direita marcou de falta no jogo do centenário do clube.
5336,Arbitragem,O árbitro expulsou o técnico pela primeira vez na temporada.
5337,Arbitragem,"O juiz da partida, durante a pré-temporada, anulou o pênalti após revisão."
5338,Torcida,"A charanga, na volta das férias, fez uma festa bonita."
5339,Partida,O atacante marcou dois gols no estádio lotado.
5340,Torcida,"A torcida organizada, na final da copa, aplaudiu a homenagem ao ídolo."
5341,Arbitragem,O árbitro principal marcou o impedimento na volta das férias.
5342,Arbitragem,"No gramado encharcado, a árbitra expulsou o volante adversário."
5343,Arbitragem,"A árbitra, no clássico de quarta-feira, anulou o gol por impedimento."
5344,Partida,O meia-armador marcou de pênalti depois de três derrotas seguidas.
5345,Imprensa,O setorista criticou a atuação do time em noite de casa cheia.
5346,Torcida,O sócio-torcedor vaiou o jogador adversário no estádio lotado.
5347,Partida,"No meio da semana, o meia-armador deu uma assistência precisa."
5348,Campeonato,"Na noite de sábado, o lanterna empatou com o rival."
5349,Partida,O ponta-direita cruzou rasteiro para o meio no estádio lotado.
5350,Treinamento,"No domingo à tarde, o coordenador técnico testou um novo esquema tático."
5351,Imprensa,O setorista entrevistou o autor do gol na volta das férias.
5352,Categorias de base,O coordenador da base revelou um lateral promissor após o intervalo.
5353,Arbitragem,"O bandeirinha, na decisão do estadual, expulsou o técnico."
5354,Partida,O atacante deu um drible desconcertante pela primeira vez na temporada.
5355,Arbitragem,A assistente deu a bola ao chão no domingo à tarde.
5356,Arbitragem,"Na estreia do campeonato, o juiz da partida marcou a falta na entrada da área."
5357,Arbitragem,"Na rodada de domingo, o árbitro deu o apito final."
5358,Arbitragem,A equipe de arbitragem revisou o toque de mão no jogo do returno.
5359,Mercado da bola,"Aos 45 minutos do segundo tempo, a diretoria anunciou a saída do capitão."
5360,Mercado da bola,O clube árabe sondou um zagueiro do futebol argentino nos acréscimos.
5361,Torcida,"No gramado encharcado, a torcida organizada fez um mosaico gigante."
5362,Campeonato,"Depois de três derrotas seguidas, o time da casa empatou o jogo de ida."
5363,Partida,"No jogo de ida, o atacante marcou de falta."
5364,Arbitragem,"Para delírio da torcida, o bandeirinha expulsou o técnico."
5365,Torcida,O torcedor comemorou a classificação em pleno feriado.
5366,Imprensa,"A coluna do jornal, no jogo do centenário do clube, entrevistou o autor do gol."
5367,Partida,O zagueiro cruzou rasteiro para o meio na partida transmitida para todo o país.
5368,Arbitragem,"No clássico de quarta-feira, o árbitro expulsou o zagueiro."
5369,Treinamento,A comissão técnica liberou o lateral após exames em meio à crise.
5370,Mercado da bola,A diretoria renovou o vínculo do capitão no segundo tempo.
5371,Mercado da bola,"O diretor de futebol, na volta das férias, negociou a contratação do volante."
5372,Imprensa,"O comentarista, na partida transmitida para todo o país, elogiou o desempenho do goleiro."
5373,Imprensa,O setorista elogiou o desempenho do goleiro pela primeira vez na temporada.
5374,Partida,"O atacante, no domingo à tarde, sofreu uma lesão muscular."
5375,Partida,O meia-armador finalizou com o pé esquerdo para delírio da torcida.
5376,Categorias de base,"No estádio lotado, o jovem goleiro revelou um lateral promissor."
5377,Partida,"Nos acréscimos, o jogador reserva finalizou de primeira."
5378,Partida,O capitão do time chutou cruzado para o gol em pleno feriado.
5379,Imprensa,"No jogo de ida, o blogueiro esportivo elogiou a postura do time."
5380,Campeonato,O clube recém-promovido empatou sem gols logo no primeiro minuto.
5381,Arbitragem,"O árbitro principal, em meio à crise, marcou o pênalti."
5382,Mercado da bola,"O empresário, no estádio do rival, negociou a liberação do meia."
5383,Campeonato,"O favorito ao título, para delírio da torcida, eliminou o atual campeão."
5384,Mercado da bola,"Aos 45 minutos do segundo tempo, a diretoria renovou o contrato do artilheiro."
5385,Imprensa,"O jornalista esportivo, na volta das férias, narrou a decisão por pênaltis."
5386,Treinamento,"Na rodada de domingo, o departamento médico fechou o treino à imprensa."
5387,Imprensa,"A emissora de rádio, no estádio do rival, criticou a arbitragem."
5388,Imprensa,A coluna do jornal previu o título do líder na reta final da temporada.
5389,Campeonato,"Nos acréscimos, o time do interior venceu por goleada."
5390,Mercado da bola,O clube árabe renovou o contrato do artilheiro diante de 40 mil torcedores.
5391,Imprensa,"No meio da semana, a coluna do jornal noticiou a demissão do treinador."
5392,Torcida,"A arquibancada, na abertura da rodada, vaiou o árbitro."
5393,Mercado da bola,"No jogo do centenário do clube, o presidente do clube recusou uma proposta milionária."
5394,Treinamento,"O técnico, no segundo tempo, testou três zagueiros."
5395,Categorias de base,"O coordenador da base, nos acréscimos, estreou com gol."
5396,Torcida,A arquibancada aplaudiu a homenagem ao ídolo em meio à crise.
5397,Partida,"Na volta das férias, o volante marcou um golaço."
5398,Torcida,"A torcida visitante, na partida transmitida para todo o país, aplaudiu a homenagem ao ídolo."
5399,Campeonato,O time da casa empatou o jogo de ida na despedida do ídolo.
5400,Treinamento,O auxiliar técnico liberou o lateral após exames em plena data FIFA.
5401,Treinamento,"Na noite de sábado, o coordenador técnico fechou a escalação para o clássico."
5402,Partida,"O capitão do time, no estádio do rival, cruzou rasteiro para o meio."
5403,Mercado da bola,"O investidor da SAF, no gramado encharcado, pagou a multa rescisória."
5404,Categorias de base,"No gramado encharcado, o coordenador da base disputou a peneira regional."
5405,Categorias de base,"Depois de três derrotas seguidas, o olheiro disputou a peneira regional."
5406,Treinamento,"A comissão técnica, na rodada de domingo, ajustou a bola parada."
5407,Mercado da bola,"O investidor da SAF, na partida transmitida para todo o país, renovou o vínculo do capitão."
5408,Torcida,"No estádio lotado, a arquibancada aplaudiu o elenco após a derrota."
5409,Partida,"O ponta-direita, na estreia do campeonato, finalizou por cobertura."
5410,Treinamento,"O fisiologista, em noite de casa cheia, ajustou a marcação por pressão."
5411,Mercado da bola,O agente do jogador negociou a venda do jovem atacante no estádio lotado.
5412,Campeonato,"Durante a pré-temporada, o vice-líder foi rebaixado para a segunda divisão."
5413,Treinamento,"Sob forte chuva, o técnico ajustou o posicionamento da defesa."
5414,Imprensa,"A repórter de campo, antes do intervalo, elogiou o desempenho do goleiro."
5415,Treinamento,"O fisiologista, aos 45 minutos do segundo tempo, planejou a sequência de jogos."
5416,Imprensa,O narrador elogiou a postura do time no clássico de quarta-feira.
5417,Categorias de base,O jovem goleiro conquistou o torneio internacional de base no domingo à tarde.
5418,Categorias de base,"Em plena data FIFA, o treinador do sub-17 impressionou o técnico do profissional."
5419,Partida,"O camisa 10, na abertura da rodada, deu uma assistência precisa."
5420,Torcida,"A charanga, na final da copa, fez um protesto pacífico."
5421,Partida,O volante finalizou por cobertura no último jogo do ano.
5422,Treinamento,O coordenador técnico comandou o coletivo com os titulares em meio à crise.
5423,Arbitragem,"O bandeirinha, no confronto pela copa, aplicou a lei da vantagem."
5424,Mercado da bola,"Na final da copa, o clube europeu pagou a multa rescisória."
5425,Imprensa,O jornalista esportivo entrevistou o capitão no gramado encharcado.
5426,Imprensa,O jornalista esportivo criticou o esquema tático no meio da semana.
5427,Partida,"No gramado encharcado, o meia-armador deu um drible desconcertante."
5428,Imprensa,O comentarista previu o rebaixamento do clube no segundo tempo.
5429,Mercado da bola,"O diretor de futebol, aos 45 minutos do segundo tempo, anunciou o reforço para a temporada."
5430,Imprensa,"Em pleno feriado, o narrador noticiou a crise no vestiário."
5431,Arbitragem,O árbitro principal marcou o tiro de meta após o intervalo.
5432,Partida,O ponta-direita chutou a bola no ângulo no clássico de quarta-feira.
5433,Partida,O zagueiro perdeu a chance de empatar no jogo do centenário do clube.
5434,Partida,O camisa 10 marcou o gol de empate na rodada de domingo.
5435,Categorias de base,O time sub-20 revelou um lateral promissor no domingo à tarde.
5436,Arbitragem,O árbitro de vídeo revisou o toque de mão na noite de sábado.
5437,Arbitragem,"O bandeirinha, após o intervalo, aplicou o cartão vermelho."
5438,Treinamento,"Fora de casa, o preparador de goleiros intensificou o trabalho físico."
5439,Arbitragem,"Antes do intervalo, o juiz da partida deu seis minutos de acréscimo."
5440,Imprensa,"Pela primeira vez na temporada, o comentarista entrevistou o técnico."
5441,Mercado da bola,"O investidor da SAF, pela primeira vez na temporada, renovou o contrato do artilheiro."
5442,Campeonato,O time da casa garantiu a permanência na primeira divisão no estádio do rival.
5443,Treinamento,"O preparador de goleiros, na final da copa, comandou o rachão."
5444,Arbitragem,"Na final da copa, a equipe de arbitragem expulsou o técnico."
5445,Mercado da bola,"O clube rival, na despedida do ídolo, pagou a multa rescisória."
5446,Arbitragem,"Para delírio da torcida, a árbitra ignorou o pedido de pênalti."
5447,Imprensa,A coluna do jornal criticou o esquema tático diante de 40 mil torcedores.
5448,Imprensa,"Na decisão do estadual, o blogueiro esportivo revelou os bastidores da negociação."
5449,Treinamento,"O preparador físico, no domingo à tarde, intensificou o trabalho físico."
5450,Partida,"O meia-armador, na final da copa, cruzou para a área."
5451,Mercado da bola,"No gramado encharcado, o gerente de futebol renovou o contrato do goleiro."
5452,Arbitragem,"O árbitro principal, na final da copa, expulsou o volante adversário."
5453,Mercado da bola,O presidente do clube anunciou o reforço para a temporada no jogo do centenário do clube.
5454,Torcida,A torcida mandante vaiou o árbitro no segundo tempo.
5455,Campeonato,"Para delírio da torcida, o lanterna garantiu a vaga na Libertadores."
5456,Torcida,"Em meio à crise, a torcida jovem comemorou o acesso à primeira divisão."
5457,Mercado da bola,"Durante a pré-temporada, o agente do jogador renovou o vínculo do capitão."
5458,Partida,"O capitão do time, após o intervalo, cabeceou por cima do travessão."
5459,Torcida,"A torcida mandante, no confronto pela copa, vaiou o time na saída de campo."
5460,Partida,"Sob forte chuva, o jogador reserva cruzou rasteiro para o meio."
5461,Treinamento,"O departamento médico, no estádio do rival, planejou a recuperação dos atletas."
5462,Mercado da bola,"O agente do jogador, na abertura da rodada, renovou o contrato do goleiro."
5463,Arbitragem,"O juiz da partida, na final da copa, deu a bola ao chão."
5464,Torcida,"A torcida mandante, no gramado encharcado, aplaudiu o goleiro."
5465,Mercado da bola,"No domingo à tarde, o investidor da SAF negociou o empréstimo do lateral."
5466,Partida,"No confronto pela copa, o capitão do time deu uma assistência precisa."
5467,Campeonato,"No confronto pela copa, o clube recém-promovido garantiu a vaga na Libertadores."
5468,Torcida,O torcedor comemorou a classificação no confronto pela copa.
5469,Imprensa,A repórter de campo entrevistou o presidente do clube no domingo à tarde.
5470,Treinamento,"Na estreia do campeonato, o preparador de goleiros ajustou a bola parada."
5471,Torcida,"O torcedor mais antigo do clube, no estádio lotado, pediu mais raça aos jogadores."
5472,Arbitragem,"Fora de casa, o árbitro aplicou a lei da vantagem."
5473,Treinamento,O departamento médico comandou a atividade de finalização na estreia do campeonato.
5474,Treinamento,"O preparador de goleiros, na estreia do campeonato, testou um novo esquema tático."
5475,Imprensa,O canal de esportes criticou o esquema tático na noite de sábado.
5476,Imprensa,"O jornalista esportivo, em pleno feriado, narrou a virada histórica."
5477,Mercado da bola,A diretoria apresentou o novo uniforme durante a pré-temporada.
5478,Treinamento,O preparador físico testou um novo esquema tático na partida transmitida para todo o país.
5479,Arbitragem,"O árbitro, no segundo tempo, expulsou o técnico."
5480,Partida,O lateral-esquerdo finalizou rente à trave pela primeira vez na temporada.
5481,Categorias de base,O olheiro impressionou a comissão técnica em meio à crise.
5482,Imprensa,"O canal de esportes, em noite de casa cheia, noticiou a lesão do artilheiro."
5483,Campeonato,"Em pleno feriado, o atual campeão conquistou o acesso à Série A."
5484,Partida,"O capitão do time, na partida transmitida para todo o país, deu um carrinho perfeito."
5485,Campeonato,"O atual campeão, no jogo de ida, conquistou o título nacional."
5486,Campeonato,"Antes do intervalo, o time da casa garantiu a classificação para as quartas."
5487,Torcida,"A arquibancada, diante de 40 mil torcedores, vaiou o jogador adversário."
5488,Mercado da bola,"Na quarta-feira à noite, o clube europeu renovou o contrato do goleiro."
5489,Treinamento,"O preparador de goleiros, em pleno feriado, fechou o treino à imprensa."
5490,Categorias de base,"O jovem goleiro, na decisão do estadual, estreou no time profissional."
5491,Partida,"Nos acréscimos, o meia-armador deu um drible desconcertante."
5492,Imprensa,"Na quarta-feira à noite, o blogueiro esportivo elogiou a estreia do reforço."
5493,Torcida,"Durante a pré-temporada, a torcida visitante pediu mais raça aos jogadores."
5494,Arbitragem,"No clássico de quarta-feira, o árbitro deu seis minutos de acréscimo."
5495,Categorias de base,"Durante a pré-temporada, a promessa do clube impressionou a comissão técnica."
5496,Campeonato,"Na estreia do campeonato, o time visitante empatou o jogo de ida."
5497,Categorias de base,"Durante a pré-temporada, o coordenador da base revelou um lateral promissor."
5498,Partida,O lateral-esquerdo chutou cruzado para o gol em meio à crise.
5499,Arbitragem,"Em meio à crise, a assistente aplicou o cartão amarelo."
5500,Categorias de base,A promessa do clube disputou a peneira regional para delírio da torcida.
5501,Treinamento,"No segundo tempo, o departamento médico intensificou os treinos de finalização."
5502,Arbitragem,"O árbitro, na partida transmitida para todo o país, aplicou a lei da vantagem."
5503,Torcida,A torcida jovem cantou o hino do clube na despedida do ídolo.
5504,Campeonato,"O time da casa, na partida transmitida para todo o país, conquistou a copa do estado."
5505,Mercado da bola,O agente do jogador renovou o contrato do goleiro no segundo tempo.
5506,Categorias de base,O treinador do sub-17 foi promovido ao elenco principal no último jogo do ano.
5507,Imprensa,A coluna do jornal elogiou o desempenho do goleiro no último jogo do ano.
5508,Imprensa,"O narrador, em plena data FIFA, revelou a escalação do clássico."
5509,Partida,O zagueiro cabeceou para o fundo da rede no jogo de ida.
5510,Torcida,"O grupo de torcedores, na reta final da temporada, aplaudiu a entrada do time em campo."
5511,Torcida,"A torcida visitante, no clássico de quarta-feira, fez uma grande recepção ao elenco."
5512,Campeonato,"O time visitante, em noite de casa cheia, eliminou o atual campeão."
5513,Mercado da bola,O diretor de futebol apresentou o novo camisa 9 na Arena da Baixada.
5514,Partida,"Aos 45 minutos do segundo tempo, o volante perdeu a chance de empatar."
5515,Treinamento,"O preparador de goleiros, no jogo de ida, liberou o elenco para o fim de semana."
5516,Imprensa,"Na Arena da Baixada, o jornalista esportivo elogiou a estreia do reforço."
5517,Mercado da bola,"Na partida transmitida para todo o país, o presidente do clube anunciou um patrocínio master."
5518,Torcida,A charanga fez um protesto pacífico em pleno feriado.
5519,Arbitragem,O árbitro marcou o pênalti na final da copa.
5520,Campeonato,O time da casa venceu o clássico regional durante a pré-temporada.
5521,Partida,"Para delírio da torcida, o capitão do time perdeu a chance de empatar."
5522,Imprensa,"Na reta final da temporada, o jornalista esportivo criticou a atuação do time."
5523,Partida,"Sob forte chuva, o zagueiro marcou o gol da vitória."
5524,Torcida,"No confronto pela copa, o torcedor mais antigo do clube aplaudiu o elenco após a derrota."
5525,Categorias de base,A escolinha de futebol assinou o primeiro contrato profissional logo no primeiro minuto.
5526,Campeonato,O vice-líder empatou com o rival diante de 40 mil torcedores.
5527,Torcida,"Na estreia do campeonato, a torcida visitante vaiou o time na saída de campo."
5528,Mercado da bola,O presidente do clube anunciou a chegada do novo técnico na rodada de domingo.
5529,Partida,O meia-armador cruzou rasteiro para o meio na final da copa.
5530,Imprensa,O narrador elogiou o trabalho do técnico na rodada de domingo.
5531,Partida,O jogador reserva sofreu uma lesão muscular no jogo do returno.
5532,Treinamento,O coordenador técnico intensificou o trabalho físico na final da copa.
5533,Torcida,O torcedor aplaudiu o elenco após a derrota pela primeira vez na temporada.
5534,Campeonato,"O vice-líder, em noite de casa cheia, garantiu a vaga na Libertadores."
5535,Torcida,A arquibancada comemorou o título estadual na reta final da temporada.
5536,Categorias de base,"O time sub-15, no meio da semana, assinou com um clube europeu."
5537,Torcida,"O torcedor mais antigo do clube, nos acréscimos, vaiou a escalação do técnico."
5538,Campeonato,"Nos acréscimos, o vice-líder conquistou a copa do estado."
5539,Imprensa,"Na quarta-feira à noite, o canal de esportes entrevistou o autor do gol."
5540,Torcida,A torcida visitante lotou o estádio em plena data FIFA.
5541,Imprensa,"A repórter de campo, em plena data FIFA, entrevistou o autor do gol."
5542,Campeonato,"O time visitante, na reta final da temporada, assumiu a liderança da tabela."
5543,Mercado da bola,"O agente do jogador, na abertura da rodada, negociou a contratação do volante."
5544,Imprensa,"O blogueiro esportivo, no jogo de ida, noticiou a crise no vestiário."
5545,Imprensa,O jornalista esportivo entrevistou o capitão no jogo do centenário do clube.
5546,Treinamento,O auxiliar técnico comandou o coletivo com os titulares na abertura da rodada.
5547,Campeonato,O atual campeão eliminou o atual campeão na final da copa.
5548,Imprensa,A emissora de rádio criticou o esquema tático no domingo à tarde.
5549,Imprensa,"O setorista, em meio à crise, criticou o esquema tático."
5550,Mercado da bola,A diretoria negociou a liberação do meia na despedida do ídolo.
5551,Treinamento,"Na partida transmitida para todo o país, a comissão técnica planejou a sequência de jogos."
5552,Treinamento,"Antes do intervalo, o coordenador técnico ajustou a bola parada."
5553,Partida,"Fora de casa, o zagueiro marcou um golaço."
5554,Torcida,"Na quarta-feira à noite, o torcedor mais antigo do clube aplaudiu o goleiro."
5555,Imprensa,"Para delírio da torcida, o canal de esportes noticiou a lesão do artilheiro."
5556,Campeonato,"Em plena data FIFA, o líder do campeonato eliminou o favorito ao título."
5557,Torcida,"A arquibancada, no jogo do returno, pediu a saída do técnico."
5558,Partida,O centroavante sofreu um pênalti sob forte chuva.
5559,Categorias de base,"O time sub-20, no estádio lotado, disputou a peneira regional."
5560,Mercado da bola,"No clássico de quarta-feira, o empresário anunciou a saída do capitão."
5561,Partida,"O zagueiro, no segundo tempo, marcou dois gols."
5562,Arbitragem,A assistente expulsou o volante adversário fora de casa.
5563,Mercado da bola,"Fora de casa, o diretor de futebol anunciou a saída do capitão."
5564,Arbitragem,"O assistente de vídeo, na volta das férias, revisou a jogada do gol."
5565,Arbitragem,"O juiz da partida, para delírio da torcida, expulsou o volante adversário."
5566,Arbitragem,O árbitro ignorou o pedido de pênalti fora de casa.
5567,Partida,"O camisa 10, nos acréscimos, chutou cruzado para o gol."
5568,Mercado da bola,"Após o intervalo, a diretoria renovou o vínculo do capitão."
5569,Partida,"Nos acréscimos, o meia-armador sofreu uma lesão muscular."
5570,Imprensa,"A repórter de campo, no jogo do centenário do clube, previu o rebaixamento do clube."
5571,Imprensa,O blogueiro esportivo previu o título do líder fora de casa.
5572,Arbitragem,"A equipe de arbitragem, no estádio do rival, ignorou o pedido de pênalti."
5573,Partida,"No confronto pela copa, o atacante cabeceou para o fundo da rede."
5574,Mercado da bola,"No último jogo do ano, o diretor de futebol sondou um zagueiro do futebol argentino."
5575,Torcida,A charanga pediu a saída do técnico na noite de sábado.
5576,Imprensa,"No estádio lotado, o jornalista esportivo noticiou a demissão do treinador."
5577,Categorias de base,"A promessa do clube, no estádio lotado, impressionou o técnico do profissional."
5578,Torcida,A torcida visitante vaiou o árbitro aos 45 minutos do segundo tempo.
5579,Mercado da bola,O gerente de futebol apresentou o reforço à torcida na final da copa.
5580,Campeonato,"Na volta das férias, o atual campeão venceu por goleada."
5581,Partida,"Na abertura da rodada, o jogador reserva deu um drible desconcertante."
5582,Torcida,"O torcedor mais antigo do clube, no segundo tempo, lotou o aeroporto."
5583,Mercado da bola,O clube árabe pagou a multa rescisória pela primeira vez na temporada.
5584,Partida,"O centroavante, logo no primeiro minuto, marcou o gol da vitória."
5585,Partida,O capitão do time sofreu um pênalti logo no primeiro minuto.
5586,Torcida,"Diante de 40 mil torcedores, a torcida mandante fez uma festa bonita."
5587,Partida,O lateral-esquerdo deu um drible desconcertante na final da copa.
5588,Mercado da bola,"Na rodada de domingo, o presidente do clube anunciou a saída do capitão."
5589,Campeonato,O vice-líder empatou com o rival na decisão do estadual.
5590,Partida,"No jogo do returno, o zagueiro perdeu um gol feito."
5591,Categorias de base,"No clássico de quarta-feira, a promessa do clube disputou a peneira regional."
5592,Imprensa,A repórter de campo criticou o esquema tático no gramado encharcado.
5593,Partida,"Em meio à crise, o volante chutou a bola no ângulo."
5594,Campeonato,O vice-líder eliminou o atual campeão na Arena da Baixada.
5595,Categorias de base,O olheiro assinou com um clube europeu no estádio do rival.
5596,Arbitragem,"O árbitro de vídeo, no último jogo do ano, expulsou o volante adversário."
5597,Campeonato,O vice-líder foi rebaixado para a segunda divisão fora de casa.
5598,Torcida,"A arquibancada, no último jogo do ano, fez um protesto pacífico."
5599,Campeonato,"Na despedida do ídolo, o clube recém-promovido conquistou o acesso à Série A."
5600,Imprensa,"Pela primeira vez na temporada, a emissora de rádio noticiou a lesão do artilheiro."
5601,Mercado da bola,O empresário apresentou o novo uniforme durante a pré-temporada.
5602,Partida,"Na abertura da rodada, o capitão do time finalizou de primeira."
5603,Mercado da bola,"Em pleno feriado, o clube árabe renovou o vínculo do capitão."
5604,Treinamento,A comissão técnica fechou o treino à imprensa no segundo tempo.
5605,Imprensa,O podcast de futebol elogiou o desempenho do goleiro na reta final da temporada.
5606,Treinamento,"A comissão técnica, em meio à crise, testou o jovem da base no time titular."
5607,Mercado da bola,O clube rival sondou um ponta do interior paulista nos acréscimos.
5608,Torcida,A torcida mandante vaiou o árbitro na noite de sábado.
5609,Partida,O centroavante finalizou de primeira no estádio do rival.
5610,Arbitragem,"Em pleno feriado, o árbitro marcou um escanteio duvidoso."
5611,Imprensa,"Pela primeira vez na temporada, o narrador revelou os bastidores da negociação."
5612,Imprensa,O setorista entrevistou o capitão na Arena da Baixada.
5613,Categorias de base,O garoto da base revelou um lateral promissor no domingo à tarde.
5614,Mercado da bola,"O investidor da SAF, depois de três derrotas seguidas, negociou a venda do jovem atacante."
5615,Arbitragem,"O árbitro principal, no domingo à tarde, expulsou o volante adversário."
5616,Imprensa,A repórter de campo narrou a virada histórica no clássico de quarta-feira.
5617,Campeonato,"Na volta das férias, o vice-líder empatou com o rival."
5618,Torcida,O grupo de torcedores vaiou a escalação do técnico no jogo do centenário do clube.
5619,Torcida,A arquibancada lotou a frente do centro de treinamento logo no primeiro minuto.
5620,Imprensa,"A coluna do jornal, no estádio lotado, elogiou a postura do time."
5621,Campeonato,O azarão da competição eliminou o atual campeão antes do intervalo.
5622,Torcida,"O grupo de torcedores, pela primeira vez na temporada, fez um protesto pacífico."
5623,Partida,O camisa 10 perdeu o pênalti em pleno feriado.
5624,Arbitragem,"O bandeirinha, no último jogo do ano, deu a bola ao chão."
5625,Partida,O camisa 10 cabeceou após o escanteio no confronto pela copa.
5626,Campeonato,"Na abertura da rodada, o azarão da competição eliminou o atual campeão."
5627,Arbitragem,O juiz da partida aplicou o cartão vermelho no último jogo do ano.
5628,Arbitragem,"A árbitra, na partida transmitida para todo o país, expulsou o zagueiro."
5629,Partida,O lateral-esquerdo marcou o gol de empate em pleno feriado.
5630,Mercado da bola,"A diretoria, na partida transmitida para todo o país, negociou a contratação do volante."
5631,Treinamento,"O treinador interino, em pleno feriado, planejou a recuperação dos atletas."
5632,Categorias de base,"Sob forte chuva, o garoto da base assinou com um clube europeu."
5633,Torcida,"A charanga, no meio da semana, comemorou o acesso à primeira divisão."
5634,Arbitragem,O árbitro de vídeo ignorou o pedido de pênalti em plena data FIFA.
5635,Imprensa,"O jornalista esportivo, depois de três derrotas seguidas, entrevistou o técnico."
5636,Torcida,"Após o intervalo, o torcedor fez uma grande recepção ao elenco."
5637,Mercado da bola,"A diretoria, na Arena da Baixada, sondou o técnico da seleção."
5638,Categorias de base,"O olheiro, na quarta-feira à noite, impressionou os olheiros europeus."
5639,Arbitragem,O quarto árbitro deu seis minutos de acréscimo no último jogo do ano.
5640,Treinamento,"Em plena data FIFA, a comissão técnica fechou o treino à imprensa."
5641,Torcida,"Na partida transmitida para todo o país, o grupo de torcedores vaiou o time na saída de campo."
5642,Partida,O meia-armador marcou o gol de empate durante a pré-temporada.
5643,Torcida,"Em pleno feriado, o torcedor pediu a saída do técnico."
5644,Partida,O lateral-esquerdo deu um carrinho perfeito na estreia do campeonato.
5645,Campeonato,O lanterna venceu o confronto direto no estádio do rival.
5646,Torcida,A torcida organizada lotou o estádio em plena data FIFA.
5647,Treinamento,"O treinador interino, na reta final da temporada, planejou a sequência de jogos."
5648,Imprensa,"O podcast de futebol, na decisão do estadual, revelou a escalação do clássico."
5649,Categorias de base,"O menino da comunidade, em pleno feriado, conquistou o torneio internacional de base."
5650,Mercado da bola,O empresário recusou a troca de jogadores no jogo de ida.
5651,Imprensa,"Sob forte chuva, o narrador noticiou a lesão do artilheiro."
5652,Torcida,"No estádio lotado, a torcida visitante aplaudiu a homenagem ao ídolo."
5653,Treinamento,"O fisiologista, na quarta-feira à noite, ajustou a marcação por pressão."
5654,Torcida,"Na abertura da rodada, a torcida visitante vaiou o jogador adversário."
5655,Mercado da bola,"Nos acréscimos, o empresário pagou a multa rescisória."
5656,Partida,"Na final da copa, o volante cabeceou por cima do travessão."
5657,Partida,"Durante a pré-temporada, o ponta-direita chutou forte de fora da área."
5658,Partida,"O meia-armador, diante de 40 mil torcedores, deu um drible desconcertante."
5659,Mercado da bola,"Para delírio da torcida, o diretor de futebol renovou o vínculo do capitão."
5660,Treinamento,"O coordenador técnico, na rodada de domingo, intensificou o trabalho físico."
5661,Imprensa,"O blogueiro esportivo, no jogo de ida, revelou a escalação do clássico."
5662,Imprensa,"No clássico de quarta-feira, o podcast de futebol entrevistou o capitão."
5663,Campeonato,"O atual campeão, nos acréscimos, assumiu a vice-liderança."
5664,Categorias de base,O coordenador da base impressionou o técnico do profissional fora de casa.
5665,Arbitragem,"O árbitro, no jogo do centenário do clube, ignorou o toque de mão."
5666,Torcida,"Em noite de casa cheia, a torcida jovem pediu a saída do técnico."
5667,Treinamento,"Na partida transmitida para todo o país, o fisiologista comandou a atividade de finalização."
5668,Categorias de base,"Logo no primeiro minuto, o time sub-15 conquistou a Copinha."
5669,Arbitragem,"A assistente, na final da copa, deu a bola ao chão."
5670,Partida,"O ponta-direita, após o intervalo, sofreu um pênalti."
5671,Torcida,"No jogo do centenário do clube, o torcedor pediu a saída do técnico."
5672,Categorias de base,"No jogo do returno, o garoto da base impressionou a comissão técnica."
5673,Torcida,O sócio-torcedor cantou o hino do clube após o intervalo.
5674,Imprensa,A repórter de campo narrou a decisão por pênaltis no estádio do rival.
5675,Torcida,A torcida organizada pediu mais raça aos jogadores em plena data FIFA.
5676,Treinamento,O técnico testou um novo esquema tático no jogo do returno.
5677,Mercado da bola,"Na Arena da Baixada, o diretor de futebol anunciou a saída do capitão."
5678,Imprensa,"Em noite de casa cheia, o jornalista esportivo entrevistou o capitão."
5679,Partida,"O volante, no último jogo do ano, sofreu uma lesão muscular."
5680,Mercado da bola,O agente do jogador pagou as luvas do reforço na abertura da rodada.
5681,Partida,"O meia-armador, no confronto pela copa, deu uma assistência precisa."
5682,Treinamento,"O departamento médico, logo no primeiro minuto, liberou o elenco para o fim de semana."
5683,Torcida,A charanga comemorou o título estadual no clássico de quarta-feira.
5684,Campeonato,"O clube recém-promovido, na volta das férias, assumiu a vice-liderança."
5685,Treinamento,O preparador físico planejou a pré-temporada na final da copa.
5686,Torcida,"Em pleno feriado, a torcida visitante aplaudiu o goleiro."
5687,Partida,"O ponta-direita, na reta final da temporada, chutou cruzado para o gol."
5688,Mercado da bola,"Em meio à crise, o presidente do clube anunciou um patrocínio master."
5689,Torcida,"A arquibancada, na partida transmitida para todo o país, vaiou o árbitro."
5690,Campeonato,"Logo no primeiro minuto, o clube recém-promovido eliminou o atual campeão."
5691,Partida,"O ponta-direita, no jogo de ida, deu uma assistência precisa."
5692,Categorias de base,"O menino da comunidade, no meio da semana, disputou a semifinal do sub-20."
5693,Arbitragem,"O árbitro principal, no segundo tempo, marcou o tiro de meta."
5694,Campeonato,"O time da casa, na partida transmitida para todo o país, foi rebaixado para a segunda divisão."
5695,Arbitragem,O juiz da partida aplicou o cartão vermelho na abertura da rodada.
5696,Torcida,A arquibancada aplaudiu o elenco após a derrota no jogo de ida.
5697,Mercado da bola,"No estádio lotado, o clube europeu apresentou o novo camisa 9."
5698,Imprensa,"O blogueiro esportivo, na noite de sábado, previu o título do líder."
5699,Categorias de base,O olheiro disputou a final do sub-17 aos 45 minutos do segundo tempo.
5700,Treinamento,"No estádio do rival, o fisiologista testou o meia na lateral."
5701,Partida,"Em meio à crise, o camisa 10 perdeu a chance de empatar."
5702,Categorias de base,A escolinha de futebol estreou com gol sob forte chuva.
5703,Mercado da bola,"No domingo à tarde, a diretoria pagou a multa rescisória."
5704,Partida,"Diante de 40 mil torcedores, o zagueiro finalizou na trave."
5705,Imprensa,A emissora de rádio entrevistou o presidente do clube na Arena da Baixada.
5706,Campeonato,O clube recém-promovido conquistou o acesso à Série A no estádio do rival.
5707,Imprensa,"Na rodada de domingo, o podcast de futebol narrou o golaço da rodada."
5708,Torcida,"Na partida transmitida para todo o país, a torcida organizada cantou sem parar."
5709,Categorias de base,"A escolinha de futebol, logo no primeiro minuto, revelou um goleiro de futuro."
5710,Torcida,"Na despedida do ídolo, a torcida visitante vaiou o árbitro."
5711,Campeonato,O líder do campeonato venceu o clássico regional na final da copa.
5712,Categorias de base,"A escolinha de futebol, em noite de casa cheia, conquistou o título estadual juvenil."
5713,Imprensa,A emissora de rádio previu o rebaixamento do clube no jogo de ida.
5714,Torcida,"Aos 45 minutos do segundo tempo, o torcedor vaiou o time na saída de campo."
5715,Torcida,A torcida mandante cantou durante os noventa minutos no domingo à tarde.
5716,Torcida,"No clássico de quarta-feira, o sócio-torcedor aplaudiu o goleiro."
5717,Imprensa,"Em noite de casa cheia, o blogueiro esportivo entrevistou o técnico."
5718,Arbitragem,"Durante a pré-temporada, o árbitro aplicou a lei da vantagem."
5719,Arbitragem,O assistente de vídeo revisou o lance no monitor em plena data FIFA.
5720,Treinamento,A comissão técnica liberou o atacante para o jogo em noite de casa cheia.
5721,Arbitragem,O juiz da partida expulsou o volante adversário no gramado encharcado.
5722,Partida,O atacante cabeceou por cima do travessão após o intervalo.
5723,Arbitragem,O assistente de vídeo revisou o toque de mão aos 45 minutos do segundo tempo.
5724,Torcida,"Na Arena da Baixada, a arquibancada aplaudiu o elenco após a derrota."
5725,Torcida,A charanga cantou o nome do ídolo na estreia do campeonato.
5726,Categorias de base,"A escolinha de futebol, pela primeira vez na temporada, impressionou os olheiros europeus."
5727,Torcida,A arquibancada fez um mosaico gigante na abertura da rodada.
5728,Arbitragem,"Na abertura da rodada, a árbitra deu a bola ao chão."
5729,Torcida,"A torcida organizada, em pleno feriado, cantou durante os noventa minutos."
5730,Arbitragem,O juiz da partida expulsou o técnico no último jogo do ano.
5731,Torcida,A torcida jovem comemorou a classificação na abertura da rodada.
5732,Partida,O ponta-direita marcou o gol da vitória pela primeira vez na temporada.
5733,Categorias de base,"A promessa do clube, antes do intervalo, foi promovido ao elenco principal."
5734,Torcida,A torcida visitante cantou durante os noventa minutos no clássico de quarta-feira.
5735,Partida,O atacante marcou dois gols na volta das férias.
5736,Partida,"Na partida transmitida para todo o país, o capitão do time deu uma assistência precisa."
5737,Categorias de base,"No segundo tempo, o garoto da base revelou um lateral promissor."
5738,Imprensa,"A emissora de rádio, no jogo do centenário do clube, previu o rebaixamento do clube."
5739,Partida,O capitão do time marcou o gol da vitória na noite de sábado.
5740,Partida,"O jogador reserva, nos acréscimos, cruzou na cabeça do centroavante."
5741,Imprensa,"Na reta final da temporada, o narrador noticiou a crise no vestiário."
5742,Arbitragem,O árbitro revisou a jogada do gol no jogo do returno.
5743,Torcida,"O grupo de torcedores, no meio da semana, aplaudiu a entrada do time em campo."
5744,Torcida,"No clássico de quarta-feira, o torcedor cantou durante os noventa minutos."
5745,Imprensa,"O blogueiro esportivo, pela primeira vez na temporada, noticiou a demissão do treinador."
5746,Partida,"Na abertura da rodada, o ponta-direita cabeceou após o escanteio."
5747,Categorias de base,O menino da comunidade disputou a semifinal do sub-20 no jogo do centenário do clube.
5748,Arbitragem,"O quarto árbitro, no gramado encharcado, ignorou o toque de mão."
5749,Arbitragem,"O bandeirinha, no jogo do returno, anulou o gol por impedimento."
5750,Arbitragem,"Pela primeira vez na temporada, o assistente de vídeo ignorou o toque de mão."
5751,Campeonato,O líder do campeonato venceu o confronto direto na abertura da rodada.
5752,Treinamento,O auxiliar técnico testou um novo esquema tático na partida transmitida para todo o país.
5753,Arbitragem,"Em pleno feriado, o árbitro principal marcou o tiro de meta."
5754,Torcida,"Durante a pré-temporada, o sócio-torcedor pediu a saída do técnico."
5755,Campeonato,"Depois de três derrotas seguidas, o time visitante eliminou o atual campeão."
5756,Imprensa,"O canal de esportes, antes do intervalo, elogiou a estreia do reforço."
5757,Torcida,"No último jogo do ano, o sócio-torcedor aplaudiu o elenco após a derrota."
5758,Categorias de base,"O treinador do sub-17, aos 45 minutos do segundo tempo, conquistou o título estadual juvenil."
5759,Mercado da bola,"Na Arena da Baixada, a diretoria anunciou a chegada do novo técnico."
5760,Partida,"O jogador reserva, no jogo de ida, deu uma assistência precisa."
5761,Torcida,O grupo de torcedores lotou o aeroporto no jogo de ida.
5762,Imprensa,O setorista noticiou a lesão do artilheiro no domingo à tarde.
5763,Categorias de base,A escolinha de futebol assinou com um clube europeu na rodada de domingo.
5764,Categorias de base,"O jovem goleiro, nos acréscimos, conquistou o título estadual juvenil."
5765,Torcida,"Em meio à crise, o torcedor cantou sem parar."
5766,Mercado da bola,"O clube europeu, no meio da semana, pagou as luvas do reforço."
5767,Torcida,A charanga cantou o hino do clube logo no primeiro minuto.
5768,Mercado da bola,"O diretor de futebol, na quarta-feira à noite, negociou a liberação do meia."
5769,Treinamento,"No jogo do returno, o coordenador técnico intensificou as cobranças de pênalti."
5770,Arbitragem,"A árbitra, após o intervalo, anulou o gol por falta no goleiro."
5771,Campeonato,O lanterna venceu o clássico regional no clássico de quarta-feira.
5772,Mercado da bola,O presidente do clube renovou o vínculo do capitão na volta das férias.
5773,Treinamento,"Logo no primeiro minuto, o técnico testou o jovem da base no time titular."
5774,Partida,O volante chutou cruzado para o gol após o intervalo.
5775,Campeonato,"Na volta das férias, o clube recém-promovido perdeu a liderança da tabela."
5776,Partida,"O meia-armador, pela primeira vez na temporada, cruzou para a área."
5777,Torcida,"A torcida visitante, no jogo do centenário do clube, vaiou o árbitro."
5778,Torcida,A torcida visitante fez um mosaico gigante diante de 40 mil torcedores.
5779,Mercado da bola,O presidente do clube recusou uma proposta milionária na rodada de domingo.
5780,Partida,"Na quarta-feira à noite, o jogador reserva sofreu uma lesão muscular."
5781,Partida,"Na Arena da Baixada, o jogador reserva marcou de pênalti."
5782,Torcida,"No domingo à tarde, o torcedor fez um mosaico gigante."
5783,Campeonato,"O time do interior, após o intervalo, perdeu a final nos pênaltis."
5784,Mercado da bola,"O presidente do clube, sob forte chuva, apresentou o reforço à torcida."
5785,Arbitragem,"O bandeirinha, depois de três derrotas seguidas, ignorou o toque de mão."
5786,Imprensa,"Antes do intervalo, o narrador narrou a decisão por pênaltis."
5787,Mercado da bola,O investidor da SAF renovou o contrato do goleiro no meio da semana.
5788,Partida,O volante cruzou rasteiro para o meio na rodada de domingo.
5789,Treinamento,O departamento médico ajustou a saída de bola no clássico de quarta-feira.
5790,Campeonato,"O lanterna, no estádio lotado, empatou com o rival."
5791,Imprensa,O canal de esportes previu uma goleada no clássico para delírio da torcida.
5792,Torcida,"Na rodada de domingo, o grupo de torcedores aplaudiu o goleiro."
5793,Partida,"Logo no primeiro minuto, o camisa 10 cabeceou após o escanteio."
5794,Torcida,"Nos acréscimos, a arquibancada lotou a frente do centro de treinamento."
5795,Campeonato,"O azarão da competição, no meio da semana, conquistou o acesso à Série A."
5796,Treinamento,"O analista de desempenho, na despedida do ídolo, comandou a atividade de finalização."
5797,Categorias de base,A promessa do clube revelou um lateral promissor na rodada de domingo.
5798,Imprensa,"No meio da semana, a emissora de rádio revelou o novo patrocinador."
5799,Arbitragem,O juiz da partida expulsou o zagueiro no gramado encharcado.
5800,Torcida,"O torcedor, pela primeira vez na temporada, cantou o nome do ídolo."
5801,Torcida,A charanga fez uma festa bonita aos 45 minutos do segundo tempo.
5802,Mercado da bola,"No estádio lotado, o clube árabe sondou um ponta do interior paulista."
5803,Categorias de base,"Na despedida do ídolo, o coordenador da base assinou o primeiro contrato profissional."
5804,Torcida,O sócio-torcedor comemorou o acesso à primeira divisão depois de três derrotas seguidas.
5805,Arbitragem,O árbitro principal anulou o gol por falta no goleiro na quarta-feira à noite.
5806,Mercado da bola,O clube árabe negociou a liberação do meia na reta final da temporada.
5807,Partida,"O atacante, em plena data FIFA, deu um chapéu no marcador."
5808,Categorias de base,A promessa do clube revelou um lateral promissor logo no primeiro minuto.
5809,Mercado da bola,"No estádio lotado, o clube rival renovou o vínculo do capitão."
5810,Arbitragem,O árbitro principal marcou o tiro de meta no estádio lotado.
5811,Arbitragem,"O juiz da partida, depois de três derrotas seguidas, ignorou o pedido de pênalti."
5812,Imprensa,"Fora de casa, a coluna do jornal previu uma goleada no clássico."
5813,Arbitragem,O árbitro revisou o lance no monitor na rodada de domingo.
5814,Treinamento,"No último jogo do ano, o analista de desempenho liberou o elenco para o fim de semana."
5815,Imprensa,"Após o intervalo, o narrador narrou a virada histórica."
5816,Partida,O volante finalizou por cobertura no gramado encharcado.
5817,Categorias de base,"Na quarta-feira à noite, o time sub-15 impressionou os olheiros europeus."
5818,Mercado da bola,"Fora de casa, o clube rival pagou a multa rescisória."
5819,Arbitragem,"A árbitra, no segundo tempo, deu o apito final."
5820,Arbitragem,O árbitro de vídeo revisou o toque de mão logo no primeiro minuto.
5821,Torcida,"A torcida jovem, logo no primeiro minuto, fez uma festa bonita."
5822,Torcida,"No último jogo do ano, a torcida jovem vaiou o time na saída de campo."
5823,Torcida,"O grupo de torcedores, antes do intervalo, comemorou o título estadual."
5824,Mercado da bola,A diretoria sondou o técnico da seleção na rodada de domingo.
5825,Imprensa,"Na quarta-feira à noite, o jornalista esportivo entrevistou o autor do gol."
5826,Torcida,"O torcedor mais antigo do clube, no confronto pela copa, aplaudiu a entrada do time em campo."
5827,Imprensa,"No clássico de quarta-feira, o comentarista entrevistou o técnico."
5828,Imprensa,"No jogo do returno, o narrador criticou a atuação do time."
5829,Campeonato,"No jogo do returno, o líder do campeonato venceu o confronto direto."
5830,Partida,"Em pleno feriado, o camisa 10 deu um chapéu no marcador."
5831,Mercado da bola,"O clube europeu, na final da copa, negociou a venda do jovem atacante."
5832,Campeonato,O time da casa empatou o jogo de ida no meio da semana.
5833,Arbitragem,O assistente de vídeo anulou o gol por impedimento depois de três derrotas seguidas.
5834,Partida,O ponta-direita perdeu a chance de empatar no confronto pela copa.
5835,Treinamento,"No confronto pela copa, o fisiologista intensificou as cobranças de pênalti."
5836,Arbitragem,O assistente de vídeo aplicou a lei da vantagem no jogo do returno.
5837,Campeonato,"O time da casa, antes do intervalo, eliminou o favorito ao título."
5838,Arbitragem,"Na final da copa, o assistente de vídeo anulou o gol por impedimento."
5839,Partida,O lateral-esquerdo deu uma assistência precisa na Arena da Baixada.
5840,Categorias de base,"O olheiro, na Arena da Baixada, conquistou o torneio internacional de base."
5841,Torcida,"O grupo de torcedores, no último jogo do ano, comemorou o título estadual."
5842,Torcida,"A torcida visitante, no jogo de ida, fez um mosaico gigante."
5843,Partida,O atacante deu um chapéu no marcador na decisão do estadual.
5844,Treinamento,O analista de desempenho intensificou as cobranças de pênalti no domingo à tarde.
5845,Treinamento,"No gramado encharcado, o fisiologista testou o meia na lateral."
5846,Treinamento,"O técnico, após o intervalo, ajustou o posicionamento da defesa."
5847,Imprensa,A emissora de rádio criticou a arbitragem no meio da semana.
5848,Torcida,A torcida jovem aplaudiu a homenagem ao ídolo na partida transmitida para todo o país.
5849,Treinamento,O preparador físico liberou o atacante para o jogo na noite de sábado.
5850,Torcida,A arquibancada vaiou o time na saída de campo no segundo tempo.
5851,Treinamento,O auxiliar técnico comandou o rachão no meio da semana.
5852,Partida,"O volante, nos acréscimos, chutou cruzado para o gol."
5853,Arbitragem,"Fora de casa, o quarto árbitro ignorou o pedido de pênalti."
5854,Mercado da bola,"Na decisão do estadual, o agente do jogador negociou a venda do jovem atacante."
5855,Mercado da bola,O gerente de futebol pagou a multa rescisória logo no primeiro minuto.
5856,Categorias de base,"Após o intervalo, o garoto da base disputou a peneira regional."
5857,Treinamento,"No meio da semana, o preparador de goleiros intensificou as cobranças de pênalti."
5858,Categorias de base,"O time sub-15, no jogo do returno, assinou com um clube europeu."
5859,Partida,O ponta-direita cabeceou para o fundo da rede na rodada de domingo.
5860,Mercado da bola,"O empresário, no meio da semana, anunciou um patrocínio master."
5861,Campeonato,"O clube recém-promovido, logo no primeiro minuto, eliminou o atual campeão."
5862,Mercado da bola,O investidor da SAF anunciou um patrocínio master na rodada de domingo.
5863,Torcida,A arquibancada fez uma grande recepção ao elenco na despedida do ídolo.
5864,Partida,"O zagueiro, depois de três derrotas seguidas, cruzou para a área."
5865,Campeonato,"O lanterna, logo no primeiro minuto, venceu a partida decisiva."
5866,Arbitragem,"O árbitro, em plena data FIFA, marcou o pênalti."
5867,Partida,"O meia-armador, em pleno feriado, chutou a bola para fora."
5868,Imprensa,"O jornalista esportivo, na final da copa, criticou a atuação do time."
5869,Arbitragem,"Nos acréscimos, o bandeirinha revisou a jogada do gol."
5870,Treinamento,"O técnico, no jogo do centenário do clube, fechou a escalação para o clássico."
5871,Partida,O volante marcou de pênalti no gramado encharcado.
5872,Treinamento,"A comissão técnica, em plena data FIFA, comandou o treino tático."
5873,Arbitragem,"Após o intervalo, a assistente deu a bola ao chão."
5874,Arbitragem,O bandeirinha marcou um escanteio duvidoso na final da copa.
5875,Partida,"O jogador reserva, durante a pré-temporada, marcou dois gols."
5876,Treinamento,"A comissão técnica, no jogo do centenário do clube, testou um novo esquema tático."
5877,Mercado da bola,"Antes do intervalo, o presidente do clube renovou o contrato do artilheiro."
5878,Partida,O meia-armador perdeu a chance de empatar após o intervalo.
5879,Categorias de base,"O treinador do sub-17, diante de 40 mil torcedores, disputou a final do sub-17."
5880,Mercado da bola,O diretor de futebol sondou um zagueiro do futebol argentino sob forte chuva.
5881,Torcida,"Na despedida do ídolo, o sócio-torcedor pediu mais raça aos jogadores."
5882,Arbitragem,"O árbitro principal, em plena data FIFA, deu o apito final."
5883,Torcida,"Na estreia do campeonato, o torcedor mais antigo do clube pediu a saída do técnico."
5884,Partida,"O capitão do time, antes do intervalo, chutou a bola no ângulo."
5885,Campeonato,"No gramado encharcado, o líder do campeonato garantiu a classificação para as quartas."
5886,Treinamento,O preparador físico ajustou a saída de bola no gramado encharcado.
5887,Categorias de base,"Na decisão do estadual, o coordenador da base disputou a semifinal do sub-20."
5888,Partida,"O ponta-direita, depois de três derrotas seguidas, marcou o gol de empate."
5889,Categorias de base,"Depois de três derrotas seguidas, o coordenador da base estreou no time profissional."
5890,Treinamento,"O analista de desempenho, na partida transmitida para todo o país, planejou a recuperação dos atletas."
5891,Arbitragem,O juiz da partida expulsou o zagueiro na reta final da temporada.
5892,Mercado da bola,"Nos acréscimos, o clube árabe recusou a oferta do rival."
5893,Partida,"Na Arena da Baixada, o centroavante cabeceou para o fundo da rede."
5894,Partida,"Na abertura da rodada, o centroavante cabeceou por cima do travessão."
5895,Categorias de base,"Em pleno feriado, o coordenador da base revelou um goleiro de futuro."
5896,Campeonato,"Na noite de sábado, o lanterna assumiu a vice-liderança."
5897,Arbitragem,"Na abertura da rodada, a equipe de arbitragem deu a bola ao chão."
5898,Partida,"O volante, no confronto pela copa, marcou de falta."
5899,Imprensa,A emissora de rádio elogiou o desempenho do goleiro na decisão do estadual.
5900,Categorias de base,"A promessa do clube, em meio à crise, revelou um lateral promissor."
5901,Partida,O zagueiro finalizou de primeira no jogo do centenário do clube.
5902,Torcida,O torcedor fez uma grande recepção ao elenco em meio à crise.
5903,Partida,"Na estreia do campeonato, o meia-armador deu um chapéu no marcador."
5904,Torcida,A charanga lotou a frente do centro de treinamento na partida transmitida para todo o país.
5905,Torcida,"Na rodada de domingo, o grupo de torcedores aplaudiu o elenco após a derrota."
5906,Partida,O lateral-esquerdo chutou cruzado para o gol na partida transmitida para todo o país.
5907,Partida,O capitão do time chutou cruzado para o gol no segundo tempo.
5908,Torcida,A arquibancada comemorou a classificação no jogo do returno.
5909,Arbitragem,"Logo no primeiro minuto, o árbitro de vídeo anulou o gol por impedimento."
5910,Torcida,A arquibancada vaiou o jogador adversário na estreia do campeonato.
5911,Imprensa,"O jornalista esportivo, em plena data FIFA, narrou a virada histórica."
5912,Campeonato,O clube recém-promovido perdeu a liderança da tabela no jogo de ida.
5913,Arbitragem,"No clássico de quarta-feira, a árbitra revisou a jogada do gol."
5914,Categorias de base,O coordenador da base impressionou os olheiros europeus na final da copa.
5915,Arbitragem,"Logo no primeiro minuto, o juiz da partida revisou o toque de mão."
5916,Categorias de base,O time sub-20 foi promovido ao elenco principal na reta final da temporada.
5917,Mercado da bola,"O clube árabe, durante a pré-temporada, recusou a troca de jogadores."
5918,Imprensa,O comentarista previu uma goleada no clássico diante de 40 mil torcedores.
5919,Imprensa,"A coluna do jornal, diante de 40 mil torcedores, criticou a arbitragem."
5920,Mercado da bola,"No estádio do rival, o empresário apresentou o reforço à torcida."
5921,Partida,"No domingo à tarde, o ponta-direita perdeu a chance de empatar."
5922,Mercado da bola,"A diretoria, antes do intervalo, sondou um ponta do interior paulista."
5923,Treinamento,"Após o intervalo, o analista de desempenho comandou o coletivo com os titulares."
5924,Arbitragem,O quarto árbitro expulsou o técnico em meio à crise.
5925,Treinamento,O treinador interino comandou a atividade de finalização fora de casa.
5926,Torcida,"Na rodada de domingo, o grupo de torcedores lotou o aeroporto."
5927,Torcida,"Em meio à crise, a charanga cantou sem parar."
5928,Partida,"O atacante, na Arena da Baixada, perdeu um gol feito."
5929,Campeonato,"O time da casa, na final da copa, venceu por goleada."
5930,Mercado da bola,O investidor da SAF negociou a contratação do volante na despedida do ídolo.
5931,Treinamento,"O auxiliar técnico, sob forte chuva, testou o meia na lateral."
5932,Imprensa,"No jogo de ida, a repórter de campo previu o título do líder."
5933,Campeonato,"O azarão da competição, logo no primeiro minuto, eliminou o atual campeão."
5934,Torcida,"Para delírio da torcida, a torcida jovem pediu a contratação de um centroavante."
5935,Torcida,"Na quarta-feira à noite, a torcida mandante fez um mosaico gigante."
5936,Torcida,"O torcedor, no domingo à tarde, aplaudiu a entrada do time em campo."
5937,Categorias de base,"Em pleno feriado, o garoto da base impressionou a comissão técnica."
5938,Mercado da bola,"O clube europeu, na abertura da rodada, anunciou a chegada do novo técnico."
5939,Arbitragem,"No estádio do rival, o quarto árbitro revisou o lance no monitor."
5940,Torcida,"A arquibancada, fora de casa, vaiou o árbitro."
5941,Torcida,"Na volta das férias, a arquibancada lotou o estádio."
5942,Treinamento,O técnico fechou a escalação para o clássico no domingo à tarde.
5943,Arbitragem,"Nos acréscimos, a equipe de arbitragem expulsou o técnico."
5944,Imprensa,"Nos acréscimos, o setorista noticiou a demissão do treinador."
5945,Torcida,"No confronto pela copa, o torcedor mais antigo do clube aplaudiu a entrada do time em campo."
5946,Mercado da bola,O empresário apresentou o novo uniforme na reta final da temporada.
5947,Partida,"Em plena data FIFA, o atacante chutou forte de fora da área."
5948,Arbitragem,"A equipe de arbitragem, na final da copa, anulou o gol por falta no goleiro."
5949,Partida,"Durante a pré-temporada, o atacante perdeu o pênalti."
5950,Partida,"No estádio lotado, o atacante marcou de falta."
5951,Campeonato,"Durante a pré-temporada, o time visitante empatou sem gols."
5952,Campeonato,"O azarão da competição, na partida transmitida para todo o país, venceu a partida decisiva."
5953,Treinamento,"Na partida transmitida para todo o país, o preparador físico comandou a atividade de finalização."
5954,Torcida,"A torcida organizada, depois de três derrotas seguidas, comemorou o gol da virada."
5955,Campeonato,O vice-líder conquistou a copa do estado no último jogo do ano.
5956,Partida,"Antes do intervalo, o atacante finalizou na trave."
5957,Partida,O ponta-direita marcou o gol da vitória na Arena da Baixada.
5958,Torcida,"Depois de três derrotas seguidas, a torcida mandante pediu mais raça aos jogadores."
5959,Mercado da bola,"O gerente de futebol, depois de três derrotas seguidas, recusou uma proposta milionária."
5960,Categorias de base,O jovem goleiro impressionou o técnico do profissional sob forte chuva.
5961,Campeonato,O clube recém-promovido empatou com o rival antes do intervalo.
5962,Partida,"O capitão do time, em meio à crise, chutou cruzado para o gol."
5963,Arbitragem,"Na partida transmitida para todo o país, o assistente de vídeo anulou o gol por impedimento."
5964,Partida,O ponta-direita deu um carrinho perfeito fora de casa.
5965,Partida,"Em meio à crise, o centroavante sofreu uma lesão muscular."
5966,Campeonato,O time visitante eliminou o atual campeão no meio da semana.
5967,Torcida,O torcedor mais antigo do clube pediu mais raça aos jogadores na reta final da temporada.
5968,Torcida,"No meio da semana, a torcida organizada fez um mosaico gigante."
5969,Imprensa,"A emissora de rádio, na partida transmitida para todo o país, criticou a atuação do time."
5970,Arbitragem,"O árbitro principal, diante de 40 mil torcedores, expulsou o técnico."
5971,Campeonato,"No gramado encharcado, o vice-líder assumiu a liderança da tabela."
5972,Partida,"O volante, para delírio da torcida, sofreu uma falta dura."
5973,Partida,O lateral-esquerdo deu um drible desconcertante em pleno feriado.
5974,Categorias de base,"Na Arena da Baixada, o jovem goleiro disputou a peneira regional."
5975,Treinamento,"Sob forte chuva, o coordenador técnico ajustou a bola parada."
5976,Mercado da bola,O agente do jogador negociou o empréstimo do lateral diante de 40 mil torcedores.
5977,Torcida,"Em pleno feriado, o torcedor mais antigo do clube comemorou a classificação."
5978,Imprensa,"Na decisão do estadual, o canal de esportes narrou o golaço da rodada."
5979,Torcida,"No domingo à tarde, a torcida organizada aplaudiu o elenco após a derrota."
5980,Treinamento,"Na volta das férias, o preparador físico ajustou a saída de bola."
5981,Imprensa,"A emissora de rádio, na estreia do campeonato, narrou o golaço da rodada."
5982,Categorias de base,"Antes do intervalo, o time sub-20 impressionou o técnico do profissional."
5983,Torcida,"No jogo do returno, a torcida jovem comemorou a classificação."
5984,Torcida,"Na final da copa, o sócio-torcedor pediu mais raça aos jogadores."
5985,Categorias de base,"Na volta das férias, o treinador do sub-17 estreou na seleção de base."
5986,Campeonato,"O líder do campeonato, na reta final da temporada, perdeu a invencibilidade."
5987,Categorias de base,"O time sub-20, na estreia do campeonato, conquistou o título estadual juvenil."
5988,Treinamento,"O preparador de goleiros, na reta final da temporada, ajustou a marcação por pressão."
5989,Mercado da bola,O investidor da SAF pagou as luvas do reforço em meio à crise.
5990,Campeonato,"Na abertura da rodada, o atual campeão eliminou o favorito ao título."
5991,Treinamento,"Depois de três derrotas seguidas, o treinador interino fechou a escalação para o clássico."
5992,Imprensa,O setorista previu o título do líder em noite de casa cheia.
5993,Treinamento,"No jogo do returno, o auxiliar técnico comandou a atividade de finalização."
5994,Categorias de base,"O jovem goleiro, em noite de casa cheia, assinou com um clube europeu."
5995,Arbitragem,O assistente de vídeo anulou o pênalti após revisão no clássico de quarta-feira.
5996,Campeonato,"Depois de três derrotas seguidas, o vice-líder garantiu a vaga na Libertadores."
5997,Mercado da bola,O clube rival negociou a liberação do meia na quarta-feira à noite.
5998,Categorias de base,"O time sub-15, em pleno feriado, impressionou a comissão técnica."
5999,Campeonato,"O vice-líder, fora de casa, venceu a partida decisiva."
6000,Partida,"Na Arena da Baixada, o volante sofreu uma falta dura."
6001,Treinamento,O coordenador técnico testou o meia na lateral em noite de casa cheia.
6002,Campeonato,"O lanterna, em noite de casa cheia, empatou o jogo de ida."
6003,Treinamento,O auxiliar técnico liberou o elenco para o fim de semana em pleno feriado.
6004,Categorias de base,"O time sub-20, no confronto pela copa, impressionou os olheiros europeus."
6005,Categorias de base,"O olheiro, no estádio lotado, revelou um novo talento."
6006,Partida,"O meia-armador, depois de três derrotas seguidas, finalizou com o pé esquerdo."
6007,Torcida,A torcida jovem aplaudiu o goleiro depois de três derrotas seguidas.
6008,Arbitragem,"O assistente de vídeo, na estreia do campeonato, marcou o impedimento."
6009,Torcida,"O torcedor, fora de casa, lotou o aeroporto."
6010,Partida,"Para delírio da torcida, o camisa 10 marcou de falta."
6011,Mercado da bola,"No último jogo do ano, o presidente do clube negociou a contratação do volante."
6012,Campeonato,"Em pleno feriado, o favorito ao título empatou o jogo de ida."
6013,Treinamento,"Nos acréscimos, o analista de desempenho testou um novo esquema tático."
6014,Imprensa,"Na noite de sábado, o canal de esportes narrou a virada histórica."
6015,Campeonato,O time da casa eliminou o atual campeão no domingo à tarde.
6016,Mercado da bola,"Durante a pré-temporada, o clube árabe pagou a primeira parcela da transferência."
6017,Torcida,"No clássico de quarta-feira, a arquibancada fez um mosaico gigante."
6018,Partida,"O centroavante, nos acréscimos, marcou o gol da vitória."
6019,Imprensa,"No segundo tempo, o podcast de futebol noticiou a crise no vestiário."
6020,Treinamento,"O técnico, sob forte chuva, planejou a sequência de jogos."
6021,Arbitragem,O árbitro de vídeo marcou a falta na entrada da área no estádio do rival.
6022,Arbitragem,"Nos acréscimos, o juiz da partida anulou o gol por impedimento."
6023,Mercado da bola,"No gramado encharcado, o diretor de futebol sondou o técnico da seleção."
6024,Partida,"O centroavante, no meio da semana, deu um chapéu no marcador."
6025,Mercado da bola,"Na despedida do ídolo, o presidente do clube sondou um ponta do interior paulista."
6026,Arbitragem,"O árbitro principal, na reta final da temporada, deu a bola ao chão."
6027,Arbitragem,"O bandeirinha, no confronto pela copa, marcou um escanteio duvidoso."
6028,Mercado da bola,O empresário anunciou a chegada do novo técnico diante de 40 mil torcedores.
6029,Treinamento,O auxiliar técnico comandou o rachão para delírio da torcida.
6030,Imprensa,"Na final da copa, a coluna do jornal noticiou a venda do atacante."
6031,Treinamento,"Na despedida do ídolo, o analista de desempenho ajustou a saída de bola."
6032,Imprensa,A emissora de rádio previu o título do líder no meio da semana.
6033,Mercado da bola,O diretor de futebol sondou um ponta do interior paulista na despedida do ídolo.
6034,Treinamento,"O analista de desempenho, na estreia do campeonato, testou três zagueiros."
6035,Treinamento,"Na quarta-feira à noite, o técnico fechou a escalação para o clássico."
6036,Categorias de base,O menino da comunidade estreou no time profissional no estádio lotado.
6037,Torcida,"Depois de três derrotas seguidas, o torcedor mais antigo do clube cantou sem parar."
6038,Arbitragem,"O bandeirinha, antes do intervalo, anulou o gol por impedimento."
6039,Torcida,"Antes do intervalo, a arquibancada fez um mosaico gigante."
6040,Mercado da bola,"O presidente do clube, na partida transmitida para todo o país, apresentou o novo uniforme."
6041,Mercado da bola,O investidor da SAF sondou o técnico da seleção no gramado encharcado.
6042,Partida,O centroavante chutou a bola no ângulo na decisão do estadual.
6043,Partida,"Nos acréscimos, o camisa 10 deu um chapéu no marcador."
6044,Torcida,"No estádio lotado, o torcedor pediu a contratação de um centroavante."
6045,Categorias de base,O jovem goleiro revelou um novo talento após o intervalo.
6046,Torcida,A torcida mandante fez uma festa bonita na partida transmitida para todo o país.
6047,Mercado da bola,"O gerente de futebol, em noite de casa cheia, sondou o técnico da seleção."
6048,Campeonato,"O líder do campeonato, na reta final da temporada, garantiu a permanência na primeira divisão."
6049,Torcida,A charanga cantou durante os noventa minutos na abertura da rodada.
6050,Arbitragem,O árbitro principal ignorou as reclamações do banco no gramado encharcado.
6051,Categorias de base,"Nos acréscimos, o menino da comunidade estreou no time profissional."
6052,Imprensa,"Na partida transmitida para todo o país, o podcast de futebol entrevistou o presidente do clube."
6053,Categorias de base,"O olheiro, para delírio da torcida, impressionou o técnico do profissional."
6054,Partida,"O meia-armador, no meio da semana, finalizou com o pé esquerdo."
6055,Imprensa,"A emissora de rádio, na rodada de domingo, entrevistou o autor do gol."
6056,Mercado da bola,"O clube rival, fora de casa, negociou a venda do jovem atacante."
6057,Imprensa,"A emissora de rádio, diante de 40 mil torcedores, noticiou a venda do atacante."
6058,Treinamento,"Na estreia do campeonato, a comissão técnica fechou o treino à imprensa."
6059,Torcida,"O torcedor mais antigo do clube, no segundo tempo, cantou durante os noventa minutos."
6060,Campeonato,"Na reta final da temporada, o lanterna assumiu a vice-liderança."
6061,Arbitragem,"A árbitra, fora de casa, revisou o lance no monitor."
6062,Arbitragem,"Em pleno feriado, o bandeirinha deu a bola ao chão."
6063,Treinamento,A comissão técnica intensificou as cobranças de pênalti após o intervalo.
6064,Torcida,"A arquibancada, pela primeira vez na temporada, lotou a frente do centro de treinamento."
6065,Arbitragem,"No gramado encharcado, o bandeirinha aplicou o cartão vermelho."
6066,Campeonato,O favorito ao título venceu a partida decisiva no segundo tempo.
6067,Torcida,A torcida mandante cantou durante os noventa minutos logo no primeiro minuto.
6068,Torcida,"No domingo à tarde, a torcida mandante comemorou o acesso à primeira divisão."
6069,Torcida,A torcida visitante vaiou a escalação do técnico em pleno feriado.
6070,Mercado da bola,O clube árabe pagou as luvas do reforço na abertura da rodada.
6071,Arbitragem,O quarto árbitro deu a bola ao chão na rodada de domingo.
6072,Categorias de base,"Na rodada de domingo, o olheiro revelou um lateral promissor."
6073,Torcida,"A charanga, no estádio lotado, vaiou o árbitro."
6074,Categorias de base,O time sub-20 impressionou os olheiros europeus na rodada de domingo.
6075,Partida,O camisa 10 deu um carrinho perfeito sob forte chuva.
6076,Torcida,A torcida jovem vaiou o time na saída de campo na abertura da rodada.
6077,Partida,"Aos 45 minutos do segundo tempo, o volante marcou de pênalti."
6078,Torcida,"Na volta das férias, a arquibancada comemorou a classificação."
6079,Imprensa,O narrador narrou a virada histórica antes do intervalo.
6080,Arbitragem,"A árbitra, na decisão do estadual, ignorou o pedido de pênalti."
6081,Campeonato,"O favorito ao título, em noite de casa cheia, perdeu a final nos pênaltis."
6082,Partida,"Na decisão do estadual, o centroavante cabeceou por cima do travessão."
6083,Campeonato,O clube recém-promovido perdeu a invencibilidade na despedida do ídolo.
6084,Categorias de base,"Diante de 40 mil torcedores, o menino da comunidade disputou a semifinal do sub-20."
6085,Mercado da bola,O diretor de futebol apresentou o novo uniforme na rodada de domingo.
6086,Torcida,"A torcida jovem, em noite de casa cheia, lotou o aeroporto."
6087,Arbitragem,O árbitro de vídeo aplicou o cartão amarelo no estádio do rival.
6088,Mercado da bola,O empresário sondou um ponta do interior paulista no segundo tempo.
6089,Campeonato,"O time visitante, na abertura da rodada, garantiu a classificação para as quartas."
6090,Imprensa,"A emissora de rádio, pela primeira vez na temporada, revelou os bastidores da negociação."
6091,Imprensa,"Sob forte chuva, o canal de esportes revelou os bastidores da negociação."
6092,Torcida,"O torcedor, na abertura da rodada, cantou o hino do clube."
6093,Partida,"Em pleno feriado, o atacante sofreu uma lesão muscular."
6094,Treinamento,O coordenador técnico planejou a recuperação dos atletas em pleno feriado.
6095,Partida,"O centroavante, durante a pré-temporada, marcou um golaço."
6096,Partida,"Na final da copa, o camisa 10 sofreu um pênalti."
6097,Imprensa,O canal de esportes criticou a arbitragem depois de três derrotas seguidas.
6098,Torcida,O grupo de torcedores pediu a saída do técnico no clássico de quarta-feira.
6099,Treinamento,O preparador físico planejou a recuperação dos atletas no jogo do returno.
6100,Torcida,"A torcida visitante, em plena data FIFA, lotou o estádio."
6101,Mercado da bola,"Na final da copa, o diretor de futebol anunciou a chegada do novo técnico."
6102,Partida,"O atacante, no estádio lotado, finalizou com o pé esquerdo."
6103,Campeonato,O favorito ao título eliminou o favorito ao título após o intervalo.
6104,Torcida,"A torcida mandante, no confronto pela copa, aplaudiu a entrada do time em campo."
6105,Categorias de base,O time sub-15 disputou a peneira regional no último jogo do ano.
6106,Partida,"O zagueiro, na noite de sábado, cruzou para a área."
6107,Categorias de base,O garoto da base foi promovido ao elenco principal no segundo tempo.
6108,Arbitragem,"No jogo do returno, o assistente de vídeo marcou um escanteio duvidoso."
6109,Treinamento,"Na Arena da Baixada, o técnico fechou a escalação para o clássico."
6110,Categorias de base,"A promessa do clube, na partida transmitida para todo o país, impressionou a comissão técnica."
6111,Campeonato,"O líder do campeonato, na volta das férias, venceu a partida decisiva."
6112,Partida,"O lateral-esquerdo, no estádio lotado, sofreu uma lesão muscular."
6113,Categorias de base,O jovem goleiro revelou um novo talento no confronto pela copa.
6114,Categorias de base,A promessa do clube conquistou o título estadual juvenil diante de 40 mil torcedores.
6115,Campeonato,O líder do campeonato empatou sem gols diante de 40 mil torcedores.
6116,Categorias de base,"Sob forte chuva, o garoto da base impressionou os olheiros europeus."
6117,Mercado da bola,"O agente do jogador, nos acréscimos, sondou um zagueiro do futebol argentino."
6118,Treinamento,"Durante a pré-temporada, o fisiologista ajustou a marcação por pressão."
6119,Treinamento,"A comissão técnica, em noite de casa cheia, testou um novo esquema tático."
6120,Imprensa,O comentarista revelou os bastidores da negociação nos acréscimos.
6121,Arbitragem,"Na estreia do campeonato, o assistente de vídeo marcou o impedimento."
6122,Partida,"Em meio à crise, o meia-armador perdeu um gol feito."
6123,Arbitragem,"O árbitro principal, após o intervalo, ignorou as reclamações do banco."
6124,Categorias de base,O time sub-15 revelou um goleiro de futuro diante de 40 mil torcedores.
6125,Campeonato,"No estádio lotado, o clube recém-promovido empatou com o rival."
6126,Categorias de base,"Na noite de sábado, a promessa do clube foi promovido ao elenco principal."
6127,Campeonato,"Nos acréscimos, o time do interior perdeu a invencibilidade."
6128,Categorias de base,"Pela primeira vez na temporada, a promessa do clube foi promovido ao time sub-20."
6129,Torcida,"Em meio à crise, a torcida mandante vaiou a escalação do técnico."
6130,Categorias de base,"No domingo à tarde, o jovem goleiro foi promovido ao time sub-20."
6131,Imprensa,"No estádio do rival, a emissora de rádio noticiou a venda do atacante."
6132,Categorias de base,"A promessa do clube, nos acréscimos, impressionou o técnico do profissional."
6133,Treinamento,"No jogo do centenário do clube, a comissão técnica comandou o treino tático."
6134,Campeonato,"O lanterna, sob forte chuva, empatou sem gols."
6135,Campeonato,"Depois de três derrotas seguidas, o atual campeão assumiu a vice-liderança."
6136,Categorias de base,O jovem goleiro conquistou o torneio internacional de base no último jogo do ano.
6137,Torcida,"No confronto pela copa, a torcida mandante aplaudiu o elenco após a derrota."
6138,Arbitragem,"Aos 45 minutos do segundo tempo, a equipe de arbitragem deu seis minutos de acréscimo."
6139,Arbitragem,"O assistente de vídeo, no último jogo do ano, marcou um escanteio duvidoso."
6140,Imprensa,"Em plena data FIFA, o narrador previu uma goleada no clássico."
6141,Torcida,"Nos acréscimos, o sócio-torcedor cantou o nome do ídolo."
6142,Treinamento,"Nos acréscimos, o analista de desempenho ajustou a saída de bola."
6143,Arbitragem,"A árbitra, na decisão do estadual, marcou o impedimento."
6144,Partida,"No jogo do centenário do clube, o zagueiro marcou o gol da vitória."
6145,Mercado da bola,"No domingo à tarde, o agente do jogador anunciou um patrocínio master."
6146,Mercado da bola,A diretoria anunciou um patrocínio master em meio à crise.
6147,Treinamento,O preparador de goleiros ajustou o posicionamento da defesa no jogo de ida.
6148,Torcida,"Sob forte chuva, a torcida visitante lotou o aeroporto."
6149,Campeonato,"Nos acréscimos, o favorito ao título garantiu a classificação para as quartas."
6150,Partida,"Na final da copa, o capitão do time cabeceou após o escanteio."
6151,Imprensa,O podcast de futebol criticou a arbitragem no meio da semana.
6152,Arbitragem,O assistente de vídeo expulsou o volante adversário fora de casa.
6153,Campeonato,O lanterna venceu o confronto direto no domingo à tarde.
6154,Arbitragem,"Depois de três derrotas seguidas, a árbitra anulou o pênalti após revisão."
6155,Treinamento,"O coordenador técnico, no meio da semana, testou o meia na lateral."
6156,Treinamento,O coordenador técnico intensificou o trabalho físico no jogo do returno.
6157,Partida,"Logo no primeiro minuto, o ponta-direita perdeu o pênalti."
6158,Campeonato,"Para delírio da torcida, o time do interior empatou o jogo de ida."
6159,Categorias de base,O coordenador da base estreou no time profissional após o intervalo.
6160,Partida,"No estádio lotado, o jogador reserva marcou de pênalti."
6161,Imprensa,"A emissora de rádio, pela primeira vez na temporada, criticou o esquema tático."
6162,Mercado da bola,"O diretor de futebol, em meio à crise, sondou um zagueiro do futebol argentino."
6163,Imprensa,A coluna do jornal criticou a arbitragem em pleno feriado.
6164,Categorias de base,"A escolinha de futebol, na partida transmitida para todo o país, impressionou os olheiros europeus."
6165,Arbitragem,"No estádio do rival, a árbitra anulou o gol por falta no goleiro."
6166,Treinamento,"No segundo tempo, o auxiliar técnico comandou a atividade de finalização."
6167,Campeonato,O líder do campeonato conquistou a copa do estado no meio da semana.
6168,Torcida,A torcida organizada aplaudiu o elenco após a derrota no estádio do rival.
6169,Partida,O jogador reserva perdeu a chance de empatar no domingo à tarde.
6170,Partida,O capitão do time deu um drible desconcertante depois de três derrotas seguidas.
6171,Partida,"O zagueiro, no estádio lotado, chutou cruzado para o gol."
6172,Torcida,O torcedor lotou o aeroporto em noite de casa cheia.
6173,Partida,"O centroavante, no jogo do returno, perdeu o pênalti."
6174,Categorias de base,"Para delírio da torcida, o menino da comunidade estreou com gol."
6175,Imprensa,"A repórter de campo, diante de 40 mil torcedores, noticiou a lesão do artilheiro."
6176,Categorias de base,"Sob forte chuva, o time sub-15 impressionou o técnico do profissional."
6177,Mercado da bola,"No domingo à tarde, o clube europeu renovou o contrato do artilheiro."
6178,Campeonato,"Fora de casa, o favorito ao título conquistou o acesso à Série A."
6179,Arbitragem,"O árbitro principal, sob forte chuva, anulou o gol por impedimento."
6180,Campeonato,"Na final da copa, o lanterna venceu a partida decisiva."
6181,Mercado da bola,"A diretoria, na rodada de domingo, sondou um zagueiro do futebol argentino."
6182,Mercado da bola,"O clube rival, na reta final da temporada, negociou a liberação do meia."
6183,Mercado da bola,"Depois de três derrotas seguidas, o agente do jogador apresentou o novo uniforme."
6184,Mercado da bola,"O clube árabe, na estreia do campeonato, pagou a multa rescisória."
6185,Campeonato,"Em meio à crise, o time do interior conquistou o título nacional."
6186,Arbitragem,O árbitro de vídeo marcou o impedimento após o intervalo.
6187,Partida,"No jogo de ida, o meia-armador sofreu uma falta dura."
6188,Partida,"O camisa 10, no confronto pela copa, cruzou para a área."
6189,Mercado da bola,"O agente do jogador, na despedida do ídolo, negociou a venda do jovem atacante."
6190,Mercado da bola,"Diante de 40 mil torcedores, a diretoria apresentou o novo camisa 9."
6191,Partida,O jogador reserva cabeceou por cima do travessão na final da copa.
6192,Mercado da bola,"No jogo do centenário do clube, o clube rival apresentou o reforço à torcida."
6193,Torcida,"A torcida jovem, sob forte chuva, vaiou o time na saída de campo."
6194,Torcida,"A torcida organizada, no confronto pela copa, cantou sem parar."
6195,Arbitragem,O juiz da partida marcou o impedimento no domingo à tarde.
6196,Campeonato,"O líder do campeonato, no jogo do centenário do clube, perdeu a final nos pênaltis."
6197,Torcida,A torcida jovem fez um protesto pacífico durante a pré-temporada.
6198,Campeonato,"No último jogo do ano, o time do interior empatou o jogo de ida."
6199,Campeonato,"Em noite de casa cheia, o azarão da competição eliminou o atual campeão."
6200,Imprensa,A coluna do jornal narrou o golaço da rodada na reta final da temporada.
6201,Imprensa,"O jornalista esportivo, logo no primeiro minuto, entrevistou o técnico."
6202,Torcida,O torcedor mais antigo do clube fez um protesto pacífico na reta final da temporada.
6203,Imprensa,"A coluna do jornal, no clássico de quarta-feira, noticiou a demissão do treinador."
6204,Campeonato,"Aos 45 minutos do segundo tempo, o time visitante eliminou o atual campeão."
6205,Campeonato,"O time visitante, sob forte chuva, venceu o confronto direto."
6206,Categorias de base,"Em plena data FIFA, o menino da comunidade disputou a final do sub-17."
6207,Arbitragem,"Aos 45 minutos do segundo tempo, o assistente de vídeo expulsou o volante adversário."
6208,Arbitragem,"O quarto árbitro, em noite de casa cheia, revisou o toque de mão."
6209,Mercado da bola,O clube árabe renovou o contrato do artilheiro no jogo do centenário do clube.
6210,Partida,"Na abertura da rodada, o capitão do time deu um drible desconcertante."
6211,Arbitragem,"A árbitra, em meio à crise, expulsou o zagueiro."
6212,Treinamento,"Na decisão do estadual, o preparador de goleiros intensificou os treinos de finalização."
6213,Imprensa,"Na volta das férias, o podcast de futebol noticiou a demissão do treinador."
6214,Treinamento,O técnico ajustou a saída de bola na quarta-feira à noite.
6215,Torcida,"A torcida organizada, em pleno feriado, cantou o hino do clube."
6216,Arbitragem,"A equipe de arbitragem, em plena data FIFA, anulou o gol por falta no goleiro."
6217,Mercado da bola,O presidente do clube pagou a primeira parcela da transferência na rodada de domingo.
6218,Torcida,"A torcida mandante, no jogo de ida, comemorou o título estadual."
6219,Torcida,"A torcida visitante, na reta final da temporada, vaiou o árbitro."
6220,Torcida,"No domingo à tarde, a torcida jovem fez uma festa bonita."
6221,Categorias de base,O time sub-15 revelou um novo talento no último jogo do ano.
6222,Torcida,O torcedor mais antigo do clube vaiou o jogador adversário na rodada de domingo.
6223,Campeonato,"Em plena data FIFA, o time visitante garantiu a permanência na primeira divisão."
6224,Treinamento,"O analista de desempenho, na noite de sábado, comandou o treino tático."
6225,Torcida,"No estádio lotado, a charanga vaiou o jogador adversário."
6226,Partida,"Em meio à crise, o lateral-esquerdo deu uma assistência precisa."
6227,Mercado da bola,"O investidor da SAF, durante a pré-temporada, pagou a multa rescisória."
6228,Categorias de base,"O garoto da base, no jogo de ida, conquistou a Copinha."
6229,Categorias de base,"Em noite de casa cheia, o time sub-15 revelou um lateral promissor."
6230,Arbitragem,A árbitra deu a bola ao chão no clássico de quarta-feira.
6231,Categorias de base,"O coordenador da base, pela primeira vez na temporada, estreou com gol."
6232,Categorias de base,"Logo no primeiro minuto, o garoto da base estreou na seleção de base."
6233,Treinamento,O coordenador técnico liberou o atacante para o jogo no jogo do centenário do clube.
6234,Campeonato,"No jogo do returno, o líder do campeonato perdeu a final nos pênaltis."
6235,Treinamento,O preparador físico comandou a atividade de finalização no clássico de quarta-feira.
6236,Imprensa,"O canal de esportes, no segundo tempo, elogiou o trabalho do técnico."
6237,Imprensa,A coluna do jornal criticou a escalação inicial em plena data FIFA.
6238,Imprensa,O setorista elogiou a estreia do reforço na decisão do estadual.
6239,Mercado da bola,"A diretoria, na rodada de domingo, apresentou o novo uniforme."
6240,Torcida,A torcida jovem pediu a saída do técnico para delírio da torcida.
6241,Torcida,O torcedor aplaudiu a entrada do time em campo no gramado encharcado.
6242,Arbitragem,"Na noite de sábado, o bandeirinha aplicou o cartão amarelo."
6243,Imprensa,"O narrador, na Arena da Baixada, revelou a escalação do clássico."
6244,Partida,"Na quarta-feira à noite, o lateral-esquerdo marcou o gol de empate."
6245,Arbitragem,"A equipe de arbitragem, fora de casa, aplicou o cartão amarelo."
6246,Categorias de base,"O coordenador da base, nos acréscimos, assinou o primeiro contrato profissional."
6247,Mercado da bola,"O agente do jogador, antes do intervalo, negociou o empréstimo do lateral."
6248,Campeonato,"Em meio à crise, o time visitante empatou o jogo de ida."
6249,Mercado da bola,O agente do jogador anunciou um patrocínio master no estádio do rival.
6250,Imprensa,"O blogueiro esportivo, na abertura da rodada, noticiou a venda do atacante."
6251,Partida,"O meia-armador, no jogo do returno, marcou dois gols."
6252,Categorias de base,"Em noite de casa cheia, o olheiro revelou um lateral promissor."
6253,Mercado da bola,"Na final da copa, o investidor da SAF sondou um zagueiro do futebol argentino."
6254,Partida,"Na Arena da Baixada, o lateral-esquerdo marcou o gol da vitória."
6255,Partida,"Na rodada de domingo, o atacante chutou a bola para fora."
6256,Categorias de base,"Depois de três derrotas seguidas, o garoto da base estreou no time profissional."
6257,Treinamento,"O auxiliar técnico, no jogo de ida, planejou a pré-temporada."
6258,Torcida,"Na estreia do campeonato, a charanga aplaudiu a homenagem ao ídolo."
6259,Imprensa,A coluna do jornal narrou a virada histórica pela primeira vez na temporada.
6260,Mercado da bola,O diretor de futebol renovou o contrato do goleiro em plena data FIFA.
6261,Imprensa,O podcast de futebol previu uma goleada no clássico depois de três derrotas seguidas.
6262,Mercado da bola,"Logo no primeiro minuto, o diretor de futebol recusou a troca de jogadores."
6263,Partida,O capitão do time sofreu uma falta dura na despedida do ídolo.
6264,Partida,"Na reta final da temporada, o ponta-direita cabeceou no canto do goleiro."
6265,Treinamento,"Na reta final da temporada, o departamento médico fechou a escalação para o clássico."
6266,Partida,"O jogador reserva, em noite de casa cheia, cabeceou para o fundo da rede."
6267,Imprensa,"O jornalista esportivo, no domingo à tarde, previu o rebaixamento do clube."
6268,Categorias de base,"Logo no primeiro minuto, o treinador do sub-17 estreou na seleção de base."
6269,Imprensa,"O canal de esportes, na final da copa, entrevistou o capitão."
6270,Campeonato,"O atual campeão, diante de 40 mil torcedores, eliminou o atual campeão."
6271,Arbitragem,"A árbitra, no confronto pela copa, revisou o lance no monitor."
6272,Partida,"O jogador reserva, no clássico de quarta-feira, sofreu um pênalti."
6273,Arbitragem,A assistente deu a bola ao chão no estádio do rival.
6274,Treinamento,O preparador físico planejou a sequência de jogos na reta final da temporada.
6275,Campeonato,O atual campeão perdeu a liderança da tabela no estádio do rival.
6276,Torcida,"A torcida jovem, nos acréscimos, pediu a contratação de um centroavante."
6277,Imprensa,"O comentarista, nos acréscimos, criticou a atuação do time."
6278,Torcida,A charanga comemorou o gol da virada para delírio da torcida.
6279,Torcida,"O sócio-torcedor, na rodada de domingo, fez uma festa bonita."
6280,Arbitragem,"A assistente, sob forte chuva, expulsou o volante adversário."
6281,Torcida,A arquibancada vaiou o jogador adversário em pleno feriado.
6282,Arbitragem,"Em pleno feriado, o árbitro principal revisou o toque de mão."
6283,Arbitragem,"No estádio lotado, a assistente ignorou o toque de mão."
6284,Imprensa,"No estádio do rival, a emissora de rádio narrou o golaço da rodada."
6285,Campeonato,"Na abertura da rodada, o time do interior garantiu a permanência na primeira divisão."
6286,Treinamento,"A comissão técnica, antes do intervalo, ajustou o posicionamento da defesa."
6287,Torcida,"Antes do intervalo, o sócio-torcedor cantou durante os noventa minutos."
6288,Partida,"O atacante, na despedida do ídolo, chutou a bola para fora."
6289,Categorias de base,A promessa do clube revelou um novo talento fora de casa.
6290,Categorias de base,A promessa do clube impressionou os olheiros europeus no jogo do returno.
6291,Treinamento,O departamento médico liberou o elenco para o fim de semana em plena data FIFA.
6292,Torcida,A torcida mandante fez uma grande recepção ao elenco fora de casa.
6293,Campeonato,O vice-líder garantiu a classificação para as quartas na quarta-feira à noite.
6294,Torcida,"A torcida mandante, aos 45 minutos do segundo tempo, cantou o hino do clube."
6295,Treinamento,"O analista de desempenho, na final da copa, liberou o lateral após exames."
6296,Torcida,A arquibancada cantou durante os noventa minutos no último jogo do ano.
6297,Arbitragem,"No estádio lotado, o juiz da partida marcou o tiro de meta."
6298,Campeonato,"No meio da semana, o atual campeão perdeu a invencibilidade."
6299,Imprensa,"Na quarta-feira à noite, a repórter de campo previu o título do líder."
6300,Partida,O jogador reserva chutou a bola no ângulo na noite de sábado.
6301,Treinamento,"Na noite de sábado, o fisiologista comandou o rachão."
6302,Partida,"O volante, em noite de casa cheia, perdeu a chance de empatar."
6303,Partida,"Em plena data FIFA, o jogador reserva chutou forte de fora da área."
6304,Imprensa,A repórter de campo entrevistou o técnico na final da copa.
6305,Campeonato,O azarão da competição assumiu a vice-liderança no estádio do rival.
6306,Campeonato,"No jogo do centenário do clube, o time visitante conquistou o acesso à Série A."
6307,Torcida,"A torcida organizada, no domingo à tarde, fez uma grande recepção ao elenco."
6308,Arbitragem,"No último jogo do ano, a equipe de arbitragem ignorou o toque de mão."
6309,Mercado da bola,"O investidor da SAF, na volta das férias, anunciou um patrocínio master."
6310,Torcida,"Para delírio da torcida, a torcida mandante vaiou o jogador adversário."
6311,Mercado da bola,"Durante a pré-temporada, o clube rival recusou a troca de jogadores."
6312,Campeonato,O vice-líder foi rebaixado para a segunda divisão em noite de casa cheia.
6313,Arbitragem,A equipe de arbitragem aplicou o cartão amarelo na estreia do campeonato.
6314,Partida,"O capitão do time, durante a pré-temporada, deu um carrinho perfeito."
6315,Campeonato,"Durante a pré-temporada, o favorito ao título conquistou a copa do estado."
6316,Arbitragem,"O juiz da partida, no estádio do rival, anulou o gol por falta no goleiro."
6317,Torcida,"Na Arena da Baixada, o grupo de torcedores fez um protesto pacífico."
6318,Torcida,"No segundo tempo, a torcida jovem fez um protesto pacífico."
6319,Mercado da bola,A diretoria recusou uma proposta milionária no jogo do returno.
6320,Imprensa,"No clássico de quarta-feira, o canal de esportes elogiou o desempenho do goleiro."
6321,Partida,"Após o intervalo, o jogador reserva cabeceou por cima do travessão."
6322,Mercado da bola,O clube europeu renovou o vínculo do capitão na quarta-feira à noite.
6323,Treinamento,"O fisiologista, no jogo do centenário do clube, ajustou a marcação por pressão."
6324,Arbitragem,"No estádio lotado, o árbitro marcou um escanteio duvidoso."
6325,Imprensa,"O blogueiro esportivo, na Arena da Baixada, criticou a arbitragem."
6326,Treinamento,"O técnico, sob forte chuva, fechou a escalação para o clássico."
6327,Arbitragem,O assistente de vídeo marcou um escanteio duvidoso em meio à crise.
6328,Campeonato,"No clássico de quarta-feira, o lanterna perdeu a liderança da tabela."
6329,Categorias de base,"Nos acréscimos, o time sub-20 impressionou a comissão técnica."
6330,Mercado da bola,O investidor da SAF anunciou a saída do capitão no estádio lotado.
6331,Mercado da bola,"Diante de 40 mil torcedores, o gerente de futebol sondou o técnico da seleção."
6332,Arbitragem,"O assistente de vídeo, em pleno feriado, anulou o gol por impedimento."
6333,Torcida,O sócio-torcedor lotou a frente do centro de treinamento no jogo do centenário do clube.
6334,Mercado da bola,"Após o intervalo, o clube árabe apresentou o novo uniforme."
6335,Mercado da bola,A diretoria pagou a multa rescisória no jogo do centenário do clube.
6336,Campeonato,"O time do interior, na final da copa, empatou sem gols."
6337,Imprensa,"O blogueiro esportivo, no jogo do returno, elogiou a estreia do reforço."
6338,Categorias de base,O time sub-15 estreou na seleção de base na reta final da temporada.
6339,Torcida,"A charanga, logo no primeiro minuto, pediu a saída do técnico."
6340,Campeonato,"O azarão da competição, na quarta-feira à noite, empatou o jogo de ida."
6341,Torcida,A torcida jovem aplaudiu a homenagem ao ídolo na estreia do campeonato.
6342,Mercado da bola,"O investidor da SAF, no estádio lotado, apresentou o novo uniforme."
6343,Torcida,"No gramado encharcado, o sócio-torcedor aplaudiu a homenagem ao ídolo."
6344,Treinamento,O fisiologista intensificou o trabalho físico no confronto pela copa.
6345,Treinamento,"A comissão técnica, na noite de sábado, intensificou as cobranças de pênalti."
6346,Torcida,"No jogo de ida, a torcida visitante lotou o aeroporto."
6347,Campeonato,"No último jogo do ano, o clube recém-promovido eliminou o atual campeão."
6348,Imprensa,O canal de esportes elogiou a postura do time no jogo do centenário do clube.
6349,Campeonato,"Na estreia do campeonato, o azarão da competição garantiu a permanência na primeira divisão."
6350,Partida,"Diante de 40 mil torcedores, o atacante deu um chapéu no marcador."
6351,Campeonato,"O favorito ao título, no confronto pela copa, conquistou o acesso à Série A."
6352,Torcida,O torcedor aplaudiu o elenco após a derrota durante a pré-temporada.
6353,Partida,"Em pleno feriado, o jogador reserva perdeu o pênalti."
6354,Imprensa,A repórter de campo previu o rebaixamento do clube durante a pré-temporada.
6355,Torcida,"O torcedor, na volta das férias, fez uma grande recepção ao elenco."
6356,Categorias de base,"O time sub-20, aos 45 minutos do segundo tempo, revelou um novo talento."
6357,Partida,"Após o intervalo, o zagueiro chutou forte de fora da área."
6358,Partida,"Na partida transmitida para todo o país, o zagueiro marcou o gol da vitória."
6359,Imprensa,O blogueiro esportivo criticou a escalação inicial após o intervalo.
6360,Torcida,A torcida organizada comemorou o título estadual no meio da semana.
6361,Imprensa,A repórter de campo noticiou a lesão do artilheiro na abertura da rodada.
6362,Imprensa,O jornalista esportivo criticou a atuação do time durante a pré-temporada.
6363,Mercado da bola,"No último jogo do ano, o empresário recusou a troca de jogadores."
6364,Mercado da bola,"Pela primeira vez na temporada, o investidor da SAF apresentou o reforço à torcida."
6365,Partida,O meia-armador marcou o gol de empate no jogo do returno.
6366,Arbitragem,"Em pleno feriado, o juiz da partida anulou o gol por impedimento."
6367,Arbitragem,A árbitra marcou o tiro de meta no domingo à tarde.
6368,Mercado da bola,"O empresário, na reta final da temporada, renovou o contrato do goleiro."
6369,Mercado da bola,"Durante a pré-temporada, o agente do jogador recusou a troca de jogadores."
6370,Treinamento,"O técnico, durante a pré-temporada, comandou o coletivo com os titulares."
6371,Partida,O volante perdeu o pênalti aos 45 minutos do segundo tempo.
6372,Categorias de base,"Logo no primeiro minuto, o garoto da base conquistou a Copinha."
6373,Arbitragem,"Na estreia do campeonato, o quarto árbitro revisou o lance no monitor."
6374,Torcida,"O torcedor, em meio à crise, comemorou a classificação."
6375,Partida,"Após o intervalo, o ponta-direita cabeceou para o fundo da rede."
6376,Campeonato,O time visitante garantiu a vaga na Libertadores sob forte chuva.
6377,Partida,O atacante sofreu um pênalti no segundo tempo.
6378,Campeonato,"Para delírio da torcida, o time visitante eliminou o favorito ao título."
6379,Categorias de base,"A promessa do clube, na despedida do ídolo, disputou a peneira regional."
6380,Torcida,"Na final da copa, o sócio-torcedor comemorou a classificação."
6381,Treinamento,"O coordenador técnico, na estreia do campeonato, ajustou a saída de bola."
6382,Treinamento,"Na partida transmitida para todo o país, o departamento médico intensificou o trabalho físico."
6383,Mercado da bola,"O presidente do clube, no confronto pela copa, anunciou a saída do capitão."
6384,Arbitragem,"A assistente, no domingo à tarde, anulou o gol por falta no goleiro."
6385,Imprensa,"Pela primeira vez na temporada, o narrador noticiou a venda do atacante."
6386,Campeonato,"Na volta das férias, o favorito ao título conquistou a copa do estado."
6387,Treinamento,"Depois de três derrotas seguidas, o coordenador técnico liberou o elenco para o fim de semana."
6388,Torcida,"Em pleno feriado, a torcida jovem aplaudiu a homenagem ao ídolo."
6389,Imprensa,"O narrador, na volta das férias, entrevistou o autor do gol."
6390,Imprensa,"O blogueiro esportivo, em meio à crise, previu o título do líder."
6391,Partida,"O jogador reserva, no estádio lotado, deu uma assistência precisa."
6392,Categorias de base,"O jovem goleiro, na abertura da rodada, conquistou a Copinha."
6393,Treinamento,O departamento médico fechou a escalação para o clássico no meio da semana.
6394,Partida,O lateral-esquerdo marcou um golaço no jogo do centenário do clube.
6395,Partida,"O camisa 10, em noite de casa cheia, cruzou na cabeça do centroavante."
6396,Campeonato,O líder do campeonato empatou com o rival no estádio lotado.
6397,Campeonato,"No clássico de quarta-feira, o time do interior perdeu a liderança da tabela."
6398,Partida,O zagueiro sofreu um pênalti fora de casa.
6399,Imprensa,O canal de esportes revelou a escalação do clássico em meio à crise.
6400,Partida,"O capitão do time, em noite de casa cheia, marcou dois gols."
6401,Imprensa,O canal de esportes previu o título do líder na reta final da temporada.
6402,Treinamento,"O treinador interino, na final da copa, planejou a recuperação dos atletas."
6403,Partida,O centroavante marcou o gol da vitória no estádio lotado.
6404,Campeonato,"Na final da copa, o lanterna empatou com o rival."
6405,Arbitragem,A equipe de arbitragem expulsou o volante adversário aos 45 minutos do segundo tempo.
6406,Mercado da bola,"O clube rival, nos acréscimos, recusou a oferta do rival."
6407,Arbitragem,"O quarto árbitro, na volta das férias, expulsou o zagueiro."
6408,Imprensa,"No jogo de ida, a coluna do jornal elogiou a estreia do reforço."
6409,Campeonato,"No segundo tempo, o time do interior eliminou o atual campeão."
6410,Campeonato,"No último jogo do ano, o atual campeão empatou sem gols."
6411,Campeonato,O clube recém-promovido garantiu a vaga na Libertadores sob forte chuva.
6412,Treinamento,"Diante de 40 mil torcedores, o preparador de goleiros planejou a sequência de jogos."
6413,Mercado da bola,"O clube europeu, no domingo à tarde, apresentou o novo uniforme."
6414,Categorias de base,O treinador do sub-17 assinou com um clube europeu no jogo do returno.
6415,Torcida,A torcida mandante lotou o estádio no gramado encharcado.
6416,Arbitragem,"Para delírio da torcida, o árbitro de vídeo revisou o lance no monitor."
6417,Imprensa,"Na abertura da rodada, o canal de esportes revelou a escalação do clássico."
6418,Campeonato,O azarão da competição perdeu a invencibilidade no jogo de ida.
6419,Partida,"O volante, no gramado encharcado, finalizou rente à trave."
6420,Arbitragem,"O assistente de vídeo, sob forte chuva, aplicou o cartão amarelo."
6421,Partida,O atacante deu um chapéu no marcador depois de três derrotas seguidas.
6422,Imprensa,A coluna do jornal criticou a atuação do time pela primeira vez na temporada.
6423,Treinamento,"Na final da copa, o preparador de goleiros liberou o elenco para o fim de semana."
6424,Partida,"Em plena data FIFA, o lateral-esquerdo cruzou na cabeça do centroavante."
6425,Mercado da bola,A diretoria anunciou o reforço para a temporada depois de três derrotas seguidas.
6426,Treinamento,"O departamento médico, em plena data FIFA, planejou a pré-temporada."
6427,Partida,"O jogador reserva, após o intervalo, deu um chapéu no marcador."
6428,Arbitragem,"No domingo à tarde, o árbitro principal deu a bola ao chão."
6429,Partida,O centroavante deu um chapéu no marcador na noite de sábado.
6430,Torcida,"A arquibancada, antes do intervalo, aplaudiu o goleiro."
6431,Partida,"O zagueiro, após o intervalo, finalizou por cobertura."
6432,Treinamento,"Durante a pré-temporada, a comissão técnica testou o meia na lateral."
6433,Categorias de base,"Na decisão do estadual, o garoto da base assinou com um clube europeu."
6434,Mercado da bola,"Na decisão do estadual, a diretoria sondou um ponta do interior paulista."
6435,Treinamento,A comissão técnica fechou o treino à imprensa em noite de casa cheia.
6436,Torcida,"O torcedor mais antigo do clube, no jogo do returno, comemorou o gol da virada."
6437,Categorias de base,"O olheiro, na noite de sábado, impressionou o técnico do profissional."
6438,Partida,"O atacante, na decisão do estadual, marcou de falta."
6439,Torcida,"O torcedor mais antigo do clube, depois de três derrotas seguidas, cantou o hino do clube."
6440,Mercado da bola,"O diretor de futebol, no jogo de ida, pagou a multa rescisória."
6441,Arbitragem,"O quarto árbitro, no estádio do rival, revisou o toque de mão."
6442,Categorias de base,"O time sub-20, na decisão do estadual, conquistou a Copinha."
6443,Mercado da bola,"Nos acréscimos, o clube rival pagou as luvas do reforço."
6444,Torcida,"Em noite de casa cheia, a arquibancada comemorou o título estadual."
6445,Arbitragem,A equipe de arbitragem aplicou a lei da vantagem na final da copa.
6446,Torcida,O grupo de torcedores fez um mosaico gigante sob forte chuva.
6447,Mercado da bola,"O investidor da SAF, na quarta-feira à noite, renovou o vínculo do capitão."
6448,Partida,O meia-armador perdeu a chance de empatar na volta das férias.
6449,Partida,"O atacante, no último jogo do ano, deu um chapéu no marcador."
6450,Arbitragem,"Durante a pré-temporada, a assistente aplicou o cartão vermelho."
6451,Mercado da bola,O clube árabe anunciou um patrocínio master na reta final da temporada.
6452,Mercado da bola,"O presidente do clube, na reta final da temporada, anunciou um patrocínio master."
6453,Categorias de base,"O time sub-15, fora de casa, impressionou o técnico do profissional."
6454,Partida,"Na Arena da Baixada, o meia-armador marcou o gol de empate."
6455,Torcida,"No jogo do returno, o sócio-torcedor pediu mais raça aos jogadores."
6456,Arbitragem,O quarto árbitro marcou o pênalti depois de três derrotas seguidas.
6457,Partida,"Em plena data FIFA, o meia-armador chutou a bola no ângulo."
6458,Mercado da bola,"Durante a pré-temporada, o diretor de futebol recusou uma proposta milionária."
6459,Partida,"Após o intervalo, o volante finalizou rente à trave."
6460,Torcida,"No jogo do returno, a torcida jovem aplaudiu o goleiro."
6461,Partida,"No último jogo do ano, o lateral-esquerdo marcou um golaço."
6462,Torcida,"Depois de três derrotas seguidas, o grupo de torcedores pediu a contratação de um centroavante."
6463,Treinamento,A comissão técnica planejou a pré-temporada na Arena da Baixada.
6464,Campeonato,O favorito ao título assumiu a vice-liderança em noite de casa cheia.
6465,Categorias de base,"Fora de casa, a promessa do clube disputou a final do sub-17."
6466,Torcida,A torcida organizada lotou o estádio na reta final da temporada.
6467,Arbitragem,"Na rodada de domingo, o quarto árbitro deu o apito final."
6468,Imprensa,A repórter de campo elogiou o desempenho do goleiro no confronto pela copa.
6469,Campeonato,"O vice-líder, após o intervalo, assumiu a liderança da tabela."
6470,Torcida,"No confronto pela copa, a charanga comemorou o acesso à primeira divisão."
6471,Partida,"O jogador reserva, no confronto pela copa, marcou o gol da vitória."
6472,Mercado da bola,"O diretor de futebol, nos acréscimos, negociou a venda do jovem atacante."
6473,Imprensa,O jornalista esportivo entrevistou o técnico no meio da semana.
6474,Categorias de base,"O menino da comunidade, pela primeira vez na temporada, estreou no time profissional."
6475,Partida,"O camisa 10, no meio da semana, deu um chapéu no marcador."
6476,Torcida,"Na quarta-feira à noite, o sócio-torcedor comemorou o gol da virada."
6477,Partida,"O volante, no jogo do returno, perdeu um gol feito."
6478,Mercado da bola,"Em plena data FIFA, o investidor da SAF sondou um ponta do interior paulista."
6479,Imprensa,"O blogueiro esportivo, diante de 40 mil torcedores, criticou a atuação do time."
6480,Categorias de base,"A escolinha de futebol, fora de casa, estreou no time profissional."
6481,Categorias de base,"O jovem goleiro, no estádio lotado, impressionou a comissão técnica."
6482,Campeonato,O clube recém-promovido foi rebaixado para a segunda divisão na reta final da temporada.
6483,Arbitragem,"O árbitro de vídeo, no jogo de ida, anulou o gol por falta no goleiro."
6484,Treinamento,"O analista de desempenho, na final da copa, liberou o atacante para o jogo."
6485,Treinamento,"No meio da semana, o auxiliar técnico comandou o rachão."
6486,Campeonato,"O atual campeão, no gramado encharcado, venceu por goleada."
6487,Campeonato,"Pela primeira vez na temporada, o lanterna perdeu a invencibilidade."
6488,Torcida,"Durante a pré-temporada, a charanga vaiou o time na saída de campo."
6489,Torcida,"No clássico de quarta-feira, a torcida mandante lotou o estádio."
6490,Treinamento,"O coordenador técnico, na decisão do estadual, ajustou o posicionamento da defesa."
6491,Arbitragem,A assistente revisou o toque de mão na Arena da Baixada.
6492,Arbitragem,"Em pleno feriado, o árbitro de vídeo ignorou as reclamações do banco."
6493,Campeonato,"Na despedida do ídolo, o vice-líder empatou sem gols."
6494,Mercado da bola,O presidente do clube negociou a contratação do volante diante de 40 mil torcedores.
6495,Mercado da bola,"A diretoria, no estádio do rival, sondou um ponta do interior paulista."
6496,Campeonato,"No último jogo do ano, o favorito ao título empatou o jogo de ida."
6497,Mercado da bola,"Pela primeira vez na temporada, o clube árabe pagou as luvas do reforço."
6498,Treinamento,"O coordenador técnico, na final da copa, fechou o treino à imprensa."
6499,Partida,"No meio da semana, o atacante finalizou na trave."
6500,Torcida,"A torcida organizada, na estreia do campeonato, cantou durante os noventa minutos."
6501,Mercado da bola,O clube rival renovou o vínculo do capitão no domingo à tarde.
6502,Imprensa,"No clássico de quarta-feira, o canal de esportes narrou o golaço da rodada."
6503,Imprensa,"No meio da semana, o setorista narrou a decisão por pênaltis."
6504,Torcida,"Na Arena da Baixada, a torcida organizada cantou o nome do ídolo."
6505,Arbitragem,O árbitro deu seis minutos de acréscimo na reta final da temporada.
6506,Categorias de base,"O jovem goleiro, em noite de casa cheia, conquistou o título estadual juvenil."
6507,Partida,"O meia-armador, em meio à crise, deu um carrinho perfeito."
6508,Torcida,"A torcida mandante, na quarta-feira à noite, pediu a contratação de um centroavante."
6509,Torcida,A torcida organizada cantou sem parar na reta final da temporada.
6510,Categorias de base,"Na decisão do estadual, a promessa do clube disputou a peneira regional."
6511,Arbitragem,"O árbitro, no jogo do returno, aplicou a lei da vantagem."
6512,Mercado da bola,"Pela primeira vez na temporada, o presidente do clube sondou um ponta do interior paulista."
6513,Torcida,"O grupo de torcedores, na estreia do campeonato, fez uma festa bonita."
6514,Campeonato,O time visitante venceu o confronto direto no jogo do returno.
6515,Campeonato,"No confronto pela copa, o time visitante venceu o clássico regional."
6516,Campeonato,O clube recém-promovido assumiu a vice-liderança antes do intervalo.
6517,Arbitragem,"A árbitra, no clássico de quarta-feira, anulou o pênalti após revisão."
6518,Partida,O volante marcou de falta logo no primeiro minuto.
6519,Imprensa,"O setorista, no jogo de ida, noticiou a lesão do artilheiro."
6520,Treinamento,"O departamento médico, antes do intervalo, fechou a escalação para o clássico."
6521,Mercado da bola,O agente do jogador negociou a liberação do meia no último jogo do ano.
6522,Torcida,"Em plena data FIFA, o sócio-torcedor aplaudiu a homenagem ao ídolo."
6523,Arbitragem,"O quarto árbitro, no confronto pela copa, deu a bola ao chão."
6524,Campeonato,O time da casa foi rebaixado para a segunda divisão na partida transmitida para todo o país.
6525,Partida,"O centroavante, na rodada de domingo, sofreu uma lesão muscular."
6526,Arbitragem,"O assistente de vídeo, na partida transmitida para todo o país, marcou o pênalti."
6527,Partida,O ponta-direita marcou o gol da vitória na quarta-feira à noite.
6528,Arbitragem,"O árbitro principal, na reta final da temporada, aplicou a lei da vantagem."
6529,Categorias de base,O time sub-15 conquistou a Copinha na estreia do campeonato.
6530,Arbitragem,O árbitro deu seis minutos de acréscimo diante de 40 mil torcedores.
6531,Treinamento,"O fisiologista, após o intervalo, planejou a sequência de jogos."
6532,Mercado da bola,"No jogo de ida, o clube europeu recusou uma proposta milionária."
6533,Torcida,"No estádio do rival, o sócio-torcedor cantou durante os noventa minutos."
6534,Treinamento,O analista de desempenho liberou o elenco para o fim de semana pela primeira vez na temporada.
6535,Mercado da bola,"Pela primeira vez na temporada, o presidente do clube pagou as luvas do reforço."
6536,Imprensa,"Na abertura da rodada, o blogueiro esportivo criticou o esquema tático."
6537,Torcida,A torcida visitante comemorou o acesso à primeira divisão no jogo do centenário do clube.
6538,Arbitragem,A assistente deu seis minutos de acréscimo no clássico de quarta-feira.
6539,Arbitragem,O árbitro de vídeo deu a bola ao chão nos acréscimos.
6540,Arbitragem,"Na reta final da temporada, o quarto árbitro anulou o gol por impedimento."
6541,Partida,"O zagueiro, na estreia do campeonato, cruzou na cabeça do centroavante."
6542,Treinamento,"O técnico, logo no primeiro minuto, testou o jovem da base no time titular."
6543,Torcida,"Na abertura da rodada, o torcedor mais antigo do clube cantou durante os noventa minutos."
6544,Treinamento,O analista de desempenho fechou a escalação para o clássico diante de 40 mil torcedores.
6545,Torcida,"A torcida mandante, na rodada de domingo, pediu a contratação de um centroavante."
6546,Mercado da bola,O empresário pagou a multa rescisória no estádio lotado.
6547,Campeonato,"Pela primeira vez na temporada, o favorito ao título venceu a partida decisiva."
6548,Campeonato,"O líder do campeonato, nos acréscimos, eliminou o atual campeão."
6549,Torcida,"Em meio à crise, a arquibancada fez um mosaico gigante."
6550,Partida,"Na despedida do ídolo, o camisa 10 chutou forte de fora da área."
6551,Imprensa,"No confronto pela copa, o podcast de futebol entrevistou o presidente do clube."
6552,Partida,"No último jogo do ano, o atacante cabeceou no canto do goleiro."
6553,Partida,O jogador reserva marcou dois gols na Arena da Baixada.
6554,Arbitragem,A árbitra expulsou o zagueiro em meio à crise.
6555,Partida,"Fora de casa, o zagueiro cabeceou após o escanteio."
6556,Campeonato,"O vice-líder, para delírio da torcida, garantiu a permanência na primeira divisão."
6557,Imprensa,"Após o intervalo, o comentarista previu uma goleada no clássico."
6558,Categorias de base,O menino da comunidade revelou um lateral promissor na quarta-feira à noite.
6559,Categorias de base,"O menino da comunidade, após o intervalo, disputou a semifinal do sub-20."
6560,Arbitragem,O quarto árbitro expulsou o volante adversário aos 45 minutos do segundo tempo.
6561,Imprensa,"Em meio à crise, o setorista criticou a atuação do time."
6562,Arbitragem,"O quarto árbitro, aos 45 minutos do segundo tempo, marcou um escanteio duvidoso."
6563,Partida,"O volante, no último jogo do ano, deu um drible desconcertante."
6564,Categorias de base,"O garoto da base, no estádio do rival, assinou o primeiro contrato profissional."
6565,Imprensa,O setorista entrevistou o presidente do clube no jogo de ida.
6566,Mercado da bola,"O diretor de futebol, em pleno feriado, sondou um ponta do interior paulista."
6567,Arbitragem,"No estádio do rival, o bandeirinha anulou o pênalti após revisão."
6568,Partida,"Nos acréscimos, o ponta-direita cruzou na cabeça do centroavante."
6569,Partida,"O ponta-direita, na rodada de domingo, cabeceou após o escanteio."
6570,Torcida,"Em pleno feriado, a torcida mandante cantou sem parar."
6571,Mercado da bola,"Na decisão do estadual, o clube árabe apresentou o novo camisa 9."
6572,Mercado da bola,O empresário sondou um ponta do interior paulista depois de três derrotas seguidas.
6573,Arbitragem,"O bandeirinha, logo no primeiro minuto, ignorou o toque de mão."
6574,Partida,O lateral-esquerdo deu uma assistência precisa diante de 40 mil torcedores.
6575,Arbitragem,"O juiz da partida, no jogo do returno, marcou o tiro de meta."
6576,Categorias de base,"O time sub-15, na volta das férias, revelou um lateral promissor."
6577,Partida,"Na abertura da rodada, o camisa 10 cruzou para a área."
6578,Imprensa,"A emissora de rádio, diante de 40 mil torcedores, elogiou o desempenho do goleiro."
6579,Arbitragem,"No jogo do centenário do clube, o assistente de vídeo deu seis minutos de acréscimo."
6580,Campeonato,O azarão da competição assumiu a liderança da tabela no jogo do returno.
6581,Partida,"O atacante, após o intervalo, deu um carrinho perfeito."
6582,Partida,"Nos acréscimos, o centroavante chutou a bola no ângulo."
6583,Mercado da bola,O presidente do clube anunciou a chegada do novo técnico antes do intervalo.
6584,Imprensa,O jornalista esportivo entrevistou o autor do gol na final da copa.
6585,Partida,"No estádio do rival, o meia-armador finalizou de primeira."
6586,Arbitragem,O assistente de vídeo anulou o gol por falta no goleiro em plena data FIFA.
6587,Partida,O ponta-direita deu um carrinho perfeito na volta das férias.
6588,Categorias de base,"Na final da copa, o time sub-20 disputou a peneira regional."
6589,Treinamento,"Na Arena da Baixada, o treinador interino intensificou as cobranças de pênalti."
6590,Treinamento,"Na reta final da temporada, o preparador de goleiros planejou a sequência de jogos."
6591,Categorias de base,"Logo no primeiro minuto, o garoto da base assinou o primeiro contrato profissional."
6592,Imprensa,"O podcast de futebol, pela primeira vez na temporada, previu uma goleada no clássico."
6593,Mercado da bola,"No jogo do centenário do clube, o gerente de futebol pagou a primeira parcela da transferência."
6594,Campeonato,O lanterna empatou sem gols no último jogo do ano.
6595,Categorias de base,O time sub-20 revelou um lateral promissor antes do intervalo.
6596,Partida,"O zagueiro, nos acréscimos, marcou dois gols."
6597,Campeonato,O atual campeão empatou sem gols em noite de casa cheia.
6598,Partida,"O ponta-direita, no estádio do rival, chutou forte de fora da área."
6599,Torcida,A arquibancada comemorou o gol da virada no domingo à tarde.
6600,Torcida,"Na quarta-feira à noite, a arquibancada aplaudiu o elenco após a derrota."
6601,Mercado da bola,"O clube árabe, no segundo tempo, negociou o empréstimo do lateral."
6602,Arbitragem,"No segundo tempo, a árbitra expulsou o volante adversário."
6603,Torcida,O torcedor aplaudiu o elenco após a derrota em pleno feriado.
6604,Arbitragem,"Depois de três derrotas seguidas, o árbitro principal aplicou o cartão amarelo."
6605,Arbitragem,O árbitro de vídeo revisou a jogada do gol no jogo de ida.
6606,Partida,"Depois de três derrotas seguidas, o jogador reserva sofreu um pênalti."
6607,Imprensa,O podcast de futebol criticou a atuação do time na noite de sábado.
6608,Imprensa,"No segundo tempo, o canal de esportes revelou o novo patrocinador."
6609,Categorias de base,"No jogo de ida, o time sub-15 foi promovido ao time sub-20."
6610,Treinamento,"O preparador de goleiros, em plena data FIFA, testou um novo esquema tático."
6611,Imprensa,A repórter de campo revelou a escalação do clássico na volta das férias.
6612,Campeonato,O líder do campeonato conquistou o título nacional no jogo do centenário do clube.
6613,Torcida,A arquibancada aplaudiu o goleiro na volta das férias.
6614,Partida,"O centroavante, no estádio do rival, finalizou de primeira."
6615,Treinamento,"A comissão técnica, logo no primeiro minuto, testou um novo esquema tático."
6616,Mercado da bola,"Aos 45 minutos do segundo tempo, o clube rival renovou o contrato do goleiro."
6617,Torcida,"O grupo de torcedores, no estádio do rival, fez um mosaico gigante."
6618,Categorias de base,O jovem goleiro assinou com um clube europeu no confronto pela copa.
6619,Treinamento,"Antes do intervalo, o departamento médico liberou o elenco para o fim de semana."
6620,Partida,"O volante, no domingo à tarde, deu um carrinho perfeito."
6621,Categorias de base,"Em noite de casa cheia, o menino da comunidade conquistou o título estadual juvenil."
6622,Categorias de base,O jovem goleiro foi promovido ao elenco principal sob forte chuva.
6623,Mercado da bola,"Nos acréscimos, a diretoria pagou a multa rescisória."
6624,Torcida,"Na noite de sábado, a torcida jovem cantou durante os noventa minutos."
6625,Imprensa,"O narrador, no domingo à tarde, elogiou a postura do time."
6626,Treinamento,O analista de desempenho comandou o treino tático no segundo tempo.
6627,Arbitragem,"Fora de casa, a árbitra anulou o pênalti após revisão."
6628,Mercado da bola,O investidor da SAF renovou o vínculo do capitão na estreia do campeonato.
6629,Imprensa,O setorista criticou a arbitragem em meio à crise.
6630,Campeonato,"O clube recém-promovido, antes do intervalo, conquistou a copa do estado."
6631,Categorias de base,"O jovem goleiro, sob forte chuva, revelou um goleiro de futuro."
6632,Mercado da bola,"O clube rival, no jogo do returno, renovou o contrato do artilheiro."
6633,Partida,O jogador reserva perdeu a chance de empatar logo no primeiro minuto.
6634,Mercado da bola,O clube rival renovou o contrato do artilheiro pela primeira vez na temporada.
6635,Arbitragem,O juiz da partida aplicou o cartão amarelo no gramado encharcado.
6636,Categorias de base,"O garoto da base, em pleno feriado, impressionou o técnico do profissional."
6637,Imprensa,"No gramado encharcado, o setorista elogiou o trabalho do técnico."
6638,Campeonato,"O lanterna, logo no primeiro minuto, garantiu a vaga na Libertadores."
6639,Treinamento,"Na decisão do estadual, o analista de desempenho planejou a pré-temporada."
6640,Torcida,"Em pleno feriado, o sócio-torcedor lotou o estádio."
6641,Imprensa,O setorista criticou a escalação inicial na noite de sábado.
6642,Imprensa,"A repórter de campo, na reta final da temporada, previu o título do líder."
6643,Mercado da bola,O clube árabe sondou um ponta do interior paulista na Arena da Baixada.
6644,Arbitragem,O árbitro principal deu seis minutos de acréscimo pela primeira vez na temporada.
6645,Mercado da bola,"Aos 45 minutos do segundo tempo, a diretoria anunciou a chegada do novo técnico."
6646,Arbitragem,"Diante de 40 mil torcedores, o quarto árbitro deu seis minutos de acréscimo."
6647,Campeonato,"Sob forte chuva, o clube recém-promovido garantiu a classificação para as quartas."
6648,Campeonato,O lanterna conquistou a copa do estado depois de três derrotas seguidas.
6649,Mercado da bola,O diretor de futebol apresentou o novo camisa 9 na reta final da temporada.
6650,Imprensa,A coluna do jornal narrou a decisão por pênaltis na quarta-feira à noite.
6651,Partida,"No domingo à tarde, o volante deu um drible desconcertante."
6652,Categorias de base,O menino da comunidade revelou um novo talento na volta das férias.
6653,Torcida,"A torcida organizada, para delírio da torcida, pediu a saída do técnico."
6654,Campeonato,"O líder do campeonato, na quarta-feira à noite, eliminou o favorito ao título."
6655,Treinamento,O analista de desempenho comandou a atividade de finalização na reta final da temporada.
6656,Arbitragem,"No jogo do centenário do clube, a equipe de arbitragem anulou o pênalti após revisão."
6657,Arbitragem,"A árbitra, pela primeira vez na temporada, revisou o toque de mão."
6658,Torcida,"No último jogo do ano, a torcida jovem vaiou o jogador adversário."
6659,Categorias de base,A escolinha de futebol revelou um novo talento logo no primeiro minuto.
6660,Partida,"Pela primeira vez na temporada, o jogador reserva finalizou por cobertura."
6661,Torcida,"No último jogo do ano, a arquibancada comemorou o título estadual."
6662,Arbitragem,"A equipe de arbitragem, na noite de sábado, aplicou o cartão vermelho."
6663,Imprensa,"A emissora de rádio, no jogo de ida, revelou os bastidores da negociação."
6664,Partida,"Após o intervalo, o ponta-direita deu um chapéu no marcador."
6665,Arbitragem,"Na Arena da Baixada, a assistente ignorou o toque de mão."
6666,Arbitragem,"A assistente, no jogo do returno, expulsou o zagueiro."
6667,Mercado da bola,O diretor de futebol renovou o contrato do goleiro no gramado encharcado.
6668,Treinamento,O preparador físico testou três zagueiros em meio à crise.
6669,Partida,"Na reta final da temporada, o lateral-esquerdo finalizou rente à trave."
6670,Arbitragem,"Antes do intervalo, o bandeirinha anulou o pênalti após revisão."
6671,Categorias de base,"No clássico de quarta-feira, a escolinha de futebol disputou a semifinal do sub-20."
6672,Imprensa,"O comentarista, após o intervalo, entrevistou o capitão."
6673,Treinamento,"Em pleno feriado, o técnico fechou o treino à imprensa."
6674,Torcida,"A torcida jovem, para delírio da torcida, pediu a contratação de um centroavante."
6675,Campeonato,"O time do interior, sob forte chuva, garantiu a classificação para as quartas."
6676,Torcida,"Pela primeira vez na temporada, a torcida visitante comemorou o título estadual."
6677,Categorias de base,"No domingo à tarde, a promessa do clube foi promovido ao elenco principal."
6678,Imprensa,"A coluna do jornal, aos 45 minutos do segundo tempo, previu uma goleada no clássico."
6679,Mercado da bola,"O diretor de futebol, pela primeira vez na temporada, anunciou a chegada do novo técnico."
6680,Treinamento,"Na despedida do ídolo, o treinador interino liberou o elenco para o fim de semana."
6681,Campeonato,"O azarão da competição, na final da copa, perdeu a liderança da tabela."
6682,Categorias de base,O garoto da base revelou um goleiro de futuro na reta final da temporada.
6683,Arbitragem,O árbitro principal deu seis minutos de acréscimo no último jogo do ano.
6684,Partida,"O centroavante, na quarta-feira à noite, cabeceou no canto do goleiro."
6685,Arbitragem,"O árbitro de vídeo, logo no primeiro minuto, marcou a falta na entrada da área."
6686,Partida,O lateral-esquerdo sofreu um pênalti na volta das férias.
6687,Mercado da bola,O clube árabe negociou o empréstimo do lateral na noite de sábado.
6688,Imprensa,"A coluna do jornal, aos 45 minutos do segundo tempo, revelou os bastidores da negociação."
6689,Treinamento,O coordenador técnico fechou a escalação para o clássico na final da copa.
6690,Imprensa,"O blogueiro esportivo, na partida transmitida para todo o país, revelou a escalação do clássico."
6691,Arbitragem,"O árbitro, no jogo do centenário do clube, aplicou a lei da vantagem."
6692,Treinamento,"O coordenador técnico, na reta final da temporada, planejou a pré-temporada."
6693,Torcida,"Em plena data FIFA, a torcida visitante aplaudiu a entrada do time em campo."
6694,Treinamento,"O coordenador técnico, na abertura da rodada, planejou a sequência de jogos."
6695,Treinamento,"Depois de três derrotas seguidas, o departamento médico planejou a pré-temporada."
6696,Mercado da bola,"No confronto pela copa, o agente do jogador apresentou o reforço à torcida."
6697,Arbitragem,"Aos 45 minutos do segundo tempo, o árbitro principal deu seis minutos de acréscimo."
6698,Imprensa,"No confronto pela copa, a coluna do jornal entrevistou o capitão."
6699,Campeonato,O lanterna conquistou o título nacional no jogo de ida.
6700,Campeonato,O time visitante empatou sem gols na noite de sábado.
6701,Mercado da bola,"Nos acréscimos, o gerente de futebol apresentou o reforço à torcida."
6702,Torcida,"A charanga, no clássico de quarta-feira, aplaudiu a homenagem ao ídolo."
6703,Torcida,"No estádio do rival, a torcida organizada lotou o estádio."
6704,Torcida,A torcida organizada vaiou o árbitro no domingo à tarde.
6705,Campeonato,"O vice-líder, aos 45 minutos do segundo tempo, venceu a partida decisiva."
6706,Categorias de base,"O jovem goleiro, diante de 40 mil torcedores, conquistou a Copinha."
6707,Treinamento,"A comissão técnica, no jogo de ida, liberou o atacante para o jogo."
6708,Imprensa,"O comentarista, na partida transmitida para todo o país, narrou a decisão por pênaltis."
6709,Arbitragem,"O árbitro principal, no segundo tempo, ignorou as reclamações do banco."
6710,Partida,"O capitão do time, na despedida do ídolo, sofreu uma lesão muscular."
6711,Imprensa,"O podcast de futebol, no jogo do returno, criticou a atuação do time."
6712,Categorias de base,"O garoto da base, na rodada de domingo, conquistou a Copinha."
6713,Categorias de base,"Na final da copa, o menino da comunidade conquistou o torneio internacional de base."
6714,Arbitragem,"Na Arena da Baixada, o árbitro principal ignorou o pedido de pênalti."
6715,Partida,"No gramado encharcado, o camisa 10 deu uma assistência precisa."
6716,Mercado da bola,O agente do jogador recusou a troca de jogadores na abertura da rodada.
6717,Arbitragem,"No jogo do centenário do clube, a árbitra deu seis minutos de acréscimo."
6718,Treinamento,O coordenador técnico planejou a sequência de jogos sob forte chuva.
6719,Campeonato,"Aos 45 minutos do segundo tempo, o líder do campeonato venceu por goleada."
6720,Campeonato,"O atual campeão, na rodada de domingo, venceu o confronto direto."
6721,Torcida,"O torcedor, fora de casa, pediu a saída do técnico."
6722,Torcida,A charanga lotou o aeroporto no segundo tempo.
6723,Mercado da bola,"O presidente do clube, depois de três derrotas seguidas, recusou a troca de jogadores."
6724,Treinamento,"O departamento médico, no último jogo do ano, ajustou a bola parada."
6725,Torcida,O torcedor mais antigo do clube pediu a saída do técnico no meio da semana.
6726,Imprensa,"O podcast de futebol, no jogo do centenário do clube, elogiou o desempenho do goleiro."
6727,Categorias de base,"O treinador do sub-17, no gramado encharcado, revelou um novo talento."
6728,Campeonato,"No último jogo do ano, o time visitante empatou sem gols."
6729,Torcida,"O sócio-torcedor, em pleno feriado, comemorou o gol da virada."
6730,Campeonato,"Na quarta-feira à noite, o vice-líder empatou com o rival."
6731,Categorias de base,O treinador do sub-17 disputou a semifinal do sub-20 no jogo de ida.
6732,Campeonato,"O favorito ao título, durante a pré-temporada, garantiu a vaga na Libertadores."
6733,Arbitragem,"Logo no primeiro minuto, a assistente deu a bola ao chão."
6734,Arbitragem,"O árbitro de vídeo, antes do intervalo, marcou o pênalti."
6735,Torcida,"Na quarta-feira à noite, a charanga fez um mosaico gigante."
6736,Arbitragem,"O assistente de vídeo, na decisão do estadual, marcou um escanteio duvidoso."
6737,Torcida,A charanga lotou o estádio em meio à crise.
6738,Partida,"O centroavante, na final da copa, marcou o gol da vitória."
6739,Partida,"No meio da semana, o centroavante perdeu um gol feito."
6740,Categorias de base,"Depois de três derrotas seguidas, o treinador do sub-17 impressionou os olheiros europeus."
6741,Campeonato,O time da casa eliminou o favorito ao título na despedida do ídolo.
6742,Arbitragem,O árbitro de vídeo revisou o toque de mão no meio da semana.
6743,Arbitragem,A equipe de arbitragem anulou o gol por falta no goleiro no segundo tempo.
6744,Imprensa,O blogueiro esportivo criticou o esquema tático para delírio da torcida.
6745,Campeonato,"O vice-líder, na noite de sábado, assumiu a liderança da tabela."
6746,Imprensa,O jornalista esportivo previu o rebaixamento do clube em pleno feriado.
6747,Partida,"O volante, na abertura da rodada, finalizou com o pé esquerdo."
6748,Torcida,A torcida visitante aplaudiu a homenagem ao ídolo na quarta-feira à noite.
6749,Categorias de base,"A promessa do clube, depois de três derrotas seguidas, impressionou a comissão técnica."
6750,Partida,O centroavante sofreu uma falta dura no estádio do rival.
6751,Partida,"O centroavante, diante de 40 mil torcedores, deu um drible desconcertante."
6752,Mercado da bola,"O clube árabe, no último jogo do ano, negociou o empréstimo do lateral."
6753,Mercado da bola,"O diretor de futebol, em plena data FIFA, sondou um ponta do interior paulista."
6754,Mercado da bola,O presidente do clube negociou a contratação do volante no estádio do rival.
6755,Imprensa,"O podcast de futebol, pela primeira vez na temporada, narrou a virada histórica."
6756,Treinamento,"Em meio à crise, o treinador interino comandou o treino tático."
6757,Mercado da bola,O clube árabe sondou o técnico da seleção na volta das férias.
6758,Treinamento,"Em noite de casa cheia, o treinador interino testou o meia na lateral."
6759,Treinamento,O preparador físico comandou o coletivo com os titulares na reta final da temporada.
6760,Arbitragem,O árbitro principal aplicou o cartão vermelho no jogo do returno.
6761,Treinamento,O preparador de goleiros ajustou a bola parada em meio à crise.
6762,Campeonato,"O time do interior, na noite de sábado, assumiu a liderança da tabela."
6763,Arbitragem,"A assistente, na reta final da temporada, deu a bola ao chão."
6764,Categorias de base,"No estádio do rival, o olheiro conquistou a Copinha."
6765,Arbitragem,"No clássico de quarta-feira, a assistente revisou o toque de mão."
6766,Arbitragem,"Diante de 40 mil torcedores, o quarto árbitro revisou a jogada do gol."
6767,Treinamento,"Na estreia do campeonato, o departamento médico ajustou o posicionamento da defesa."
6768,Categorias de base,O garoto da base impressionou os olheiros europeus nos acréscimos.
6769,Torcida,"No domingo à tarde, a torcida visitante lotou a frente do centro de treinamento."
6770,Torcida,"Na estreia do campeonato, o torcedor vaiou o árbitro."
6771,Imprensa,"A coluna do jornal, na estreia do campeonato, entrevistou o técnico."
6772,Categorias de base,"O time sub-15, na abertura da rodada, impressionou o técnico do profissional."
6773,Arbitragem,O árbitro de vídeo aplicou o cartão vermelho pela primeira vez na temporada.
6774,Treinamento,O fisiologista intensificou os treinos de finalização fora de casa.
6775,Categorias de base,"O olheiro, após o intervalo, conquistou o título estadual juvenil."
6776,Treinamento,"O departamento médico, na abertura da rodada, planejou a pré-temporada."
6777,Partida,O jogador reserva finalizou rente à trave após o intervalo.
6778,Partida,O meia-armador deu um drible desconcertante na estreia do campeonato.
6779,Mercado da bola,"Em noite de casa cheia, o agente do jogador anunciou a chegada do novo técnico."
6780,Treinamento,"Sob forte chuva, o treinador interino comandou o coletivo com os titulares."
6781,Mercado da bola,O clube europeu sondou um zagueiro do futebol argentino na final da copa.
6782,Imprensa,"A emissora de rádio, no confronto pela copa, narrou a decisão por pênaltis."
6783,Campeonato,"O time do interior, fora de casa, garantiu a vaga na Libertadores."
6784,Mercado da bola,"O presidente do clube, em meio à crise, negociou a liberação do meia."
6785,Campeonato,O time do interior venceu o confronto direto na despedida do ídolo.
6786,Partida,"Na volta das férias, o camisa 10 marcou dois gols."
6787,Partida,"No domingo à tarde, o lateral-esquerdo marcou de falta."
6788,Partida,O centroavante deu uma assistência precisa na Arena da Baixada.
6789,Campeonato,"O vice-líder, na despedida do ídolo, venceu o confronto direto."
6790,Treinamento,"O técnico, na Arena da Baixada, comandou o coletivo com os titulares."
6791,Campeonato,O líder do campeonato empatou com o rival pela primeira vez na temporada.
6792,Partida,O lateral-esquerdo finalizou por cobertura pela primeira vez na temporada.
6793,Torcida,"A torcida organizada, após o intervalo, comemorou a classificação."
6794,Campeonato,"Aos 45 minutos do segundo tempo, o vice-líder garantiu a classificação para as quartas."
6795,Imprensa,O narrador elogiou a postura do time na reta final da temporada.
6796,Imprensa,"O narrador, no segundo tempo, previu o título do líder."
6797,Torcida,"Diante de 40 mil torcedores, o sócio-torcedor fez um protesto pacífico."
6798,Campeonato,"Antes do intervalo, o time da casa empatou o jogo de ida."
6799,Categorias de base,O jovem goleiro foi promovido ao time sub-20 no domingo à tarde.
6800,Categorias de base,"No segundo tempo, o olheiro assinou o primeiro contrato profissional."
6801,Torcida,A torcida mandante vaiou o jogador adversário na quarta-feira à noite.
6802,Campeonato,O azarão da competição foi rebaixado para a segunda divisão em noite de casa cheia.
6803,Arbitragem,"Durante a pré-temporada, o juiz da partida marcou um escanteio duvidoso."
6804,Partida,"Em pleno feriado, o capitão do time finalizou com o pé esquerdo."
6805,Treinamento,"Durante a pré-temporada, o analista de desempenho liberou o elenco para o fim de semana."
6806,Mercado da bola,O empresário recusou uma proposta milionária em noite de casa cheia.
6807,Treinamento,O técnico liberou o lateral após exames no segundo tempo.
6808,Mercado da bola,"A diretoria, depois de três derrotas seguidas, apresentou o novo camisa 9."
6809,Treinamento,"No segundo tempo, o treinador interino comandou o rachão."
6810,Arbitragem,"O bandeirinha, no jogo do centenário do clube, deu a bola ao chão."
6811,Arbitragem,"No gramado encharcado, a assistente marcou o tiro de meta."
6812,Categorias de base,"O garoto da base, na despedida do ídolo, conquistou o torneio internacional de base."
6813,Campeonato,"O time visitante, na partida transmitida para todo o país, eliminou o favorito ao título."
6814,Arbitragem,"No confronto pela copa, a equipe de arbitragem marcou a falta na entrada da área."
6815,Campeonato,O time visitante garantiu a permanência na primeira divisão no meio da semana.
6816,Imprensa,"O setorista, na quarta-feira à noite, previu o título do líder."
6817,Categorias de base,"Sob forte chuva, o coordenador da base assinou o primeiro contrato profissional."
6818,Partida,"No clássico de quarta-feira, o camisa 10 deu uma assistência precisa."
6819,Partida,"Para delírio da torcida, o volante marcou o gol da vitória."
6820,Partida,O meia-armador perdeu um gol feito na rodada de domingo.
6821,Mercado da bola,"A diretoria, na estreia do campeonato, negociou a venda do jovem atacante."
6822,Arbitragem,"O árbitro principal, na estreia do campeonato, ignorou as reclamações do banco."
6823,Torcida,A torcida mandante lotou o estádio na final da copa.
6824,Mercado da bola,"No jogo do returno, o clube árabe sondou um zagueiro do futebol argentino."
6825,Mercado da bola,O empresário anunciou um patrocínio master na quarta-feira à noite.
6826,Treinamento,"O técnico, no segundo tempo, testou o jovem da base no time titular."
6827,Imprensa,"No confronto pela copa, a repórter de campo noticiou a crise no vestiário."
6828,Categorias de base,A escolinha de futebol revelou um lateral promissor pela primeira vez na temporada.
6829,Imprensa,"Depois de três derrotas seguidas, a repórter de campo elogiou a postura do time."
6830,Mercado da bola,"Na despedida do ídolo, o investidor da SAF apresentou o novo camisa 9."
6831,Categorias de base,O time sub-20 estreou na seleção de base no clássico de quarta-feira.
6832,Categorias de base,"A escolinha de futebol, sob forte chuva, conquistou o torneio internacional de base."
6833,Partida,"O capitão do time, no jogo do returno, perdeu um gol feito."
6834,Mercado da bola,"O gerente de futebol, na despedida do ídolo, pagou as luvas do reforço."
6835,Partida,O meia-armador perdeu a chance de empatar diante de 40 mil torcedores.
6836,Imprensa,"Na Arena da Baixada, o setorista noticiou a demissão do treinador."
6837,Partida,"O lateral-esquerdo, no último jogo do ano, chutou cruzado para o gol."
6838,Categorias de base,"Pela primeira vez na temporada, o garoto da base revelou um lateral promissor."
6839,Torcida,"Aos 45 minutos do segundo tempo, a torcida visitante fez uma festa bonita."
6840,Treinamento,"O coordenador técnico, na volta das férias, comandou o treino tático."
6841,Imprensa,"Sob forte chuva, o comentarista criticou a arbitragem."
6842,Imprensa,"Para delírio da torcida, o narrador previu o título do líder."
6843,Torcida,"Na rodada de domingo, a torcida mandante pediu a saída do técnico."
6844,Partida,"O ponta-direita, no jogo do returno, cabeceou por cima do travessão."
6845,Arbitragem,O árbitro principal marcou a falta na entrada da área em pleno feriado.
6846,Torcida,O torcedor mais antigo do clube aplaudiu a homenagem ao ídolo aos 45 minutos do segundo tempo.
6847,Partida,O ponta-direita cruzou para a área nos acréscimos.
6848,Categorias de base,"O menino da comunidade, no gramado encharcado, impressionou o técnico do profissional."
6849,Partida,"No meio da semana, o centroavante marcou um golaço."
6850,Torcida,"Para delírio da torcida, o grupo de torcedores comemorou o acesso à primeira divisão."
6851,Partida,"O zagueiro, no estádio do rival, perdeu o pênalti."
6852,Treinamento,"No último jogo do ano, o técnico testou um novo esquema tático."
6853,Campeonato,"O vice-líder, na estreia do campeonato, venceu o confronto direto."
6854,Treinamento,O coordenador técnico comandou o rachão na partida transmitida para todo o país.
6855,Partida,"O capitão do time, após o intervalo, marcou um golaço."
6856,Treinamento,O coordenador técnico planejou a sequência de jogos no estádio do rival.
6857,Mercado da bola,A diretoria recusou uma proposta milionária na rodada de domingo.
6858,Treinamento,A comissão técnica comandou a atividade de finalização no jogo do returno.
6859,Arbitragem,"A assistente, no clássico de quarta-feira, revisou o toque de mão."
6860,Imprensa,"Em plena data FIFA, a emissora de rádio narrou o golaço da rodada."
6861,Categorias de base,"No segundo tempo, o time sub-20 impressionou o técnico do profissional."
6862,Categorias de base,"O olheiro, na partida transmitida para todo o país, conquistou a Copinha."
6863,Treinamento,"Em meio à crise, o auxiliar técnico planejou a pré-temporada."
6864,Partida,"O capitão do time, nos acréscimos, deu um chapéu no marcador."
6865,Partida,O volante cabeceou no canto do goleiro na partida transmitida para todo o país.
6866,Partida,"Na noite de sábado, o volante marcou de pênalti."
6867,Treinamento,"O preparador físico, para delírio da torcida, testou o meia na lateral."
6868,Treinamento,"Pela primeira vez na temporada, o fisiologista planejou a sequência de jogos."
6869,Torcida,O sócio-torcedor cantou o nome do ídolo no gramado encharcado.
6870,Categorias de base,A escolinha de futebol estreou no time profissional na abertura da rodada.
6871,Torcida,"A torcida mandante, na abertura da rodada, vaiou o jogador adversário."
6872,Torcida,"Sob forte chuva, a torcida jovem aplaudiu a entrada do time em campo."
6873,Campeonato,O clube recém-promovido conquistou o título nacional na rodada de domingo.
6874,Arbitragem,"Na Arena da Baixada, o bandeirinha revisou o lance no monitor."
6875,Arbitragem,"Antes do intervalo, o assistente de vídeo revisou o lance no monitor."
6876,Arbitragem,"O árbitro principal, no último jogo do ano, marcou a falta na entrada da área."
6877,Partida,"No meio da semana, o meia-armador chutou a bola para fora."
6878,Campeonato,"O time visitante, na abertura da rodada, venceu o clássico regional."
6879,Torcida,O sócio-torcedor vaiou a escalação do técnico na final da copa.
6880,Imprensa,"O blogueiro esportivo, após o intervalo, criticou a escalação inicial."
6881,Treinamento,"O treinador interino, na despedida do ídolo, liberou o lateral após exames."
6882,Categorias de base,"No clássico de quarta-feira, o menino da comunidade assinou o primeiro contrato profissional."
6883,Torcida,A torcida organizada pediu a saída do técnico no meio da semana.
6884,Partida,"No meio da semana, o volante finalizou rente à trave."
6885,Torcida,"No clássico de quarta-feira, o sócio-torcedor fez um protesto pacífico."
6886,Partida,O camisa 10 deu uma assistência precisa na despedida do ídolo.
6887,Partida,"O centroavante, no clássico de quarta-feira, sofreu uma lesão muscular."
6888,Torcida,A torcida jovem comemorou o título estadual no meio da semana.
6889,Partida,"Em pleno feriado, o jogador reserva chutou a bola no ângulo."
6890,Arbitragem,"Na despedida do ídolo, a equipe de arbitragem anulou o gol por impedimento."
6891,Categorias de base,"Depois de três derrotas seguidas, o time sub-15 estreou no time profissional."
6892,Partida,O volante cabeceou no canto do goleiro no estádio do rival.
6893,Mercado da bola,O clube europeu sondou o técnico da seleção no domingo à tarde.
6894,Campeonato,O favorito ao título garantiu a permanência na primeira divisão pela primeira vez na temporada.
6895,Treinamento,"O treinador interino, no confronto pela copa, planejou a pré-temporada."
6896,Campeonato,"O atual campeão, sob forte chuva, perdeu a liderança da tabela."
6897,Arbitragem,"O bandeirinha, no jogo de ida, ignorou o pedido de pênalti."
6898,Partida,"O camisa 10, diante de 40 mil torcedores, finalizou de primeira."
6899,Treinamento,"Após o intervalo, o coordenador técnico planejou a pré-temporada."
6900,Torcida,"No clássico de quarta-feira, a torcida jovem fez uma festa bonita."
6901,Partida,"No estádio lotado, o camisa 10 finalizou rente à trave."
6902,Treinamento,O treinador interino comandou o treino tático no último jogo do ano.
6903,Mercado da bola,O investidor da SAF anunciou o reforço para a temporada no jogo de ida.
6904,Categorias de base,"No estádio lotado, o treinador do sub-17 assinou o primeiro contrato profissional."
6905,Treinamento,"O coordenador técnico, no meio da semana, intensificou o trabalho físico."
6906,Torcida,A torcida visitante pediu a saída do técnico no jogo de ida.
6907,Mercado da bola,"Em plena data FIFA, o clube europeu pagou as luvas do reforço."
6908,Partida,O centroavante cruzou na cabeça do centroavante após o intervalo.
6909,Campeonato,"O azarão da competição, logo no primeiro minuto, garantiu a classificação para as quartas."
6910,Mercado da bola,O gerente de futebol negociou a contratação do volante no jogo do returno.
6911,Campeonato,"O time da casa, no confronto pela copa, garantiu a vaga na Libertadores."
6912,Arbitragem,"O juiz da partida, no gramado encharcado, marcou o impedimento."
6913,Campeonato,"Na rodada de domingo, o vice-líder garantiu a classificação para as quartas."
6914,Treinamento,O treinador interino liberou o elenco para o fim de semana no confronto pela copa.
6915,Partida,"O jogador reserva, na partida transmitida para todo o país, perdeu o pênalti."
6916,Torcida,"Na abertura da rodada, a torcida mandante pediu mais raça aos jogadores."
6917,Imprensa,O narrador noticiou a venda do atacante no confronto pela copa.
6918,Mercado da bola,"Na despedida do ídolo, o diretor de futebol renovou o contrato do goleiro."
6919,Torcida,"O grupo de torcedores, pela primeira vez na temporada, vaiou o time na saída de campo."
6920,Torcida,"O torcedor mais antigo do clube, durante a pré-temporada, aplaudiu o elenco após a derrota."
6921,Torcida,"A torcida organizada, na noite de sábado, cantou sem parar."
6922,Partida,"No domingo à tarde, o lateral-esquerdo deu um chapéu no marcador."
6923,Imprensa,"Diante de 40 mil torcedores, o comentarista elogiou a estreia do reforço."
6924,Treinamento,O auxiliar técnico testou um novo esquema tático no jogo do returno.
6925,Partida,"O camisa 10, na decisão do estadual, cabeceou após o escanteio."
6926,Partida,"O meia-armador, em plena data FIFA, cabeceou por cima do travessão."
6927,Torcida,O sócio-torcedor pediu a contratação de um centroavante no jogo do centenário do clube.
6928,Arbitragem,"O árbitro, para delírio da torcida, expulsou o técnico."
6929,Partida,"Na despedida do ídolo, o atacante deu um drible desconcertante."
6930,Arbitragem,"Na reta final da temporada, o bandeirinha expulsou o volante adversário."
6931,Arbitragem,"Durante a pré-temporada, o árbitro de vídeo expulsou o técnico."
6932,Mercado da bola,O diretor de futebol anunciou a saída do capitão fora de casa.
6933,Arbitragem,"No segundo tempo, a assistente revisou o lance no monitor."
6934,Treinamento,"O fisiologista, em noite de casa cheia, fechou a escalação para o clássico."
6935,Mercado da bola,"O clube europeu, na volta das férias, apresentou o novo uniforme."
6936,Mercado da bola,"Em meio à crise, o clube europeu negociou o empréstimo do lateral."
6937,Arbitragem,A assistente aplicou o cartão vermelho no gramado encharcado.
6938,Arbitragem,"Fora de casa, o árbitro anulou o gol por falta no goleiro."
6939,Categorias de base,A escolinha de futebol foi promovido ao elenco principal em meio à crise.
6940,Mercado da bola,O presidente do clube negociou a venda do jovem atacante antes do intervalo.
6941,Partida,"Na volta das férias, o lateral-esquerdo finalizou na trave."
6942,Imprensa,"Em noite de casa cheia, o setorista entrevistou o presidente do clube."
6943,Treinamento,O preparador físico comandou o coletivo com os titulares no último jogo do ano.
6944,Mercado da bola,"O empresário, durante a pré-temporada, apresentou o novo camisa 9."
6945,Treinamento,"Sob forte chuva, o analista de desempenho testou o meia na lateral."
6946,Mercado da bola,O clube europeu pagou a multa rescisória em plena data FIFA.
6947,Partida,"Durante a pré-temporada, o camisa 10 sofreu uma falta dura."
6948,Arbitragem,"O árbitro de vídeo, na partida transmitida para todo o país, marcou o pênalti."
6949,Treinamento,"No jogo do centenário do clube, o departamento médico ajustou a saída de bola."
6950,Treinamento,O auxiliar técnico intensificou o trabalho físico na quarta-feira à noite.
6951,Categorias de base,"No estádio lotado, a escolinha de futebol conquistou a Copinha."
6952,Campeonato,"O time da casa, no jogo de ida, venceu por goleada."
6953,Torcida,"A torcida jovem, no último jogo do ano, fez um protesto pacífico."
6954,Partida,O capitão do time cruzou na cabeça do centroavante no clássico de quarta-feira.
6955,Mercado da bola,"A diretoria, na decisão do estadual, renovou o contrato do goleiro."
6956,Partida,O volante finalizou de primeira em pleno feriado.
6957,Partida,"No segundo tempo, o volante cabeceou por cima do travessão."
6958,Torcida,A torcida mandante vaiou a escalação do técnico fora de casa.
6959,Arbitragem,"O assistente de vídeo, pela primeira vez na temporada, marcou o tiro de meta."
6960,Imprensa,"O comentarista, pela primeira vez na temporada, narrou a virada histórica."
6961,Campeonato,"Depois de três derrotas seguidas, o atual campeão perdeu a liderança da tabela."
6962,Mercado da bola,"Na volta das férias, o clube árabe anunciou a saída do capitão."
6963,Treinamento,O departamento médico ajustou o posicionamento da defesa na estreia do campeonato.
6964,Treinamento,O fisiologista liberou o atacante para o jogo pela primeira vez na temporada.
6965,Categorias de base,"Aos 45 minutos do segundo tempo, o coordenador da base revelou um lateral promissor."
6966,Imprensa,"Durante a pré-temporada, a coluna do jornal criticou o esquema tático."
6967,Partida,"O centroavante, em meio à crise, deu um carrinho perfeito."
6968,Categorias de base,O time sub-20 disputou a semifinal do sub-20 no jogo do centenário do clube.
6969,Arbitragem,"A assistente, na noite de sábado, marcou o impedimento."
6970,Treinamento,A comissão técnica fechou o treino à imprensa na reta final da temporada.
6971,Imprensa,"Antes do intervalo, a emissora de rádio noticiou a crise no vestiário."
6972,Imprensa,"No jogo de ida, o comentarista noticiou a crise no vestiário."
6973,Partida,O capitão do time sofreu uma falta dura em noite de casa cheia.
6974,Arbitragem,"Na partida transmitida para todo o país, o árbitro principal expulsou o volante adversário."
6975,Treinamento,"Fora de casa, o coordenador técnico planejou a sequência de jogos."
6976,Arbitragem,O juiz da partida marcou o impedimento depois de três derrotas seguidas.
6977,Partida,"No estádio do rival, o camisa 10 deu um drible desconcertante."
6978,Categorias de base,O olheiro conquistou o torneio internacional de base no último jogo do ano.
6979,Treinamento,"O coordenador técnico, em pleno feriado, ajustou a saída de bola."
6980,Arbitragem,"Sob forte chuva, o juiz da partida revisou o toque de mão."
6981,Treinamento,"O analista de desempenho, na estreia do campeonato, fechou a escalação para o clássico."
6982,Torcida,"No gramado encharcado, a torcida visitante cantou o nome do ídolo."
6983,Partida,O centroavante chutou a bola para fora no jogo de ida.
6984,Treinamento,O preparador físico liberou o elenco para o fim de semana na Arena da Baixada.
6985,Campeonato,"O atual campeão, depois de três derrotas seguidas, venceu o confronto direto."
6986,Torcida,"No gramado encharcado, a torcida organizada vaiou o time na saída de campo."
6987,Arbitragem,"O quarto árbitro, em plena data FIFA, aplicou o cartão vermelho."
6988,Torcida,"A torcida mandante, na estreia do campeonato, fez um mosaico gigante."
6989,Treinamento,"A comissão técnica, fora de casa, comandou o treino tático."
6990,Categorias de base,"O time sub-20, fora de casa, estreou no time profissional."
6991,Treinamento,"O auxiliar técnico, na noite de sábado, intensificou as cobranças de pênalti."
6992,Treinamento,O coordenador técnico ajustou a saída de bola na despedida do ídolo.
6993,Torcida,A torcida jovem pediu mais raça aos jogadores fora de casa.
6994,Arbitragem,"Em noite de casa cheia, a equipe de arbitragem marcou o impedimento."
6995,Torcida,"A torcida mandante, no segundo tempo, fez um protesto pacífico."
6996,Treinamento,"Pela primeira vez na temporada, o coordenador técnico intensificou o trabalho físico."
6997,Partida,"O zagueiro, na reta final da temporada, cabeceou no canto do goleiro."
6998,Imprensa,"Na decisão do estadual, o podcast de futebol noticiou a crise no vestiário."
6999,Mercado da bola,O investidor da SAF renovou o contrato do goleiro no jogo do returno.
7000,Treinamento,O fisiologista planejou a pré-temporada na despedida do ídolo.
7001,Mercado da bola,O empresário recusou uma proposta milionária após o intervalo.
7002,Torcida,"A torcida visitante, no jogo do returno, vaiou o time na saída de campo."
7003,Partida,"O centroavante, diante de 40 mil torcedores, sofreu uma lesão muscular."
7004,Partida,O zagueiro perdeu o pênalti diante de 40 mil torcedores.
7005,Arbitragem,"O assistente de vídeo, diante de 40 mil torcedores, aplicou o cartão amarelo."
7006,Mercado da bola,"O empresário, na abertura da rodada, apresentou o novo uniforme."
7007,Torcida,"A torcida visitante, no segundo tempo, lotou o estádio."
7008,Mercado da bola,O clube europeu sondou um zagueiro do futebol argentino na quarta-feira à noite.
7009,Partida,"Pela primeira vez na temporada, o lateral-esquerdo chutou cruzado para o gol."
7010,Treinamento,O analista de desempenho liberou o elenco para o fim de semana logo no primeiro minuto.
7011,Mercado da bola,O diretor de futebol apresentou o reforço à torcida em pleno feriado.
7012,Treinamento,"O preparador de goleiros, na despedida do ídolo, intensificou as cobranças de pênalti."
7013,Categorias de base,"Na abertura da rodada, o garoto da base foi promovido ao elenco principal."
7014,Partida,O atacante deu um chapéu no marcador logo no primeiro minuto.
7015,Torcida,"Logo no primeiro minuto, o grupo de torcedores comemorou o acesso à primeira divisão."
7016,Mercado da bola,O clube árabe pagou a primeira parcela da transferência durante a pré-temporada.
7017,Campeonato,"O azarão da competição, na volta das férias, empatou com o rival."
7018,Categorias de base,"No segundo tempo, a promessa do clube assinou o primeiro contrato profissional."
7019,Imprensa,"O canal de esportes, para delírio da torcida, entrevistou o presidente do clube."
7020,Mercado da bola,O diretor de futebol recusou uma proposta milionária na reta final da temporada.
7021,Torcida,"Na Arena da Baixada, a torcida organizada aplaudiu o elenco após a derrota."
7022,Torcida,"A torcida jovem, no gramado encharcado, pediu mais raça aos jogadores."
7023,Imprensa,"O setorista, em meio à crise, entrevistou o autor do gol."
7024,Treinamento,"Na noite de sábado, o técnico intensificou as cobranças de pênalti."
7025,Torcida,A torcida mandante cantou o hino do clube na partida transmitida para todo o país.
7026,Treinamento,O departamento médico comandou o treino tático depois de três derrotas seguidas.
7027,Campeonato,O time visitante eliminou o favorito ao título nos acréscimos.
7028,Treinamento,"O fisiologista, na volta das férias, intensificou as cobranças de pênalti."
7029,Treinamento,"O coordenador técnico, nos acréscimos, fechou o treino à imprensa."
7030,Torcida,"No domingo à tarde, o torcedor mais antigo do clube comemorou o gol da virada."
7031,Treinamento,"O analista de desempenho, em pleno feriado, intensificou o trabalho físico."
7032,Categorias de base,"O treinador do sub-17, no meio da semana, conquistou o torneio internacional de base."
7033,Mercado da bola,O agente do jogador anunciou um patrocínio master no jogo de ida.
7034,Imprensa,A emissora de rádio elogiou o desempenho do goleiro fora de casa.
7035,Categorias de base,"Pela primeira vez na temporada, a promessa do clube conquistou o torneio internacional de base."
7036,Campeonato,O azarão da competição conquistou o acesso à Série A no jogo do returno.
7037,Arbitragem,O assistente de vídeo expulsou o técnico aos 45 minutos do segundo tempo.
7038,Torcida,"Aos 45 minutos do segundo tempo, o grupo de torcedores fez um protesto pacífico."
7039,Partida,"O camisa 10, para delírio da torcida, chutou a bola para fora."
7040,Torcida,A arquibancada aplaudiu o elenco após a derrota no clássico de quarta-feira.
7041,Torcida,O torcedor pediu a saída do técnico no jogo de ida.
7042,Mercado da bola,"No último jogo do ano, o empresário negociou a contratação do volante."
7043,Treinamento,O coordenador técnico intensificou os treinos de finalização no jogo do returno.
7044,Partida,"O jogador reserva, na partida transmitida para todo o país, perdeu um gol feito."
7045,Partida,"O zagueiro, em plena data FIFA, sofreu uma lesão muscular."
7046,Imprensa,O narrador elogiou o desempenho do goleiro em plena data FIFA.
7047,Imprensa,"O setorista, na partida transmitida para todo o país, previu uma goleada no clássico."
7048,Torcida,A torcida visitante pediu a contratação de um centroavante no domingo à tarde.
7049,Partida,"Na despedida do ídolo, o jogador reserva chutou a bola no ângulo."
7050,Campeonato,"O time da casa, na Arena da Baixada, assumiu a vice-liderança."
7051,Treinamento,"O fisiologista, no confronto pela copa, comandou o rachão."
7052,Categorias de base,A escolinha de futebol disputou a final do sub-17 no último jogo do ano.
7053,Arbitragem,"Em noite de casa cheia, o árbitro revisou a jogada do gol."
7054,Partida,O ponta-direita perdeu um gol feito na estreia do campeonato.
7055,Campeonato,"O time do interior, logo no primeiro minuto, conquistou o acesso à Série A."
7056,Partida,"O atacante, no domingo à tarde, marcou de falta."
7057,Torcida,A torcida mandante lotou a frente do centro de treinamento no clássico de quarta-feira.
7058,Imprensa,A coluna do jornal noticiou a demissão do treinador na partida transmitida para todo o país.
7059,Arbitragem,"Logo no primeiro minuto, a equipe de arbitragem marcou o impedimento."
7060,Partida,"Em meio à crise, o ponta-direita cabeceou para o fundo da rede."
7061,Mercado da bola,O diretor de futebol apresentou o novo uniforme antes do intervalo.
7062,Imprensa,"Em noite de casa cheia, o podcast de futebol entrevistou o técnico."
7063,Partida,O volante marcou de pênalti pela primeira vez na temporada.
7064,Arbitragem,A árbitra ignorou o toque de mão na rodada de domingo.
7065,Torcida,A torcida mandante comemorou a classificação no clássico de quarta-feira.
7066,Arbitragem,"O árbitro de vídeo, no último jogo do ano, anulou o gol por impedimento."
7067,Arbitragem,O árbitro de vídeo aplicou a lei da vantagem antes do intervalo.
7068,Treinamento,"Nos acréscimos, o preparador físico planejou a recuperação dos atletas."
7069,Mercado da bola,"O presidente do clube, sob forte chuva, renovou o contrato do artilheiro."
7070,Torcida,O torcedor mais antigo do clube aplaudiu o elenco após a derrota na abertura da rodada.
7071,Mercado da bola,O clube europeu pagou a multa rescisória no meio da semana.
7072,Categorias de base,"A promessa do clube, na rodada de domingo, conquistou o título estadual juvenil."
7073,Partida,O jogador reserva finalizou na trave no último jogo do ano.
7074,Partida,"O camisa 10, no jogo de ida, finalizou de primeira."
7075,Mercado da bola,O clube rival recusou uma proposta milionária na final da copa.
7076,Partida,"Na despedida do ídolo, o atacante deu um carrinho perfeito."
7077,Partida,"O lateral-esquerdo, em plena data FIFA, sofreu um pênalti."
7078,Imprensa,"O setorista, na abertura da rodada, noticiou a demissão do treinador."
7079,Campeonato,O time visitante venceu por goleada na decisão do estadual.
7080,Partida,"O meia-armador, na Arena da Baixada, marcou dois gols."
7081,Imprensa,O blogueiro esportivo entrevistou o autor do gol na Arena da Baixada.
7082,Imprensa,O canal de esportes revelou a escalação do clássico aos 45 minutos do segundo tempo.
7083,Partida,O jogador reserva deu uma assistência precisa na volta das férias.
7084,Arbitragem,"A assistente, no jogo de ida, ignorou o pedido de pênalti."
7085,Campeonato,"O azarão da competição, no estádio lotado, eliminou o favorito ao título."
7086,Partida,"O zagueiro, antes do intervalo, deu um chapéu no marcador."
7087,Campeonato,"O favorito ao título, no estádio do rival, conquistou o acesso à Série A."
7088,Partida,O atacante marcou o gol de empate na noite de sábado.
7089,Treinamento,"O analista de desempenho, nos acréscimos, ajustou a saída de bola."
7090,Categorias de base,"Na Arena da Baixada, o jovem goleiro impressionou a comissão técnica."
7091,Arbitragem,"O árbitro de vídeo, no último jogo do ano, revisou a jogada do gol."
7092,Torcida,"Durante a pré-temporada, a torcida jovem aplaudiu a homenagem ao ídolo."
7093,Imprensa,A coluna do jornal previu o rebaixamento do clube fora de casa.
7094,Partida,"Fora de casa, o camisa 10 deu um chapéu no marcador."
7095,Mercado da bola,"O gerente de futebol, nos acréscimos, negociou o empréstimo do lateral."
7096,Partida,"O centroavante, no confronto pela copa, perdeu o pênalti."
7097,Mercado da bola,"Na decisão do estadual, a diretoria recusou a oferta do rival."
7098,Partida,"O atacante, no meio da semana, marcou dois gols."
7099,Mercado da bola,"Na partida transmitida para todo o país, o clube europeu recusou a oferta do rival."
7100,Mercado da bola,O presidente do clube recusou uma proposta milionária aos 45 minutos do segundo tempo.
7101,Treinamento,"Na noite de sábado, o preparador físico planejou a recuperação dos atletas."
7102,Arbitragem,"O quarto árbitro, na volta das férias, deu a bola ao chão."
7103,Partida,"O jogador reserva, sob forte chuva, cabeceou no canto do goleiro."
7104,Partida,"Em meio à crise, o centroavante marcou dois gols."
7105,Partida,"O ponta-direita, nos acréscimos, cruzou rasteiro para o meio."
7106,Arbitragem,A assistente expulsou o zagueiro no confronto pela copa.
7107,Torcida,"A torcida organizada, na volta das férias, cantou o hino do clube."
7108,Treinamento,O auxiliar técnico liberou o atacante para o jogo na volta das férias.
7109,Torcida,O torcedor mais antigo do clube comemorou o acesso à primeira divisão fora de casa.
7110,Campeonato,"Fora de casa, o time da casa garantiu a vaga na Libertadores."
7111,Categorias de base,O garoto da base disputou a semifinal do sub-20 após o intervalo.
7112,Categorias de base,"Logo no primeiro minuto, o olheiro impressionou o técnico do profissional."
7113,Arbitragem,"Depois de três derrotas seguidas, o assistente de vídeo expulsou o técnico."
7114,Campeonato,"O time visitante, em plena data FIFA, garantiu a permanência na primeira divisão."
7115,Torcida,"A torcida visitante, antes do intervalo, lotou o estádio."
7116,Categorias de base,"A escolinha de futebol, fora de casa, revelou um novo talento."
7117,Partida,"O capitão do time, na estreia do campeonato, chutou a bola no ângulo."
7118,Categorias de base,"Na Arena da Baixada, o menino da comunidade estreou no time profissional."
7119,Mercado da bola,O investidor da SAF anunciou um patrocínio master durante a pré-temporada.
7120,Partida,O lateral-esquerdo finalizou rente à trave no estádio do rival.
7121,Treinamento,"O auxiliar técnico, no jogo do centenário do clube, liberou o lateral após exames."
7122,Imprensa,O narrador noticiou a demissão do treinador em meio à crise.
7123,Mercado da bola,O clube rival renovou o vínculo do capitão no jogo do centenário do clube.
7124,Arbitragem,"O árbitro, fora de casa, revisou a jogada do gol."
7125,Partida,"Logo no primeiro minuto, o volante sofreu uma lesão muscular."
7126,Treinamento,O coordenador técnico fechou o treino à imprensa na noite de sábado.
7127,Torcida,"Pela primeira vez na temporada, o torcedor mais antigo do clube cantou o hino do clube."
7128,Mercado da bola,O presidente do clube negociou a venda do jovem atacante logo no primeiro minuto.
7129,Arbitragem,"No confronto pela copa, o árbitro deu o apito final."
7130,Partida,"O jogador reserva, em plena data FIFA, marcou o gol da vitória."
7131,Partida,"Em plena data FIFA, o zagueiro marcou dois gols."
7132,Treinamento,"O auxiliar técnico, no jogo do centenário do clube, testou o meia na lateral."
7133,Partida,"No estádio lotado, o ponta-direita marcou o gol de empate."
7134,Treinamento,"O analista de desempenho, após o intervalo, testou um novo esquema tático."
7135,Treinamento,"A comissão técnica, no gramado encharcado, liberou o elenco para o fim de semana."
7136,Treinamento,"A comissão técnica, na partida transmitida para todo o país, fechou o treino à imprensa."
7137,Treinamento,O coordenador técnico comandou a atividade de finalização para delírio da torcida.
7138,Imprensa,A coluna do jornal narrou o golaço da rodada no estádio lotado.
7139,Treinamento,"Nos acréscimos, o técnico comandou o rachão."
7140,Torcida,O sócio-torcedor lotou o estádio no confronto pela copa.
7141,Campeonato,"No último jogo do ano, o lanterna venceu a partida decisiva."
7142,Categorias de base,A promessa do clube disputou a peneira regional no meio da semana.
7143,Imprensa,"O blogueiro esportivo, no segundo tempo, entrevistou o autor do gol."
7144,Arbitragem,"No gramado encharcado, a assistente deu seis minutos de acréscimo."
7145,Mercado da bola,"Na final da copa, o gerente de futebol anunciou a saída do capitão."
7146,Partida,"Na quarta-feira à noite, o zagueiro marcou o gol de empate."
7147,Treinamento,A comissão técnica intensificou as cobranças de pênalti no segundo tempo.
7148,Partida,"Na rodada de domingo, o ponta-direita marcou de pênalti."
7149,Mercado da bola,"O diretor de futebol, na volta das férias, sondou o técnico da seleção."
7150,Imprensa,"O canal de esportes, no jogo do centenário do clube, previu o rebaixamento do clube."
7151,Treinamento,"No gramado encharcado, o auxiliar técnico fechou o treino à imprensa."
7152,Arbitragem,"O árbitro, em plena data FIFA, aplicou o cartão vermelho."
7153,Categorias de base,"Na reta final da temporada, a escolinha de futebol impressionou a comissão técnica."
7154,Partida,O lateral-esquerdo deu um carrinho perfeito sob forte chuva.
7155,Partida,O meia-armador sofreu uma lesão muscular depois de três derrotas seguidas.
7156,Categorias de base,O time sub-15 impressionou os olheiros europeus nos acréscimos.
7157,Arbitragem,"O juiz da partida, durante a pré-temporada, deu seis minutos de acréscimo."
7158,Treinamento,O coordenador técnico intensificou o trabalho físico no estádio lotado.
7159,Mercado da bola,"Em pleno feriado, o diretor de futebol negociou a contratação do volante."
7160,Campeonato,"O clube recém-promovido, no último jogo do ano, venceu a partida decisiva."
7161,Treinamento,"O técnico, após o intervalo, testou o meia na lateral."
7162,Campeonato,"Após o intervalo, o azarão da competição venceu o clássico regional."
7163,Torcida,"No último jogo do ano, a charanga pediu mais raça aos jogadores."
7164,Imprensa,"Na Arena da Baixada, o blogueiro esportivo narrou a virada histórica."
7165,Partida,O ponta-direita cruzou na cabeça do centroavante em meio à crise.
7166,Partida,"O capitão do time, após o intervalo, cruzou rasteiro para o meio."
7167,Campeonato,"O líder do campeonato, em meio à crise, assumiu a liderança da tabela."
7168,Arbitragem,"A assistente, no jogo do centenário do clube, anulou o gol por falta no goleiro."
7169,Arbitragem,"O árbitro de vídeo, fora de casa, anulou o gol por impedimento."
7170,Imprensa,"Logo no primeiro minuto, o podcast de futebol elogiou o trabalho do técnico."
7171,Partida,"No jogo do centenário do clube, o ponta-direita perdeu um gol feito."
7172,Torcida,"A torcida organizada, diante de 40 mil torcedores, cantou durante os noventa minutos."
7173,Campeonato,O favorito ao título eliminou o atual campeão no jogo do centenário do clube.
7174,Categorias de base,O olheiro conquistou a Copinha no confronto pela copa.
7175,Treinamento,"O técnico, após o intervalo, planejou a recuperação dos atletas."
7176,Torcida,A torcida organizada fez um mosaico gigante em noite de casa cheia.
7177,Categorias de base,O time sub-20 estreou na seleção de base no jogo do returno.
7178,Imprensa,"A repórter de campo, na abertura da rodada, elogiou o trabalho do técnico."
7179,Torcida,A arquibancada comemorou a classificação sob forte chuva.
7180,Treinamento,O preparador de goleiros testou três zagueiros no jogo do centenário do clube.
7181,Arbitragem,"O juiz da partida, durante a pré-temporada, ignorou o toque de mão."
7182,Categorias de base,"Durante a pré-temporada, a promessa do clube foi promovido ao elenco principal."
7183,Torcida,O torcedor mais antigo do clube vaiou a escalação do técnico no jogo do returno.
7184,Torcida,A charanga aplaudiu a entrada do time em campo no estádio do rival.
7185,Mercado da bola,"Na rodada de domingo, o clube rival anunciou a chegada do novo técnico."
7186,Imprensa,"Em pleno feriado, a emissora de rádio criticou a arbitragem."
7187,Mercado da bola,"O diretor de futebol, em meio à crise, negociou a contratação do volante."
7188,Imprensa,"A repórter de campo, aos 45 minutos do segundo tempo, criticou a atuação do time."
7189,Arbitragem,"O árbitro principal, para delírio da torcida, aplicou a lei da vantagem."
7190,Partida,"O centroavante, após o intervalo, sofreu uma falta dura."
7191,Partida,O centroavante marcou de falta na despedida do ídolo.
7192,Mercado da bola,O clube árabe negociou a liberação do meia fora de casa.
7193,Campeonato,O time visitante empatou com o rival no estádio do rival.
7194,Partida,"Na partida transmitida para todo o país, o atacante deu uma assistência precisa."
7195,Treinamento,"No estádio do rival, o coordenador técnico planejou a recuperação dos atletas."
7196,Treinamento,"O analista de desempenho, em meio à crise, intensificou as cobranças de pênalti."
7197,Mercado da bola,"O empresário, na noite de sábado, pagou as luvas do reforço."
7198,Categorias de base,"Em noite de casa cheia, a escolinha de futebol foi promovido ao time sub-20."
7199,Treinamento,"O coordenador técnico, na estreia do campeonato, planejou a pré-temporada."
7200,Mercado da bola,O investidor da SAF pagou a multa rescisória na decisão do estadual.
7201,Mercado da bola,"O clube europeu, durante a pré-temporada, anunciou um patrocínio master."
7202,Torcida,A arquibancada vaiou o time na saída de campo na noite de sábado.
7203,Torcida,"Na noite de sábado, a torcida organizada aplaudiu a homenagem ao ídolo."
7204,Partida,"Em pleno feriado, o volante sofreu um pênalti."
7205,Treinamento,"O auxiliar técnico, no jogo do centenário do clube, ajustou a bola parada."
7206,Torcida,"O torcedor, em meio à crise, pediu a saída do técnico."
7207,Partida,"O zagueiro, no clássico de quarta-feira, cruzou na cabeça do centroavante."
7208,Arbitragem,A equipe de arbitragem deu seis minutos de acréscimo no último jogo do ano.
7209,Torcida,"No estádio do rival, a torcida jovem aplaudiu o goleiro."
7210,Torcida,A torcida jovem fez uma grande recepção ao elenco diante de 40 mil torcedores.
7211,Campeonato,"O favorito ao título, antes do intervalo, conquistou o título nacional."
7212,Arbitragem,"O árbitro, no clássico de quarta-feira, marcou o impedimento."
7213,Treinamento,O treinador interino fechou a escalação para o clássico após o intervalo.
7214,Partida,O capitão do time chutou forte de fora da área na estreia do campeonato.
7215,Imprensa,"No jogo do returno, a coluna do jornal entrevistou o autor do gol."
7216,Partida,O meia-armador cabeceou por cima do travessão aos 45 minutos do segundo tempo.
7217,Partida,"Na estreia do campeonato, o centroavante chutou a bola para fora."
7218,Imprensa,A emissora de rádio criticou a escalação inicial no segundo tempo.
7219,Partida,"Para delírio da torcida, o meia-armador finalizou na trave."
7220,Torcida,A torcida visitante lotou o estádio no gramado encharcado.
7221,Arbitragem,O árbitro de vídeo anulou o pênalti após revisão em noite de casa cheia.
7222,Categorias de base,A escolinha de futebol estreou no time profissional na estreia do campeonato.
7223,Torcida,"O torcedor mais antigo do clube, pela primeira vez na temporada, fez uma festa bonita."
7224,Campeonato,"O time visitante, após o intervalo, garantiu a permanência na primeira divisão."
7225,Treinamento,O técnico testou três zagueiros na noite de sábado.
7226,Partida,"O atacante, fora de casa, marcou dois gols."
7227,Treinamento,"Pela primeira vez na temporada, o treinador interino comandou o treino tático."
7228,Imprensa,"Na noite de sábado, o blogueiro esportivo narrou a virada histórica."
7229,Torcida,"Após o intervalo, a torcida mandante aplaudiu a entrada do time em campo."
7230,Campeonato,"O vice-líder, no domingo à tarde, venceu o confronto direto."
7231,Campeonato,"O lanterna, na final da copa, empatou o jogo de ida."
7232,Arbitragem,O árbitro principal ignorou as reclamações do banco no jogo de ida.
7233,Campeonato,O clube recém-promovido assumiu a liderança da tabela em meio à crise.
7234,Torcida,O sócio-torcedor vaiou o árbitro no segundo tempo.
7235,Partida,O ponta-direita finalizou de primeira no segundo tempo.
7236,Partida,"O jogador reserva, no segundo tempo, sofreu uma lesão muscular."
7237,Partida,O atacante marcou de pênalti no confronto pela copa.
7238,Mercado da bola,"A diretoria, na noite de sábado, negociou o empréstimo do lateral."
7239,Partida,"O volante, no estádio do rival, finalizou rente à trave."
7240,Categorias de base,O treinador do sub-17 conquistou o título estadual juvenil no estádio do rival.
7241,Campeonato,"O vice-líder, na quarta-feira à noite, conquistou a copa do estado."
7242,Mercado da bola,"O investidor da SAF, durante a pré-temporada, negociou a liberação do meia."
7243,Torcida,"A torcida mandante, no estádio lotado, fez um protesto pacífico."
7244,Torcida,O grupo de torcedores cantou durante os noventa minutos na quarta-feira à noite.
7245,Categorias de base,"O coordenador da base, logo no primeiro minuto, estreou no time profissional."
7246,Torcida,"O torcedor mais antigo do clube, diante de 40 mil torcedores, aplaudiu a homenagem ao ídolo."
7247,Partida,"O centroavante, durante a pré-temporada, sofreu uma falta dura."
7248,Torcida,"O torcedor mais antigo do clube, no domingo à tarde, cantou o nome do ídolo."
7249,Partida,"Em plena data FIFA, o lateral-esquerdo cabeceou após o escanteio."
7250,Imprensa,"O jornalista esportivo, nos acréscimos, entrevistou o capitão."
7251,Categorias de base,"O menino da comunidade, para delírio da torcida, disputou a semifinal do sub-20."
7252,Treinamento,"Na Arena da Baixada, o técnico liberou o lateral após exames."
7253,Categorias de base,A promessa do clube impressionou o técnico do profissional em pleno feriado.
7254,Mercado da bola,"Antes do intervalo, o empresário negociou a contratação do volante."
7255,Partida,"O zagueiro, fora de casa, marcou o gol de empate."
7256,Treinamento,"Sob forte chuva, o coordenador técnico testou o jovem da base no time titular."
7257,Imprensa,"A emissora de rádio, na estreia do campeonato, entrevistou o autor do gol."
7258,Arbitragem,O bandeirinha marcou um escanteio duvidoso no clássico de quarta-feira.
7259,Torcida,A arquibancada fez uma festa bonita em meio à crise.
7260,Campeonato,"No confronto pela copa, o líder do campeonato garantiu a vaga na Libertadores."
7261,Partida,"Na abertura da rodada, o zagueiro sofreu um pênalti."
7262,Mercado da bola,"Em pleno feriado, o clube rival negociou a contratação do volante."
7263,Mercado da bola,"Nos acréscimos, o empresário negociou o empréstimo do lateral."
7264,Mercado da bola,O clube rival anunciou a saída do capitão na rodada de domingo.
7265,Arbitragem,O assistente de vídeo ignorou o toque de mão em meio à crise.
7266,Imprensa,"O narrador, na quarta-feira à noite, narrou o golaço da rodada."
7267,Mercado da bola,"O diretor de futebol, na partida transmitida para todo o país, apresentou o novo uniforme."
7268,Partida,O camisa 10 marcou dois gols aos 45 minutos do segundo tempo.
7269,Torcida,"Durante a pré-temporada, o torcedor comemorou o título estadual."
7270,Campeonato,"O time visitante, no confronto pela copa, foi rebaixado para a segunda divisão."
7271,Categorias de base,"O garoto da base, diante de 40 mil torcedores, disputou a peneira regional."
7272,Imprensa,"O comentarista, diante de 40 mil torcedores, entrevistou o técnico."
7273,Imprensa,O canal de esportes revelou o novo patrocinador logo no primeiro minuto.
7274,Campeonato,O lanterna venceu o clássico regional na reta final da temporada.
7275,Arbitragem,"Pela primeira vez na temporada, o bandeirinha marcou o impedimento."
7276,Partida,"O volante, no jogo de ida, chutou cruzado para o gol."
7277,Partida,"Sob forte chuva, o camisa 10 marcou o gol de empate."
7278,Imprensa,"A emissora de rádio, no domingo à tarde, revelou o novo patrocinador."
7279,Imprensa,O jornalista esportivo narrou a decisão por pênaltis na rodada de domingo.
7280,Arbitragem,"O bandeirinha, na rodada de domingo, ignorou as reclamações do banco."
7281,Categorias de base,"No meio da semana, o coordenador da base revelou um goleiro de futuro."
7282,Imprensa,"O narrador, no gramado encharcado, criticou a arbitragem."
7283,Torcida,A torcida visitante fez uma festa bonita na rodada de domingo.
7284,Categorias de base,O garoto da base impressionou os olheiros europeus na quarta-feira à noite.
7285,Torcida,A charanga comemorou o acesso à primeira divisão na quarta-feira à noite.
7286,Categorias de base,"Nos acréscimos, a escolinha de futebol estreou com gol."
7287,Mercado da bola,"O investidor da SAF, no jogo de ida, negociou a venda do jovem atacante."
7288,Categorias de base,"O time sub-20, no jogo do centenário do clube, foi promovido ao elenco principal."
7289,Imprensa,O jornalista esportivo previu uma goleada no clássico diante de 40 mil torcedores.
7290,Imprensa,A repórter de campo noticiou a demissão do treinador na volta das férias.
7291,Mercado da bola,"O clube europeu, no jogo de ida, negociou a liberação do meia."
7292,Categorias de base,A escolinha de futebol assinou o primeiro contrato profissional em plena data FIFA.
7293,Treinamento,"Na Arena da Baixada, o coordenador técnico comandou o treino tático."
7294,Categorias de base,O menino da comunidade disputou a peneira regional no jogo de ida.
7295,Treinamento,"O fisiologista, em noite de casa cheia, intensificou as cobranças de pênalti."
7296,Treinamento,O departamento médico testou um novo esquema tático depois de três derrotas seguidas.
7297,Treinamento,"Na rodada de domingo, o fisiologista liberou o atacante para o jogo."
7298,Torcida,"Durante a pré-temporada, a charanga pediu a contratação de um centroavante."
7299,Arbitragem,O quarto árbitro marcou o tiro de meta durante a pré-temporada.
7300,Treinamento,"Na volta das férias, o fisiologista fechou a escalação para o clássico."
7301,Partida,"O camisa 10, fora de casa, deu um carrinho perfeito."
7302,Categorias de base,"Na abertura da rodada, o coordenador da base estreou no time profissional."
7303,Partida,O lateral-esquerdo perdeu um gol feito no gramado encharcado.
7304,Treinamento,"Em meio à crise, o preparador físico intensificou as cobranças de pênalti."
7305,Arbitragem,O bandeirinha marcou o impedimento nos acréscimos.
7306,Mercado da bola,"O clube rival, na partida transmitida para todo o país, pagou as luvas do reforço."
7307,Treinamento,O departamento médico fechou a escalação para o clássico no jogo do centenário do clube.
7308,Imprensa,O podcast de futebol criticou o esquema tático no meio da semana.
7309,Categorias de base,"O time sub-15, na final da copa, revelou um goleiro de futuro."
7310,Imprensa,"Na final da copa, o blogueiro esportivo revelou a escalação do clássico."
7311,Partida,"O centroavante, na final da copa, marcou de pênalti."
7312,Mercado da bola,O clube europeu apresentou o novo uniforme no meio da semana.
7313,Treinamento,"No clássico de quarta-feira, o coordenador técnico testou o meia na lateral."
7314,Imprensa,"No meio da semana, o jornalista esportivo noticiou a venda do atacante."
7315,Partida,"Na Arena da Baixada, o camisa 10 chutou forte de fora da área."
7316,Partida,"O volante, no meio da semana, chutou a bola para fora."
7317,Arbitragem,"Depois de três derrotas seguidas, o árbitro de vídeo deu o apito final."
7318,Imprensa,"Na estreia do campeonato, a repórter de campo elogiou a estreia do reforço."
7319,Partida,"O jogador reserva, na final da copa, perdeu o pênalti."
7320,Arbitragem,"O juiz da partida, na partida transmitida para todo o país, expulsou o zagueiro."
7321,Treinamento,"O fisiologista, na Arena da Baixada, fechou o treino à imprensa."
7322,Arbitragem,"O árbitro principal, no jogo do centenário do clube, marcou o pênalti."
7323,Treinamento,"O treinador interino, nos acréscimos, planejou a sequência de jogos."
7324,Partida,"O camisa 10, na estreia do campeonato, finalizou de primeira."
7325,Mercado da bola,O presidente do clube renovou o contrato do goleiro no gramado encharcado.
7326,Arbitragem,"A assistente, sob forte chuva, deu a bola ao chão."
7327,Torcida,"Em meio à crise, a torcida organizada fez uma festa bonita."
7328,Imprensa,"No jogo de ida, o narrador previu uma goleada no clássico."
7329,Arbitragem,A equipe de arbitragem marcou o impedimento no domingo à tarde.
7330,Campeonato,O atual campeão venceu por goleada no gramado encharcado.
7331,Categorias de base,"Pela primeira vez na temporada, o coordenador da base disputou a peneira regional."
7332,Arbitragem,"A árbitra, na decisão do estadual, expulsou o técnico."
7333,Categorias de base,"O time sub-15, na Arena da Baixada, estreou com gol."
7334,Categorias de base,O time sub-20 revelou um novo talento no confronto pela copa.
7335,Partida,"No gramado encharcado, o centroavante cabeceou por cima do travessão."
7336,Categorias de base,O treinador do sub-17 disputou a final do sub-17 na quarta-feira à noite.
7337,Categorias de base,O garoto da base revelou um goleiro de futuro diante de 40 mil torcedores.
7338,Campeonato,O atual campeão assumiu a liderança da tabela no último jogo do ano.
7339,Arbitragem,A equipe de arbitragem aplicou o cartão amarelo na abertura da rodada.
7340,Torcida,"O grupo de torcedores, no último jogo do ano, vaiou o jogador adversário."
7341,Imprensa,"A emissora de rádio, no domingo à tarde, entrevistou o técnico."
7342,Treinamento,O treinador interino intensificou o trabalho físico no jogo do centenário do clube.
7343,Torcida,"Depois de três derrotas seguidas, a arquibancada comemorou o acesso à primeira divisão."
7344,Partida,"Fora de casa, o lateral-esquerdo marcou de falta."
7345,Mercado da bola,O clube rival sondou um zagueiro do futebol argentino aos 45 minutos do segundo tempo.
7346,Imprensa,"Na quarta-feira à noite, o canal de esportes previu o rebaixamento do clube."
7347,Campeonato,O azarão da competição venceu por goleada diante de 40 mil torcedores.
7348,Torcida,"A torcida jovem, na Arena da Baixada, cantou o hino do clube."
7349,Partida,"O meia-armador, depois de três derrotas seguidas, marcou dois gols."
7350,Partida,"O zagueiro, no meio da semana, chutou a bola para fora."
7351,Torcida,"A torcida visitante, no clássico de quarta-feira, pediu a saída do técnico."
7352,Torcida,"A torcida jovem, no jogo do returno, cantou durante os noventa minutos."
7353,Categorias de base,"O jovem goleiro, na decisão do estadual, impressionou os olheiros europeus."
7354,Imprensa,A repórter de campo narrou o golaço da rodada em pleno feriado.
7355,Torcida,O torcedor mais antigo do clube aplaudiu a homenagem ao ídolo diante de 40 mil torcedores.
7356,Torcida,"Fora de casa, o sócio-torcedor lotou a frente do centro de treinamento."
7357,Partida,O camisa 10 cruzou rasteiro para o meio na quarta-feira à noite.
7358,Mercado da bola,"O presidente do clube, na quarta-feira à noite, negociou o empréstimo do lateral."
7359,Partida,"O centroavante, em noite de casa cheia, chutou forte de fora da área."
7360,Campeonato,"No confronto pela copa, o atual campeão foi rebaixado para a segunda divisão."
7361,Partida,"O capitão do time, aos 45 minutos do segundo tempo, finalizou na trave."
7362,Treinamento,"No jogo de ida, o fisiologista fechou o treino à imprensa."
7363,Treinamento,O auxiliar técnico comandou o treino tático no clássico de quarta-feira.
7364,Torcida,"A torcida jovem, na partida transmitida para todo o país, fez uma grande recepção ao elenco."
7365,Imprensa,O setorista revelou o novo patrocinador no último jogo do ano.
7366,Torcida,"Na final da copa, a arquibancada comemorou o gol da virada."
7367,Treinamento,"No meio da semana, o departamento médico planejou a sequência de jogos."
7368,Torcida,"Diante de 40 mil torcedores, a torcida visitante aplaudiu o goleiro."
7369,Treinamento,"Na rodada de domingo, o fisiologista planejou a pré-temporada."
7370,Treinamento,"Diante de 40 mil torcedores, o fisiologista intensificou os treinos de finalização."
7371,Partida,"O camisa 10, depois de três derrotas seguidas, sofreu uma lesão muscular."
7372,Torcida,"No meio da semana, a torcida mandante fez um mosaico gigante."
7373,Imprensa,"O comentarista, no meio da semana, previu o título do líder."
7374,Arbitragem,O bandeirinha deu a bola ao chão na rodada de domingo.
7375,Categorias de base,O jovem goleiro disputou a semifinal do sub-20 no estádio do rival.
7376,Partida,"O camisa 10, sob forte chuva, sofreu um pênalti."
7377,Treinamento,"O técnico, após o intervalo, intensificou o trabalho físico."
7378,Partida,O camisa 10 finalizou com o pé esquerdo no estádio lotado.
7379,Mercado da bola,A diretoria pagou a primeira parcela da transferência no jogo do centenário do clube.
7380,Partida,"No estádio do rival, o atacante deu um chapéu no marcador."
7381,Torcida,A torcida jovem fez um protesto pacífico na noite de sábado.
7382,Imprensa,"Na volta das férias, a emissora de rádio criticou a atuação do time."
7383,Imprensa,"No confronto pela copa, a emissora de rádio noticiou a demissão do treinador."
7384,Partida,"Pela primeira vez na temporada, o lateral-esquerdo chutou a bola para fora."
7385,Imprensa,O jornalista esportivo revelou os bastidores da negociação no gramado encharcado.
7386,Mercado da bola,O clube árabe renovou o contrato do goleiro no domingo à tarde.
7387,Torcida,"Depois de três derrotas seguidas, a charanga fez um protesto pacífico."
7388,Partida,O jogador reserva finalizou por cobertura durante a pré-temporada.
7389,Arbitragem,O assistente de vídeo ignorou o pedido de pênalti na final da copa.
7390,Categorias de base,O jovem goleiro disputou a semifinal do sub-20 para delírio da torcida.
7391,Categorias de base,A promessa do clube revelou um lateral promissor para delírio da torcida.
7392,Mercado da bola,"Logo no primeiro minuto, o agente do jogador renovou o contrato do artilheiro."
7393,Partida,"O jogador reserva, na decisão do estadual, marcou um golaço."
7394,Mercado da bola,"Na despedida do ídolo, o diretor de futebol sondou o técnico da seleção."
7395,Arbitragem,O juiz da partida aplicou o cartão vermelho na despedida do ídolo.
7396,Categorias de base,"O coordenador da base, na volta das férias, estreou no time profissional."
7397,Mercado da bola,O clube europeu sondou um ponta do interior paulista no estádio lotado.
7398,Partida,O ponta-direita finalizou com o pé esquerdo no segundo tempo.
7399,Categorias de base,A promessa do clube foi promovido ao elenco principal diante de 40 mil torcedores.
7400,Categorias de base,O time sub-15 impressionou os olheiros europeus no último jogo do ano.
7401,Treinamento,"No estádio lotado, o coordenador técnico planejou a recuperação dos atletas."
7402,Categorias de base,O time sub-20 revelou um lateral promissor em noite de casa cheia.
7403,Campeonato,"Sob forte chuva, o time do interior conquistou o acesso à Série A."
7404,Mercado da bola,"No último jogo do ano, o clube europeu apresentou o reforço à torcida."
7405,Torcida,"O torcedor mais antigo do clube, na volta das férias, vaiou o time na saída de campo."
7406,Categorias de base,O time sub-20 disputou a final do sub-17 nos acréscimos.
7407,Campeonato,"O favorito ao título, após o intervalo, venceu por goleada."
7408,Imprensa,"Em noite de casa cheia, o jornalista esportivo noticiou a venda do atacante."
7409,Arbitragem,"O quarto árbitro, para delírio da torcida, deu o apito final."
7410,Partida,"O jogador reserva, na noite de sábado, perdeu o pênalti."
7411,Categorias de base,"Na partida transmitida para todo o país, o time sub-15 conquistou a Copinha."
7412,Arbitragem,"O árbitro principal, aos 45 minutos do segundo tempo, ignorou o toque de mão."
7413,Campeonato,O vice-líder conquistou a copa do estado no domingo à tarde.
7414,Imprensa,O canal de esportes noticiou a demissão do treinador em plena data FIFA.
7415,Treinamento,"O técnico, no segundo tempo, intensificou os treinos de finalização."
7416,Treinamento,O treinador interino fechou a escalação para o clássico no domingo à tarde.
7417,Campeonato,O time do interior empatou com o rival no jogo de ida.
7418,Treinamento,"Logo no primeiro minuto, o analista de desempenho testou três zagueiros."
7419,Treinamento,O preparador físico comandou o coletivo com os titulares no jogo do centenário do clube.
7420,Mercado da bola,O clube árabe anunciou a saída do capitão no último jogo do ano.
7421,Treinamento,"No clássico de quarta-feira, o técnico comandou o treino tático."
7422,Imprensa,A repórter de campo revelou a escalação do clássico durante a pré-temporada.
7423,Torcida,O grupo de torcedores aplaudiu a entrada do time em campo em noite de casa cheia.
7424,Campeonato,O lanterna conquistou o título nacional na abertura da rodada.
7425,Campeonato,"O lanterna, na reta final da temporada, venceu o clássico regional."
7426,Imprensa,"O podcast de futebol, no confronto pela copa, revelou a escalação do clássico."
7427,Arbitragem,"O árbitro principal, na reta final da temporada, anulou o pênalti após revisão."
7428,Partida,O volante cabeceou para o fundo da rede diante de 40 mil torcedores.
7429,Torcida,O grupo de torcedores cantou sem parar na noite de sábado.
7430,Arbitragem,O árbitro principal expulsou o zagueiro no gramado encharcado.
7431,Categorias de base,"Na noite de sábado, o treinador do sub-17 estreou na seleção de base."
7432,Partida,"Na final da copa, o lateral-esquerdo chutou a bola no ângulo."
7433,Campeonato,"Na rodada de domingo, o favorito ao título conquistou o acesso à Série A."
7434,Treinamento,O preparador de goleiros comandou o coletivo com os titulares na decisão do estadual.
7435,Imprensa,O podcast de futebol previu uma goleada no clássico na estreia do campeonato.
7436,Imprensa,"A coluna do jornal, no estádio do rival, entrevistou o capitão."
7437,Imprensa,"Nos acréscimos, o podcast de futebol previu uma goleada no clássico."
7438,Partida,O capitão do time finalizou com o pé esquerdo após o intervalo.
7439,Categorias de base,"A escolinha de futebol, após o intervalo, conquistou a Copinha."
7440,Partida,O camisa 10 perdeu um gol feito na volta das férias.
7441,Categorias de base,"O time sub-20, no jogo do returno, disputou a peneira regional."
7442,Imprensa,O setorista noticiou a crise no vestiário logo no primeiro minuto.
7443,Campeonato,O atual campeão garantiu a permanência na primeira divisão logo no primeiro minuto.
7444,Mercado da bola,"O clube europeu, no jogo do returno, pagou a multa rescisória."
7445,Imprensa,O narrador elogiou a estreia do reforço nos acréscimos.
7446,Imprensa,"No jogo de ida, a coluna do jornal previu o título do líder."
7447,Mercado da bola,O presidente do clube sondou um zagueiro do futebol argentino no segundo tempo.
7448,Mercado da bola,"No estádio lotado, o diretor de futebol apresentou o novo uniforme."
7449,Mercado da bola,"A diretoria, em noite de casa cheia, anunciou a chegada do novo técnico."
7450,Campeonato,O líder do campeonato perdeu a invencibilidade no jogo do returno.
7451,Partida,"O capitão do time, no último jogo do ano, sofreu um pênalti."
7452,Partida,O capitão do time finalizou por cobertura pela primeira vez na temporada.
7453,Arbitragem,"Pela primeira vez na temporada, a equipe de arbitragem marcou um escanteio duvidoso."
7454,Mercado da bola,"Na partida transmitida para todo o país, o agente do jogador sondou um ponta do interior paulista."
7455,Arbitragem,"A assistente, em noite de casa cheia, aplicou o cartão vermelho."
7456,Categorias de base,O olheiro disputou a final do sub-17 no domingo à tarde.
7457,Treinamento,"O preparador de goleiros, aos 45 minutos do segundo tempo, planejou a recuperação dos atletas."
7458,Partida,O zagueiro sofreu um pênalti em plena data FIFA.
7459,Torcida,"Em pleno feriado, a torcida visitante vaiou o jogador adversário."
7460,Torcida,"A torcida organizada, antes do intervalo, cantou o nome do ídolo."
7461,Partida,"Durante a pré-temporada, o jogador reserva cabeceou no canto do goleiro."
7462,Treinamento,"O coordenador técnico, no jogo do returno, comandou a atividade de finalização."
7463,Imprensa,"Fora de casa, o setorista narrou a decisão por pênaltis."
7464,Partida,"Na partida transmitida para todo o país, o zagueiro sofreu um pênalti."
7465,Torcida,A arquibancada vaiou o jogador adversário no jogo do returno.
7466,Campeonato,"No jogo do returno, o time do interior eliminou o favorito ao título."
7467,Categorias de base,"O coordenador da base, na partida transmitida para todo o país, revelou um goleiro de futuro."
7468,Partida,"Na Arena da Baixada, o zagueiro chutou a bola para fora."
7469,Torcida,A torcida organizada aplaudiu a entrada do time em campo para delírio da torcida.
7470,Treinamento,O preparador de goleiros testou o meia na lateral em plena data FIFA.
7471,Imprensa,A coluna do jornal entrevistou o técnico no jogo do centenário do clube.
7472,Categorias de base,"O treinador do sub-17, na quarta-feira à noite, impressionou os olheiros europeus."
7473,Imprensa,"O canal de esportes, no último jogo do ano, revelou os bastidores da negociação."
7474,Categorias de base,"Após o intervalo, o olheiro assinou com um clube europeu."
7475,Campeonato,"No segundo tempo, o atual campeão eliminou o favorito ao título."
7476,Torcida,A arquibancada aplaudiu a entrada do time em campo em noite de casa cheia.
7477,Torcida,"A arquibancada, logo no primeiro minuto, vaiou o árbitro."
7478,Imprensa,"A repórter de campo, aos 45 minutos do segundo tempo, criticou o esquema tático."
7479,Arbitragem,"No clássico de quarta-feira, a equipe de arbitragem marcou um escanteio duvidoso."
7480,Arbitragem,"A árbitra, no jogo do returno, expulsou o volante adversário."
7481,Campeonato,O favorito ao título garantiu a classificação para as quartas no domingo à tarde.
7482,Categorias de base,"No jogo de ida, o coordenador da base impressionou a comissão técnica."
7483,Partida,"Na rodada de domingo, o capitão do time cruzou para a área."
7484,Arbitragem,A árbitra anulou o gol por impedimento no estádio lotado.
7485,Categorias de base,O garoto da base foi promovido ao elenco principal na estreia do campeonato.
7486,Arbitragem,O árbitro de vídeo anulou o pênalti após revisão no meio da semana.
7487,Partida,"O atacante, sob forte chuva, chutou a bola para fora."
7488,Arbitragem,A equipe de arbitragem revisou a jogada do gol no domingo à tarde.
7489,Torcida,"No jogo de ida, a arquibancada cantou o hino do clube."
7490,Imprensa,"Na Arena da Baixada, o narrador entrevistou o técnico."
7491,Torcida,"O grupo de torcedores, no meio da semana, fez uma festa bonita."
7492,Partida,O volante perdeu um gol feito após o intervalo.
7493,Torcida,A torcida jovem aplaudiu a homenagem ao ídolo no jogo do centenário do clube.
7494,Torcida,"Logo no primeiro minuto, o sócio-torcedor fez uma grande recepção ao elenco."
7495,Partida,"No domingo à tarde, o camisa 10 deu um drible desconcertante."
7496,Categorias de base,"Na decisão do estadual, o time sub-20 disputou a peneira regional."
7497,Categorias de base,"No último jogo do ano, o time sub-15 impressionou os olheiros europeus."
7498,Imprensa,"Fora de casa, o setorista noticiou a crise no vestiário."
7499,Torcida,"A torcida mandante, na Arena da Baixada, lotou o aeroporto."
7500,Imprensa,"Nos acréscimos, o podcast de futebol criticou a escalação inicial."
7501,Campeonato,"O atual campeão, em pleno feriado, conquistou a copa do estado."
7502,Torcida,"A torcida organizada, no confronto pela copa, fez um protesto pacífico."
7503,Mercado da bola,"No estádio do rival, o clube europeu renovou o vínculo do capitão."
7504,Torcida,"O grupo de torcedores, após o intervalo, lotou a frente do centro de treinamento."
7505,Torcida,"Fora de casa, a torcida visitante aplaudiu a homenagem ao ídolo."
7506,Treinamento,O analista de desempenho ajustou a saída de bola na volta das férias.
7507,Categorias de base,O olheiro assinou o primeiro contrato profissional na decisão do estadual.
7508,Imprensa,"A coluna do jornal, fora de casa, criticou a arbitragem."
7509,Treinamento,"Na decisão do estadual, o auxiliar técnico testou o meia na lateral."
7510,Categorias de base,"O garoto da base, na quarta-feira à noite, revelou um novo talento."
7511,Imprensa,"A repórter de campo, para delírio da torcida, revelou o novo patrocinador."
7512,Treinamento,"Na despedida do ídolo, o treinador interino ajustou a bola parada."
7513,Treinamento,"O técnico, aos 45 minutos do segundo tempo, comandou o coletivo com os titulares."
7514,Treinamento,"Em plena data FIFA, o coordenador técnico comandou o treino tático."
7515,Imprensa,O comentarista noticiou a crise no vestiário no segundo tempo.
7516,Mercado da bola,"O presidente do clube, em plena data FIFA, anunciou o reforço para a temporada."
7517,Imprensa,"O setorista, aos 45 minutos do segundo tempo, criticou o esquema tático."
7518,Torcida,"Após o intervalo, o torcedor mais antigo do clube fez um protesto pacífico."
7519,Treinamento,"Na despedida do ídolo, o treinador interino intensificou o trabalho físico."
7520,Imprensa,O comentarista previu o título do líder na volta das férias.
7521,Categorias de base,"O garoto da base, para delírio da torcida, estreou no time profissional."
7522,Partida,"Antes do intervalo, o capitão do time cruzou na cabeça do centroavante."
7523,Partida,O capitão do time sofreu uma lesão muscular em meio à crise.
7524,Partida,"Na rodada de domingo, o jogador reserva chutou forte de fora da área."
7525,Torcida,"No jogo de ida, o grupo de torcedores comemorou o título estadual."
7526,Categorias de base,A escolinha de futebol disputou a semifinal do sub-20 após o intervalo.
7527,Arbitragem,"Em plena data FIFA, o árbitro de vídeo deu o apito final."
7528,Torcida,"A torcida organizada, no estádio lotado, comemorou o acesso à primeira divisão."
7529,Partida,"Na final da copa, o centroavante marcou um golaço."
7530,Partida,"Antes do intervalo, o zagueiro cruzou na cabeça do centroavante."
7531,Campeonato,"O clube recém-promovido, durante a pré-temporada, venceu o confronto direto."
7532,Campeonato,"O time visitante, pela primeira vez na temporada, empatou sem gols."
7533,Treinamento,"O analista de desempenho, na noite de sábado, ajustou a saída de bola."
7534,Arbitragem,O árbitro de vídeo aplicou o cartão amarelo em meio à crise.
7535,Treinamento,O preparador físico ajustou a bola parada aos 45 minutos do segundo tempo.
7536,Imprensa,"Para delírio da torcida, o setorista previu uma goleada no clássico."
7537,Torcida,"A arquibancada, na final da copa, vaiou a escalação do técnico."
7538,Arbitragem,A árbitra deu seis minutos de acréscimo para delírio da torcida.
7539,Imprensa,"No confronto pela copa, o setorista entrevistou o autor do gol."
7540,Mercado da bola,"O clube árabe, durante a pré-temporada, sondou o técnico da seleção."
7541,Torcida,A torcida jovem fez um protesto pacífico no estádio do rival.
7542,Mercado da bola,"No último jogo do ano, o gerente de futebol apresentou o novo camisa 9."
7543,Partida,"Fora de casa, o capitão do time cabeceou para o fundo da rede."
7544,Arbitragem,O juiz da partida ignorou o toque de mão no domingo à tarde.
7545,Imprensa,"Sob forte chuva, a emissora de rádio noticiou a demissão do treinador."
7546,Mercado da bola,O clube europeu anunciou o reforço para a temporada durante a pré-temporada.
7547,Campeonato,O azarão da competição perdeu a invencibilidade em pleno feriado.
7548,Treinamento,O auxiliar técnico comandou o coletivo com os titulares logo no primeiro minuto.
7549,Imprensa,A repórter de campo noticiou a crise no vestiário sob forte chuva.
7550,Partida,O meia-armador cabeceou por cima do travessão na final da copa.
7551,Arbitragem,"Aos 45 minutos do segundo tempo, o assistente de vídeo ignorou o toque de mão."
7552,Mercado da bola,O investidor da SAF recusou a oferta do rival no estádio do rival.
7553,Imprensa,"O jornalista esportivo, na abertura da rodada, noticiou a crise no vestiário."
7554,Categorias de base,O time sub-15 disputou a peneira regional no estádio do rival.
7555,Torcida,"No estádio lotado, o grupo de torcedores fez uma festa bonita."
7556,Mercado da bola,O empresário sondou o técnico da seleção no clássico de quarta-feira.
7557,Campeonato,"Logo no primeiro minuto, o vice-líder perdeu a final nos pênaltis."
7558,Arbitragem,"A equipe de arbitragem, na Arena da Baixada, ignorou o pedido de pênalti."
7559,Treinamento,O analista de desempenho ajustou o posicionamento da defesa no domingo à tarde.
7560,Mercado da bola,O clube rival apresentou o novo camisa 9 para delírio da torcida.
7561,Torcida,"Na final da copa, a torcida visitante vaiou o árbitro."
7562,Categorias de base,"O olheiro, sob forte chuva, conquistou o título estadual juvenil."
7563,Campeonato,O líder do campeonato assumiu a liderança da tabela na rodada de domingo.
7564,Partida,O centroavante marcou de falta na volta das férias.
7565,Campeonato,"Na decisão do estadual, o favorito ao título conquistou o título nacional."
7566,Arbitragem,"O árbitro, no jogo do returno, marcou o tiro de meta."
7567,Imprensa,"Em meio à crise, o blogueiro esportivo previu o título do líder."
7568,Mercado da bola,O empresário renovou o contrato do artilheiro em meio à crise.
7569,Arbitragem,O bandeirinha anulou o pênalti após revisão no último jogo do ano.
7570,Partida,"No estádio lotado, o zagueiro finalizou rente à trave."
7571,Treinamento,"Na final da copa, o coordenador técnico ajustou a bola parada."
7572,Partida,O capitão do time marcou um golaço na final da copa.
7573,Mercado da bola,"O clube europeu, diante de 40 mil torcedores, negociou o empréstimo do lateral."
7574,Partida,"Diante de 40 mil torcedores, o zagueiro deu um carrinho perfeito."
7575,Partida,"O ponta-direita, no clássico de quarta-feira, finalizou na trave."
7576,Partida,"Na decisão do estadual, o capitão do time deu uma assistência precisa."
7577,Torcida,O sócio-torcedor aplaudiu o goleiro na noite de sábado.
7578,Partida,O volante sofreu uma falta dura em meio à crise.
7579,Mercado da bola,"O clube rival, antes do intervalo, apresentou o reforço à torcida."
7580,Campeonato,"Na Arena da Baixada, o líder do campeonato empatou sem gols."
7581,Categorias de base,"Na estreia do campeonato, a promessa do clube revelou um goleiro de futuro."
7582,Torcida,"O torcedor mais antigo do clube, no domingo à tarde, aplaudiu a homenagem ao ídolo."
7583,Partida,O centroavante marcou um golaço antes do intervalo.
7584,Partida,"O capitão do time, antes do intervalo, marcou de pênalti."
7585,Arbitragem,"O bandeirinha, no estádio do rival, revisou a jogada do gol."
7586,Imprensa,A coluna do jornal narrou a decisão por pênaltis no jogo de ida.
7587,Imprensa,"No domingo à tarde, o canal de esportes criticou a escalação inicial."
7588,Partida,O zagueiro marcou o gol de empate pela primeira vez na temporada.
7589,Arbitragem,A árbitra ignorou o pedido de pênalti pela primeira vez na temporada.
7590,Imprensa,O podcast de futebol previu o rebaixamento do clube durante a pré-temporada.
7591,Campeonato,O time da casa garantiu a permanência na primeira divisão na decisão do estadual.
7592,Partida,O jogador reserva cabeceou para o fundo da rede no último jogo do ano.
7593,Torcida,"No confronto pela copa, a torcida jovem vaiou o time na saída de campo."
7594,Imprensa,"A coluna do jornal, na despedida do ídolo, narrou a virada histórica."
7595,Categorias de base,"O garoto da base, em pleno feriado, foi promovido ao time sub-20."
7596,Imprensa,O jornalista esportivo entrevistou o autor do gol em pleno feriado.
7597,Treinamento,"Depois de três derrotas seguidas, o fisiologista comandou o coletivo com os titulares."
7598,Partida,O centroavante marcou de pênalti aos 45 minutos do segundo tempo.
7599,Imprensa,"No jogo de ida, a emissora de rádio entrevistou o autor do gol."
7600,Treinamento,"O auxiliar técnico, em noite de casa cheia, comandou o treino tático."
7601,Categorias de base,O garoto da base estreou na seleção de base em plena data FIFA.
7602,Arbitragem,"A árbitra, na final da copa, deu o apito final."
7603,Arbitragem,"A árbitra, depois de três derrotas seguidas, revisou o lance no monitor."
7604,Campeonato,O lanterna venceu o clássico regional no estádio do rival.
7605,Campeonato,O lanterna assumiu a vice-liderança na partida transmitida para todo o país.
7606,Campeonato,O favorito ao título garantiu a vaga na Libertadores na estreia do campeonato.
7607,Treinamento,"No domingo à tarde, o treinador interino intensificou as cobranças de pênalti."
7608,Imprensa,A coluna do jornal revelou a escalação do clássico no estádio do rival.
7609,Categorias de base,"Para delírio da torcida, o time sub-20 revelou um novo talento."
7610,Partida,"O meia-armador, em meio à crise, marcou de falta."
7611,Arbitragem,O árbitro principal anulou o gol por falta no goleiro durante a pré-temporada.
7612,Torcida,"O grupo de torcedores, em noite de casa cheia, lotou o estádio."
7613,Torcida,"O sócio-torcedor, na estreia do campeonato, aplaudiu o goleiro."
7614,Torcida,O torcedor mais antigo do clube aplaudiu o goleiro pela primeira vez na temporada.
7615,Imprensa,A emissora de rádio narrou a virada histórica logo no primeiro minuto.
7616,Torcida,A torcida organizada aplaudiu o elenco após a derrota após o intervalo.
7617,Treinamento,"Na estreia do campeonato, o coordenador técnico comandou a atividade de finalização."
7618,Mercado da bola,"O clube árabe, no estádio do rival, anunciou um patrocínio master."
7619,Arbitragem,O bandeirinha revisou o lance no monitor no confronto pela copa.
7620,Mercado da bola,"No jogo do centenário do clube, o empresário negociou o empréstimo do lateral."
7621,Arbitragem,O árbitro marcou o tiro de meta sob forte chuva.
7622,Arbitragem,"No jogo do centenário do clube, a árbitra expulsou o técnico."
7623,Arbitragem,O juiz da partida marcou o tiro de meta em meio à crise.
7624,Mercado da bola,"No clássico de quarta-feira, o presidente do clube recusou uma proposta milionária."
7625,Treinamento,"O fisiologista, na quarta-feira à noite, planejou a recuperação dos atletas."
7626,Imprensa,"Após o intervalo, o blogueiro esportivo previu o título do líder."
7627,Partida,O lateral-esquerdo finalizou com o pé esquerdo para delírio da torcida.
7628,Imprensa,"Logo no primeiro minuto, a emissora de rádio narrou a virada histórica."
7629,Imprensa,"O narrador, sob forte chuva, noticiou a demissão do treinador."
7630,Torcida,"Na quarta-feira à noite, a arquibancada lotou o aeroporto."
7631,Categorias de base,O menino da comunidade foi promovido ao time sub-20 depois de três derrotas seguidas.
7632,Torcida,"No meio da semana, o torcedor vaiou o jogador adversário."
7633,Imprensa,O comentarista narrou a decisão por pênaltis na Arena da Baixada.
7634,Categorias de base,O time sub-20 disputou a final do sub-17 no clássico de quarta-feira.
7635,Treinamento,"O departamento médico, em meio à crise, intensificou as cobranças de pênalti."
7636,Torcida,"Nos acréscimos, o torcedor lotou a frente do centro de treinamento."
7637,Partida,O ponta-direita marcou o gol da vitória no meio da semana.
7638,Mercado da bola,"No gramado encharcado, o clube europeu sondou um ponta do interior paulista."
7639,Campeonato,"Na volta das férias, o azarão da competição eliminou o atual campeão."
7640,Imprensa,"O podcast de futebol, após o intervalo, noticiou a lesão do artilheiro."
7641,Arbitragem,"O quarto árbitro, em meio à crise, deu o apito final."
7642,Torcida,O grupo de torcedores pediu a contratação de um centroavante na despedida do ídolo.
7643,Imprensa,"Após o intervalo, o setorista criticou a escalação inicial."
7644,Campeonato,"O azarão da competição, no domingo à tarde, assumiu a vice-liderança."
7645,Mercado da bola,"Diante de 40 mil torcedores, o clube europeu negociou o empréstimo do lateral."
7646,Treinamento,"No confronto pela copa, o preparador de goleiros testou três zagueiros."
7647,Partida,O lateral-esquerdo deu um drible desconcertante na reta final da temporada.
7648,Arbitragem,"No jogo do returno, a assistente deu o apito final."
7649,Partida,"O volante, na final da copa, finalizou de primeira."
7650,Categorias de base,"O menino da comunidade, na decisão do estadual, impressionou a comissão técnica."
7651,Mercado da bola,O presidente do clube recusou a troca de jogadores na decisão do estadual.
7652,Treinamento,A comissão técnica ajustou a marcação por pressão na Arena da Baixada.
7653,Partida,"O capitão do time, no último jogo do ano, marcou um golaço."
7654,Treinamento,O analista de desempenho liberou o elenco para o fim de semana no jogo do centenário do clube.
7655,Partida,O jogador reserva cabeceou após o escanteio no domingo à tarde.
7656,Partida,"Após o intervalo, o centroavante finalizou rente à trave."
7657,Arbitragem,O bandeirinha deu seis minutos de acréscimo em pleno feriado.
7658,Imprensa,"A emissora de rádio, na final da copa, revelou o novo patrocinador."
7659,Mercado da bola,"O clube árabe, pela primeira vez na temporada, sondou um ponta do interior paulista."
7660,Treinamento,A comissão técnica intensificou os treinos de finalização na rodada de domingo.
7661,Campeonato,"O time da casa, no jogo do centenário do clube, assumiu a liderança da tabela."
7662,Categorias de base,O jovem goleiro estreou na seleção de base no segundo tempo.
7663,Arbitragem,"Na decisão do estadual, a assistente anulou o gol por falta no goleiro."
7664,Arbitragem,"Em noite de casa cheia, o bandeirinha ignorou o pedido de pênalti."
7665,Partida,O volante cruzou rasteiro para o meio em noite de casa cheia.
7666,Categorias de base,"O time sub-15, em plena data FIFA, estreou na seleção de base."
7667,Campeonato,"O atual campeão, no jogo de ida, venceu a partida decisiva."
7668,Treinamento,"Na Arena da Baixada, o departamento médico planejou a recuperação dos atletas."
7669,Imprensa,A emissora de rádio previu uma goleada no clássico no confronto pela copa.
7670,Categorias de base,"O olheiro, na Arena da Baixada, disputou a semifinal do sub-20."
7671,Torcida,"No estádio lotado, o sócio-torcedor vaiou o jogador adversário."
7672,Partida,"O ponta-direita, em meio à crise, deu um carrinho perfeito."
7673,Campeonato,O time da casa garantiu a permanência na primeira divisão no gramado encharcado.
7674,Campeonato,"O time da casa, para delírio da torcida, perdeu a liderança da tabela."
7675,Imprensa,"No jogo do returno, a emissora de rádio entrevistou o técnico."
7676,Partida,O capitão do time deu uma assistência precisa na noite de sábado.
7677,Campeonato,"No jogo do centenário do clube, o atual campeão empatou sem gols."
7678,Torcida,"A torcida visitante, nos acréscimos, fez um protesto pacífico."
7679,Categorias de base,"Na noite de sábado, o jovem goleiro impressionou o técnico do profissional."
7680,Arbitragem,"O árbitro de vídeo, no último jogo do ano, deu seis minutos de acréscimo."
7681,Imprensa,O narrador elogiou o desempenho do goleiro fora de casa.
7682,Partida,O lateral-esquerdo perdeu a chance de empatar na decisão do estadual.
7683,Imprensa,"No meio da semana, a emissora de rádio revelou a escalação do clássico."
7684,Torcida,"O torcedor mais antigo do clube, no estádio do rival, vaiou a escalação do técnico."
7685,Campeonato,"Depois de três derrotas seguidas, o time da casa venceu a partida decisiva."
7686,Imprensa,"Na estreia do campeonato, o jornalista esportivo elogiou a estreia do reforço."
7687,Partida,O volante marcou dois gols no estádio lotado.
7688,Categorias de base,O treinador do sub-17 estreou com gol na volta das férias.
7689,Partida,"O zagueiro, aos 45 minutos do segundo tempo, chutou a bola para fora."
7690,Partida,"O ponta-direita, na partida transmitida para todo o país, finalizou na trave."
7691,Torcida,"O torcedor, na rodada de domingo, lotou o estádio."
7692,Arbitragem,A equipe de arbitragem ignorou o toque de mão em plena data FIFA.
7693,Mercado da bola,"O clube rival, em noite de casa cheia, recusou a oferta do rival."
7694,Campeonato,"Após o intervalo, o azarão da competição venceu a partida decisiva."
7695,Torcida,A torcida jovem vaiou a escalação do técnico em meio à crise.
7696,Arbitragem,"Na abertura da rodada, a árbitra anulou o gol por falta no goleiro."
7697,Mercado da bola,O investidor da SAF negociou a venda do jovem atacante no meio da semana.
7698,Mercado da bola,"Logo no primeiro minuto, o clube europeu sondou um ponta do interior paulista."
7699,Arbitragem,"O juiz da partida, na reta final da temporada, anulou o gol por falta no goleiro."
7700,Partida,O lateral-esquerdo marcou o gol da vitória durante a pré-temporada.
7701,Imprensa,"No gramado encharcado, a coluna do jornal elogiou o trabalho do técnico."
7702,Imprensa,"O podcast de futebol, no jogo do returno, narrou a decisão por pênaltis."
7703,Partida,O atacante cruzou na cabeça do centroavante fora de casa.
7704,Mercado da bola,"O clube europeu, na decisão do estadual, negociou a liberação do meia."
7705,Campeonato,"O atual campeão, na reta final da temporada, empatou sem gols."
7706,Arbitragem,A equipe de arbitragem ignorou o toque de mão no jogo do centenário do clube.
7707,Campeonato,"Na final da copa, o vice-líder venceu por goleada."
7708,Treinamento,"Aos 45 minutos do segundo tempo, o auxiliar técnico comandou o coletivo com os titulares."
7709,Imprensa,"Na final da copa, o comentarista entrevistou o técnico."
7710,Imprensa,O jornalista esportivo entrevistou o técnico no clássico de quarta-feira.
7711,Arbitragem,"O árbitro de vídeo, na noite de sábado, anulou o pênalti após revisão."
7712,Imprensa,O canal de esportes previu uma goleada no clássico na final da copa.
7713,Mercado da bola,O diretor de futebol apresentou o novo camisa 9 na quarta-feira à noite.
7714,Campeonato,"O líder do campeonato, logo no primeiro minuto, empatou o jogo de ida."
7715,Categorias de base,"Sob forte chuva, o treinador do sub-17 estreou com gol."
7716,Categorias de base,"No estádio do rival, o garoto da base conquistou a Copinha."
7717,Categorias de base,O olheiro revelou um novo talento no meio da semana.
7718,Campeonato,"O azarão da competição, em meio à crise, venceu o clássico regional."
7719,Imprensa,"O blogueiro esportivo, fora de casa, narrou a virada histórica."
7720,Categorias de base,"O time sub-20, em plena data FIFA, impressionou o técnico do profissional."
7721,Partida,O zagueiro finalizou rente à trave no estádio do rival.
7722,Categorias de base,O time sub-20 foi promovido ao time sub-20 na noite de sábado.
7723,Torcida,"Para delírio da torcida, o sócio-torcedor cantou sem parar."
7724,Campeonato,O favorito ao título perdeu a invencibilidade depois de três derrotas seguidas.
7725,Partida,O capitão do time sofreu uma lesão muscular na estreia do campeonato.
7726,Partida,"Na decisão do estadual, o lateral-esquerdo marcou de falta."
7727,Mercado da bola,"O clube árabe, pela primeira vez na temporada, anunciou a chegada do novo técnico."
7728,Mercado da bola,"No último jogo do ano, o diretor de futebol sondou um ponta do interior paulista."
7729,Imprensa,"Na volta das férias, a emissora de rádio previu o título do líder."
7730,Imprensa,"A emissora de rádio, no meio da semana, previu o título do líder."
7731,Categorias de base,"A escolinha de futebol, no jogo do centenário do clube, conquistou o torneio internacional de base."
7732,Arbitragem,"O árbitro, aos 45 minutos do segundo tempo, revisou o toque de mão."
7733,Imprensa,"Sob forte chuva, o jornalista esportivo narrou a virada histórica."
7734,Categorias de base,"O olheiro, antes do intervalo, revelou um goleiro de futuro."
7735,Treinamento,"O fisiologista, depois de três derrotas seguidas, comandou o coletivo com os titulares."
7736,Campeonato,"Nos acréscimos, o time do interior eliminou o atual campeão."
7737,Campeonato,"O azarão da competição, na decisão do estadual, conquistou o título nacional."
7738,Imprensa,A emissora de rádio elogiou a postura do time na volta das férias.
7739,Torcida,"O torcedor mais antigo do clube, na Arena da Baixada, lotou o aeroporto."
7740,Categorias de base,"No jogo do returno, o olheiro assinou com um clube europeu."
7741,Campeonato,"No estádio lotado, o vice-líder empatou o jogo de ida."
7742,Arbitragem,O assistente de vídeo deu a bola ao chão depois de três derrotas seguidas.
7743,Arbitragem,"Antes do intervalo, o árbitro de vídeo aplicou o cartão vermelho."
7744,Arbitragem,"No jogo do centenário do clube, a assistente ignorou o pedido de pênalti."
7745,Treinamento,"Antes do intervalo, o preparador físico ajustou a saída de bola."
7746,Arbitragem,"O árbitro principal, em pleno feriado, marcou o pênalti."
7747,Mercado da bola,"O investidor da SAF, no estádio do rival, sondou o técnico da seleção."
7748,Arbitragem,"O quarto árbitro, em pleno feriado, marcou o pênalti."
7749,Campeonato,"No jogo do centenário do clube, o atual campeão venceu o confronto direto."
7750,Treinamento,"Na reta final da temporada, o preparador físico ajustou a saída de bola."
7751,Arbitragem,O assistente de vídeo anulou o gol por impedimento na final da copa.
7752,Imprensa,O canal de esportes noticiou a demissão do treinador em pleno feriado.
7753,Partida,"O volante, no clássico de quarta-feira, chutou cruzado para o gol."
7754,Torcida,"O sócio-torcedor, sob forte chuva, cantou o nome do ídolo."
7755,Campeonato,"O atual campeão, no segundo tempo, venceu o clássico regional."
7756,Campeonato,"O azarão da competição, na Arena da Baixada, venceu por goleada."
7757,Arbitragem,O juiz da partida ignorou o toque de mão na noite de sábado.
7758,Arbitragem,O juiz da partida marcou o pênalti na partida transmitida para todo o país.
7759,Arbitragem,"O bandeirinha, em pleno feriado, anulou o gol por impedimento."
7760,Campeonato,"O lanterna, no confronto pela copa, conquistou a copa do estado."
7761,Campeonato,"O time do interior, na abertura da rodada, venceu o clássico regional."
7762,Mercado da bola,"No segundo tempo, o clube europeu negociou a contratação do volante."
7763,Treinamento,"Aos 45 minutos do segundo tempo, a comissão técnica ajustou a saída de bola."
7764,Mercado da bola,"No clássico de quarta-feira, o clube árabe negociou a contratação do volante."
7765,Partida,"O centroavante, no meio da semana, sofreu uma lesão muscular."
7766,Categorias de base,"Aos 45 minutos do segundo tempo, o garoto da base revelou um novo talento."
7767,Arbitragem,A assistente expulsou o volante adversário no segundo tempo.
7768,Partida,"O jogador reserva, aos 45 minutos do segundo tempo, sofreu uma lesão muscular."
7769,Arbitragem,O quarto árbitro revisou a jogada do gol sob forte chuva.
7770,Arbitragem,"Na partida transmitida para todo o país, o árbitro de vídeo deu a bola ao chão."
7771,Mercado da bola,"O diretor de futebol, no gramado encharcado, recusou a troca de jogadores."
7772,Torcida,O torcedor mais antigo do clube cantou o nome do ídolo na Arena da Baixada.
7773,Torcida,"O torcedor, no jogo de ida, aplaudiu a homenagem ao ídolo."
7774,Partida,"O capitão do time, sob forte chuva, marcou dois gols."
7775,Torcida,A arquibancada cantou durante os noventa minutos sob forte chuva.
7776,Campeonato,"Na rodada de domingo, o favorito ao título assumiu a liderança da tabela."
7777,Mercado da bola,"O presidente do clube, nos acréscimos, anunciou a chegada do novo técnico."
7778,Arbitragem,O árbitro principal marcou um escanteio duvidoso em plena data FIFA.
7779,Categorias de base,"O time sub-20, no segundo tempo, assinou com um clube europeu."
7780,Arbitragem,O árbitro principal expulsou o técnico na abertura da rodada.
7781,Torcida,"Nos acréscimos, o torcedor mais antigo do clube comemorou o gol da virada."
7782,Partida,O ponta-direita deu uma assistência precisa na Arena da Baixada.
7783,Torcida,"No domingo à tarde, a charanga comemorou a classificação."
7784,Partida,O zagueiro cruzou para a área no meio da semana.
7785,Mercado da bola,"Na abertura da rodada, a diretoria renovou o contrato do artilheiro."
7786,Imprensa,"O narrador, no estádio lotado, narrou a decisão por pênaltis."
7787,Campeonato,O líder do campeonato perdeu a invencibilidade em plena data FIFA.
7788,Categorias de base,"O olheiro, diante de 40 mil torcedores, impressionou os olheiros europeus."
7789,Imprensa,O comentarista narrou a virada histórica logo no primeiro minuto.
7790,Mercado da bola,"O clube árabe, na rodada de domingo, apresentou o novo uniforme."
7791,Mercado da bola,"O clube europeu, no jogo do returno, anunciou a saída do capitão."
7792,Treinamento,"No jogo do centenário do clube, o fisiologista fechou o treino à imprensa."
7793,Partida,"O meia-armador, no clássico de quarta-feira, chutou a bola para fora."
7794,Torcida,A torcida organizada comemorou o acesso à primeira divisão para delírio da torcida.
7795,Partida,"O ponta-direita, na noite de sábado, finalizou rente à trave."
7796,Partida,O meia-armador marcou um golaço em pleno feriado.
7797,Campeonato,O azarão da competição foi rebaixado para a segunda divisão no último jogo do ano.
7798,Torcida,"Diante de 40 mil torcedores, a torcida mandante pediu a contratação de um centroavante."
7799,Imprensa,O setorista criticou a arbitragem no último jogo do ano.
7800,Imprensa,"O setorista, para delírio da torcida, previu uma goleada no clássico."
7801,Treinamento,"Depois de três derrotas seguidas, o fisiologista ajustou a bola parada."
7802,Partida,O centroavante chutou a bola no ângulo na estreia do campeonato.
7803,Arbitragem,"A assistente, na noite de sábado, aplicou o cartão amarelo."
7804,Mercado da bola,O gerente de futebol renovou o vínculo do capitão na despedida do ídolo.
7805,Treinamento,"A comissão técnica, no estádio lotado, fechou o treino à imprensa."
7806,Imprensa,A emissora de rádio elogiou a estreia do reforço no gramado encharcado.
7807,Mercado da bola,"O gerente de futebol, após o intervalo, recusou a oferta do rival."
7808,Mercado da bola,"O gerente de futebol, pela primeira vez na temporada, pagou a primeira parcela da transferência."
7809,Mercado da bola,"O agente do jogador, no jogo do centenário do clube, recusou a troca de jogadores."
7810,Categorias de base,O menino da comunidade foi promovido ao elenco principal na noite de sábado.
7811,Imprensa,"O blogueiro esportivo, sob forte chuva, noticiou a venda do atacante."
7812,Categorias de base,"O menino da comunidade, no jogo de ida, foi promovido ao time sub-20."
7813,Categorias de base,O time sub-20 disputou a final do sub-17 após o intervalo.
7814,Campeonato,O líder do campeonato eliminou o atual campeão na despedida do ídolo.
7815,Categorias de base,"A escolinha de futebol, aos 45 minutos do segundo tempo, impressionou os olheiros europeus."
7816,Partida,O ponta-direita sofreu uma lesão muscular na decisão do estadual.
7817,Torcida,"A torcida mandante, em noite de casa cheia, cantou durante os noventa minutos."
7818,Mercado da bola,"No estádio lotado, a diretoria sondou o técnico da seleção."
7819,Treinamento,O preparador de goleiros fechou a escalação para o clássico fora de casa.
7820,Mercado da bola,"Na partida transmitida para todo o país, o clube árabe negociou a contratação do volante."
7821,Imprensa,A coluna do jornal entrevistou o técnico no confronto pela copa.
7822,Arbitragem,"Na decisão do estadual, o árbitro aplicou o cartão vermelho."
7823,Partida,"O centroavante, no segundo tempo, cabeceou para o fundo da rede."
7824,Torcida,"Sob forte chuva, o sócio-torcedor pediu a saída do técnico."
7825,Arbitragem,"No confronto pela copa, o quarto árbitro marcou um escanteio duvidoso."
7826,Partida,O zagueiro cruzou na cabeça do centroavante na rodada de domingo.
7827,Categorias de base,O menino da comunidade estreou na seleção de base no confronto pela copa.
7828,Partida,"Na estreia do campeonato, o ponta-direita chutou forte de fora da área."
7829,Treinamento,"No segundo tempo, a comissão técnica comandou a atividade de finalização."
7830,Imprensa,"Em pleno feriado, o setorista entrevistou o autor do gol."
7831,Arbitragem,"O quarto árbitro, na partida transmitida para todo o país, aplicou o cartão vermelho."
7832,Partida,O atacante sofreu uma lesão muscular no estádio lotado.
7833,Arbitragem,A assistente expulsou o técnico fora de casa.
7834,Partida,"No clássico de quarta-feira, o volante perdeu a chance de empatar."
7835,Partida,"Na noite de sábado, o meia-armador deu uma assistência precisa."
7836,Partida,O lateral-esquerdo marcou um golaço em meio à crise.
7837,Treinamento,"A comissão técnica, durante a pré-temporada, fechou o treino à imprensa."
7838,Imprensa,O setorista noticiou a venda do atacante após o intervalo.
7839,Arbitragem,O árbitro principal revisou o toque de mão no jogo do centenário do clube.
7840,Mercado da bola,O gerente de futebol pagou a primeira parcela da transferência no estádio do rival.
7841,Campeonato,O atual campeão conquistou a copa do estado depois de três derrotas seguidas.
7842,Mercado da bola,"Pela primeira vez na temporada, o clube rival apresentou o novo uniforme."
7843,Torcida,"No estádio do rival, o torcedor mais antigo do clube pediu mais raça aos jogadores."
7844,Arbitragem,A equipe de arbitragem anulou o gol por falta no goleiro no confronto pela copa.
7845,Arbitragem,"O bandeirinha, diante de 40 mil torcedores, marcou o pênalti."
7846,Partida,O atacante finalizou por cobertura no segundo tempo.
7847,Campeonato,O atual campeão garantiu a classificação para as quartas na despedida do ídolo.
7848,Imprensa,O jornalista esportivo noticiou a venda do atacante no gramado encharcado.
7849,Categorias de base,"O garoto da base, na estreia do campeonato, estreou com gol."
7850,Treinamento,"O técnico, em noite de casa cheia, ajustou a marcação por pressão."
7851,Partida,"O atacante, pela primeira vez na temporada, cabeceou após o escanteio."
7852,Torcida,"Na final da copa, a torcida organizada lotou a frente do centro de treinamento."
7853,Arbitragem,O juiz da partida aplicou a lei da vantagem em pleno feriado.
7854,Mercado da bola,"O clube árabe, no clássico de quarta-feira, anunciou o reforço para a temporada."
7855,Categorias de base,"Na quarta-feira à noite, o coordenador da base conquistou o título estadual juvenil."
7856,Partida,"No estádio lotado, o jogador reserva finalizou de primeira."
7857,Arbitragem,"Em meio à crise, o juiz da partida marcou o pênalti."
7858,Treinamento,"O auxiliar técnico, após o intervalo, comandou o treino tático."
7859,Campeonato,"O atual campeão, na final da copa, perdeu a invencibilidade."
7860,Campeonato,O lanterna conquistou o acesso à Série A nos acréscimos.
7861,Imprensa,O canal de esportes noticiou a lesão do artilheiro no confronto pela copa.
7862,Arbitragem,"O assistente de vídeo, no meio da semana, ignorou o pedido de pênalti."
7863,Arbitragem,"O árbitro, na noite de sábado, aplicou a lei da vantagem."
7864,Partida,"O zagueiro, diante de 40 mil torcedores, deu um drible desconcertante."
7865,Imprensa,"Pela primeira vez na temporada, o blogueiro esportivo criticou o esquema tático."
7866,Arbitragem,"O juiz da partida, na decisão do estadual, aplicou o cartão amarelo."
7867,Arbitragem,"O juiz da partida, no segundo tempo, marcou a falta na entrada da área."
7868,Torcida,"A arquibancada, sob forte chuva, comemorou o gol da virada."
7869,Treinamento,O coordenador técnico comandou o coletivo com os titulares aos 45 minutos do segundo tempo.
7870,Imprensa,"O blogueiro esportivo, no gramado encharcado, previu o rebaixamento do clube."
7871,Treinamento,"A comissão técnica, no segundo tempo, liberou o lateral após exames."
7872,Categorias de base,O menino da comunidade revelou um goleiro de futuro logo no primeiro minuto.
7873,Categorias de base,"O menino da comunidade, na Arena da Baixada, revelou um lateral promissor."
7874,Torcida,O grupo de torcedores fez uma grande recepção ao elenco na rodada de domingo.
7875,Torcida,"O torcedor mais antigo do clube, na reta final da temporada, fez uma festa bonita."
7876,Arbitragem,"O árbitro de vídeo, na noite de sábado, revisou o toque de mão."
7877,Arbitragem,"O árbitro de vídeo, aos 45 minutos do segundo tempo, aplicou o cartão amarelo."
7878,Mercado da bola,A diretoria anunciou a saída do capitão no segundo tempo.
7879,Mercado da bola,"No estádio do rival, o investidor da SAF negociou a contratação do volante."
7880,Campeonato,"Sob forte chuva, o azarão da competição assumiu a liderança da tabela."
7881,Campeonato,"No estádio do rival, o lanterna eliminou o favorito ao título."
7882,Imprensa,"O blogueiro esportivo, fora de casa, previu o rebaixamento do clube."
7883,Categorias de base,O treinador do sub-17 revelou um novo talento depois de três derrotas seguidas.
7884,Torcida,"Na reta final da temporada, o grupo de torcedores pediu a saída do técnico."
7885,Arbitragem,"No estádio lotado, o juiz da partida expulsou o zagueiro."
7886,Campeonato,O azarão da competição assumiu a vice-liderança no último jogo do ano.
7887,Partida,"O centroavante, na volta das férias, finalizou na trave."
7888,Imprensa,"No último jogo do ano, a emissora de rádio elogiou a estreia do reforço."
7889,Campeonato,O time da casa perdeu a invencibilidade logo no primeiro minuto.
7890,Partida,O zagueiro cabeceou após o escanteio na volta das férias.
7891,Arbitragem,O árbitro principal deu o apito final logo no primeiro minuto.
7892,Arbitragem,O juiz da partida marcou um escanteio duvidoso na final da copa.
7893,Arbitragem,O juiz da partida revisou o toque de mão em noite de casa cheia.
7894,Treinamento,"O coordenador técnico, em noite de casa cheia, planejou a pré-temporada."
7895,Torcida,"A arquibancada, na final da copa, cantou sem parar."
7896,Torcida,A torcida visitante lotou a frente do centro de treinamento no estádio do rival.
7897,Campeonato,O líder do campeonato conquistou o título nacional na despedida do ídolo.
7898,Categorias de base,O jovem goleiro disputou a peneira regional no domingo à tarde.
7899,Torcida,"A charanga, em meio à crise, comemorou o gol da virada."
7900,Categorias de base,"Na despedida do ídolo, o garoto da base foi promovido ao elenco principal."
7901,Torcida,"No jogo do returno, o grupo de torcedores aplaudiu o goleiro."
7902,Partida,O centroavante deu um carrinho perfeito depois de três derrotas seguidas.
7903,Arbitragem,O árbitro principal revisou o toque de mão no gramado encharcado.
7904,Mercado da bola,O empresário negociou a venda do jovem atacante aos 45 minutos do segundo tempo.
7905,Partida,O ponta-direita marcou o gol de empate após o intervalo.
7906,Campeonato,"Na rodada de domingo, o clube recém-promovido perdeu a final nos pênaltis."
7907,Partida,"Em meio à crise, o volante deu um carrinho perfeito."
7908,Torcida,"A arquibancada, na Arena da Baixada, aplaudiu o goleiro."
7909,Imprensa,"No estádio do rival, a coluna do jornal revelou a escalação do clássico."
7910,Torcida,"Logo no primeiro minuto, a torcida organizada vaiou a escalação do técnico."
7911,Partida,"O meia-armador, no jogo do centenário do clube, deu uma assistência precisa."
7912,Imprensa,O comentarista noticiou a venda do atacante na noite de sábado.
7913,Partida,"Durante a pré-temporada, o camisa 10 perdeu um gol feito."
7914,Arbitragem,"O árbitro de vídeo, no segundo tempo, marcou o tiro de meta."
7915,Campeonato,"Na estreia do campeonato, o clube recém-promovido foi rebaixado para a segunda divisão."
7916,Torcida,"No clássico de quarta-feira, a torcida visitante fez um protesto pacífico."
7917,Mercado da bola,"Para delírio da torcida, o diretor de futebol renovou o contrato do goleiro."
7918,Partida,O capitão do time perdeu o pênalti na reta final da temporada.
7919,Treinamento,"Após o intervalo, o departamento médico fechou a escalação para o clássico."
7920,Imprensa,"Depois de três derrotas seguidas, o canal de esportes entrevistou o técnico."
7921,Torcida,"Para delírio da torcida, a arquibancada fez uma grande recepção ao elenco."
7922,Torcida,"O grupo de torcedores, pela primeira vez na temporada, lotou o estádio."
7923,Mercado da bola,"No segundo tempo, o agente do jogador anunciou a chegada do novo técnico."
7924,Torcida,A arquibancada comemorou o gol da virada em noite de casa cheia.
7925,Mercado da bola,"No último jogo do ano, o agente do jogador apresentou o novo uniforme."
7926,Treinamento,O treinador interino liberou o lateral após exames durante a pré-temporada.
7927,Partida,"Aos 45 minutos do segundo tempo, o ponta-direita sofreu uma falta dura."
7928,Categorias de base,"Em pleno feriado, o olheiro conquistou o torneio internacional de base."
7929,Campeonato,"O vice-líder, na abertura da rodada, eliminou o atual campeão."
7930,Imprensa,"O canal de esportes, sob forte chuva, narrou o golaço da rodada."
7931,Arbitragem,O árbitro marcou o pênalti no meio da semana.
7932,Arbitragem,"Na despedida do ídolo, o árbitro principal expulsou o zagueiro."
7933,Mercado da bola,O empresário pagou a primeira parcela da transferência no segundo tempo.
7934,Mercado da bola,"O empresário, na decisão do estadual, negociou o empréstimo do lateral."
7935,Treinamento,O técnico testou o meia na lateral sob forte chuva.
7936,Campeonato,"Fora de casa, o time do interior empatou com o rival."
7937,Partida,"O zagueiro, antes do intervalo, perdeu o pênalti."
7938,Imprensa,"Na quarta-feira à noite, o comentarista criticou a arbitragem."
7939,Mercado da bola,"No gramado encharcado, o empresário anunciou o reforço para a temporada."
7940,Torcida,"O torcedor mais antigo do clube, na volta das férias, cantou o hino do clube."
7941,Imprensa,"O podcast de futebol, em meio à crise, previu uma goleada no clássico."
7942,Categorias de base,O treinador do sub-17 assinou com um clube europeu em noite de casa cheia.
7943,Campeonato,O time visitante garantiu a classificação para as quartas na abertura da rodada.
7944,Partida,O zagueiro marcou um golaço no clássico de quarta-feira.
7945,Categorias de base,"O treinador do sub-17, na Arena da Baixada, impressionou o técnico do profissional."
7946,Partida,"No jogo de ida, o centroavante cruzou na cabeça do centroavante."
7947,Categorias de base,"No estádio do rival, o jovem goleiro impressionou a comissão técnica."
7948,Imprensa,"Na despedida do ídolo, o setorista criticou a escalação inicial."
7949,Partida,"O centroavante, em pleno feriado, finalizou na trave."
7950,Treinamento,O fisiologista testou o jovem da base no time titular na despedida do ídolo.
7951,Arbitragem,"O árbitro de vídeo, na Arena da Baixada, marcou o pênalti."
7952,Partida,"O centroavante, logo no primeiro minuto, deu uma assistência precisa."
7953,Treinamento,"A comissão técnica, no jogo de ida, testou o meia na lateral."
7954,Mercado da bola,"O agente do jogador, no último jogo do ano, anunciou o reforço para a temporada."
7955,Treinamento,"Pela primeira vez na temporada, o preparador físico intensificou o trabalho físico."
7956,Partida,"No estádio do rival, o atacante marcou dois gols."
7957,Arbitragem,"O árbitro principal, na Arena da Baixada, expulsou o técnico."
7958,Partida,"O jogador reserva, na noite de sábado, marcou de falta."
7959,Mercado da bola,"No clássico de quarta-feira, o investidor da SAF anunciou a chegada do novo técnico."
7960,Partida,O volante cruzou para a área para delírio da torcida.
7961,Partida,O lateral-esquerdo finalizou de primeira em meio à crise.
7962,Partida,O jogador reserva perdeu a chance de empatar no estádio lotado.
7963,Arbitragem,"O quarto árbitro, no confronto pela copa, revisou o lance no monitor."
7964,Imprensa,"No confronto pela copa, a coluna do jornal criticou a arbitragem."
7965,Torcida,O grupo de torcedores pediu a contratação de um centroavante no clássico de quarta-feira.
7966,Mercado da bola,"Depois de três derrotas seguidas, o empresário anunciou a saída do capitão."
7967,Partida,O centroavante chutou a bola no ângulo no estádio do rival.
7968,Arbitragem,"Na volta das férias, a árbitra marcou um escanteio duvidoso."
7969,Campeonato,"Na abertura da rodada, o vice-líder conquistou o acesso à Série A."
7970,Imprensa,"O podcast de futebol, na rodada de domingo, criticou a atuação do time."
7971,Arbitragem,"O quarto árbitro, no estádio do rival, anulou o gol por impedimento."
7972,Partida,"No confronto pela copa, o meia-armador chutou forte de fora da área."
7973,Imprensa,"O setorista, no último jogo do ano, previu o rebaixamento do clube."
7974,Torcida,O grupo de torcedores pediu a contratação de um centroavante no estádio do rival.
7975,Torcida,"No jogo do returno, a arquibancada comemorou o gol da virada."
7976,Categorias de base,"No gramado encharcado, o time sub-20 estreou na seleção de base."
7977,Arbitragem,"A equipe de arbitragem, no clássico de quarta-feira, marcou o impedimento."
7978,Arbitragem,"O árbitro, pela primeira vez na temporada, deu o apito final."
7979,Partida,"Aos 45 minutos do segundo tempo, o zagueiro marcou dois gols."
7980,Treinamento,O coordenador técnico ajustou o posicionamento da defesa durante a pré-temporada.
7981,Categorias de base,"O time sub-20, depois de três derrotas seguidas, impressionou o técnico do profissional."
7982,Categorias de base,O time sub-15 revelou um novo talento no clássico de quarta-feira.
7983,Torcida,"Na decisão do estadual, a torcida jovem pediu mais raça aos jogadores."
7984,Torcida,"Em noite de casa cheia, o grupo de torcedores cantou sem parar."
7985,Campeonato,"O time da casa, no jogo do returno, assumiu a vice-liderança."
7986,Torcida,A torcida organizada comemorou o título estadual aos 45 minutos do segundo tempo.
7987,Campeonato,"O favorito ao título, na noite de sábado, perdeu a liderança da tabela."
7988,Mercado da bola,"O gerente de futebol, na estreia do campeonato, renovou o vínculo do capitão."
7989,Torcida,"O grupo de torcedores, na despedida do ídolo, aplaudiu a homenagem ao ídolo."
7990,Arbitragem,O bandeirinha anulou o pênalti após revisão fora de casa.
7991,Mercado da bola,"O clube europeu, na decisão do estadual, recusou a troca de jogadores."
7992,Imprensa,"No estádio lotado, o narrador narrou a virada histórica."
7993,Imprensa,O setorista entrevistou o capitão antes do intervalo.
7994,Imprensa,O narrador elogiou a postura do time na noite de sábado.
7995,Categorias de base,"A promessa do clube, em pleno feriado, foi promovido ao elenco principal."
7996,Partida,"Depois de três derrotas seguidas, o jogador reserva perdeu o pênalti."
7997,Mercado da bola,"Antes do intervalo, o diretor de futebol apresentou o reforço à torcida."
7998,Mercado da bola,"O clube rival, durante a pré-temporada, pagou a primeira parcela da transferência."
7999,Imprensa,O jornalista esportivo previu uma goleada no clássico após o intervalo.
8000,Arbitragem,"O juiz da partida, na reta final da temporada, marcou o pênalti."
8001,Campeonato,"O clube recém-promovido, no último jogo do ano, conquistou o título nacional."
8002,Campeonato,"O vice-líder, no domingo à tarde, empatou com o rival."
8003,Partida,O lateral-esquerdo perdeu o pênalti no estádio do rival.
8004,Torcida,O torcedor pediu mais raça aos jogadores após o intervalo.
8005,Categorias de base,"Na final da copa, o time sub-20 estreou na seleção de base."
8006,Partida,"O jogador reserva, na partida transmitida para todo o país, finalizou por cobertura."
8007,Torcida,"No meio da semana, a torcida organizada pediu a contratação de um centroavante."
8008,Imprensa,A coluna do jornal noticiou a demissão do treinador aos 45 minutos do segundo tempo.
8009,Partida,"Em noite de casa cheia, o capitão do time cabeceou para o fundo da rede."
8010,Partida,"O volante, em pleno feriado, deu uma assistência precisa."
8011,Torcida,"Após o intervalo, a arquibancada comemorou o título estadual."
8012,Campeonato,"O time da casa, nos acréscimos, perdeu a invencibilidade."
8013,Campeonato,O favorito ao título perdeu a final nos pênaltis em meio à crise.
8014,Imprensa,A emissora de rádio elogiou a postura do time em pleno feriado.
8015,Imprensa,O jornalista esportivo revelou os bastidores da negociação na final da copa.
8016,Imprensa,"No estádio lotado, o setorista entrevistou o capitão."
8017,Mercado da bola,"O gerente de futebol, no estádio lotado, sondou um zagueiro do futebol argentino."
8018,Categorias de base,O jovem goleiro revelou um goleiro de futuro na Arena da Baixada.
8019,Treinamento,"Sob forte chuva, o treinador interino liberou o atacante para o jogo."
8020,Categorias de base,O garoto da base conquistou a Copinha no clássico de quarta-feira.
8021,Categorias de base,O olheiro impressionou a comissão técnica no estádio lotado.
8022,Imprensa,"Diante de 40 mil torcedores, o jornalista esportivo elogiou o trabalho do técnico."
8023,Imprensa,"O narrador, na reta final da temporada, criticou a atuação do time."
8024,Categorias de base,A escolinha de futebol estreou na seleção de base no confronto pela copa.
8025,Mercado da bola,"Fora de casa, o agente do jogador apresentou o novo camisa 9."
8026,Partida,O camisa 10 deu um carrinho perfeito pela primeira vez na temporada.
8027,Arbitragem,"O árbitro de vídeo, em plena data FIFA, expulsou o volante adversário."
8028,Treinamento,"O treinador interino, no domingo à tarde, planejou a pré-temporada."
8029,Torcida,"Na final da copa, a torcida jovem aplaudiu o elenco após a derrota."
8030,Treinamento,"No meio da semana, o preparador físico ajustou a marcação por pressão."
8031,Arbitragem,"O árbitro de vídeo, na Arena da Baixada, deu a bola ao chão."
8032,Treinamento,"O treinador interino, em meio à crise, liberou o elenco para o fim de semana."
8033,Partida,O camisa 10 cruzou para a área no jogo do returno.
8034,Partida,"O atacante, em pleno feriado, finalizou na trave."
8035,Torcida,O grupo de torcedores pediu a saída do técnico no jogo de ida.
8036,Categorias de base,"No jogo do centenário do clube, o time sub-15 assinou com um clube europeu."
8037,Arbitragem,O árbitro marcou um escanteio duvidoso no jogo do centenário do clube.
8038,Categorias de base,O garoto da base impressionou o técnico do profissional diante de 40 mil torcedores.
8039,Categorias de base,"A escolinha de futebol, depois de três derrotas seguidas, conquistou a Copinha."
8040,Mercado da bola,O empresário recusou a oferta do rival no jogo do centenário do clube.
8041,Partida,O capitão do time chutou a bola para fora no meio da semana.
8042,Campeonato,O clube recém-promovido garantiu a vaga na Libertadores na Arena da Baixada.
8043,Imprensa,"No meio da semana, a emissora de rádio narrou a virada histórica."
8044,Partida,"O zagueiro, após o intervalo, chutou cruzado para o gol."
8045,Treinamento,"Na reta final da temporada, o coordenador técnico intensificou as cobranças de pênalti."
8046,Partida,"O centroavante, no domingo à tarde, sofreu um pênalti."
8047,Treinamento,"Na Arena da Baixada, o técnico ajustou a saída de bola."
8048,Campeonato,O vice-líder empatou o jogo de ida no estádio lotado.
8049,Partida,"O atacante, em plena data FIFA, perdeu um gol feito."
8050,Partida,O capitão do time marcou de pênalti diante de 40 mil torcedores.
8051,Categorias de base,"A promessa do clube, no estádio lotado, foi promovido ao time sub-20."
8052,Imprensa,A coluna do jornal elogiou a postura do time logo no primeiro minuto.
8053,Campeonato,O lanterna assumiu a vice-liderança no confronto pela copa.
8054,Partida,"Para delírio da torcida, o ponta-direita chutou cruzado para o gol."
8055,Campeonato,"O time visitante, antes do intervalo, eliminou o atual campeão."
8056,Partida,O meia-armador chutou forte de fora da área no clássico de quarta-feira.
8057,Imprensa,O setorista narrou a decisão por pênaltis no domingo à tarde.
8058,Partida,"Na partida transmitida para todo o país, o camisa 10 chutou a bola no ângulo."
8059,Categorias de base,"Para delírio da torcida, o jovem goleiro foi promovido ao time sub-20."
8060,Treinamento,A comissão técnica testou um novo esquema tático no domingo à tarde.
8061,Torcida,"Na volta das férias, o torcedor mais antigo do clube comemorou o gol da virada."
8062,Partida,O meia-armador sofreu uma lesão muscular para delírio da torcida.
8063,Imprensa,O jornalista esportivo elogiou o trabalho do técnico após o intervalo.
8064,Treinamento,"O analista de desempenho, diante de 40 mil torcedores, liberou o elenco para o fim de semana."
8065,Torcida,"Na Arena da Baixada, a charanga fez um protesto pacífico."
8066,Torcida,"A torcida visitante, no gramado encharcado, vaiou o jogador adversário."
8067,Partida,"O capitão do time, no jogo do centenário do clube, cabeceou para o fundo da rede."
8068,Torcida,A torcida mandante fez um protesto pacífico antes do intervalo.
8069,Categorias de base,"O coordenador da base, em pleno feriado, estreou no time profissional."
8070,Mercado da bola,"Na despedida do ídolo, o gerente de futebol renovou o contrato do artilheiro."
8071,Arbitragem,"Na partida transmitida para todo o país, a árbitra expulsou o zagueiro."
8072,Torcida,"A arquibancada, no jogo do centenário do clube, pediu a contratação de um centroavante."
8073,Torcida,"Aos 45 minutos do segundo tempo, o torcedor fez uma festa bonita."
8074,Imprensa,O setorista entrevistou o presidente do clube na despedida do ídolo.
8075,Torcida,O torcedor mais antigo do clube lotou o estádio em meio à crise.
8076,Treinamento,O coordenador técnico testou o meia na lateral na decisão do estadual.
8077,Arbitragem,"O árbitro principal, na final da copa, marcou a falta na entrada da área."
8078,Arbitragem,"No último jogo do ano, o árbitro anulou o pênalti após revisão."
8079,Partida,O camisa 10 cruzou rasteiro para o meio fora de casa.
8080,Treinamento,O auxiliar técnico ajustou a marcação por pressão na rodada de domingo.
8081,Campeonato,"No confronto pela copa, o time visitante perdeu a final nos pênaltis."
8082,Partida,O centroavante marcou o gol da vitória no clássico de quarta-feira.
8083,Mercado da bola,"Na despedida do ídolo, o empresário apresentou o novo camisa 9."
8084,Partida,O lateral-esquerdo sofreu uma lesão muscular na decisão do estadual.
8085,Mercado da bola,"Na quarta-feira à noite, o investidor da SAF recusou a oferta do rival."
8086,Treinamento,"No confronto pela copa, o fisiologista ajustou a bola parada."
8087,Imprensa,"A emissora de rádio, após o intervalo, entrevistou o autor do gol."
8088,Campeonato,O azarão da competição empatou sem gols na quarta-feira à noite.
8089,Partida,"Na abertura da rodada, o ponta-direita marcou de falta."
8090,Categorias de base,O time sub-15 disputou a peneira regional na quarta-feira à noite.
8091,Campeonato,"O time do interior, nos acréscimos, eliminou o favorito ao título."
8092,Categorias de base,O treinador do sub-17 conquistou o título estadual juvenil no jogo de ida.
8093,Treinamento,O analista de desempenho testou o jovem da base no time titular em noite de casa cheia.
8094,Partida,"Na estreia do campeonato, o camisa 10 marcou dois gols."
8095,Categorias de base,O time sub-15 revelou um lateral promissor no domingo à tarde.
8096,Imprensa,O blogueiro esportivo narrou o golaço da rodada na quarta-feira à noite.
8097,Partida,O volante perdeu o pênalti em plena data FIFA.
8098,Arbitragem,"Na decisão do estadual, o quarto árbitro anulou o gol por impedimento."
8099,Imprensa,"No estádio do rival, o comentarista elogiou a estreia do reforço."
8100,Imprensa,"Na Arena da Baixada, o jornalista esportivo entrevistou o autor do gol."
8101,Campeonato,"Depois de três derrotas seguidas, o time da casa conquistou o acesso à Série A."
8102,Campeonato,"O vice-líder, no gramado encharcado, garantiu a vaga na Libertadores."
8103,Arbitragem,O quarto árbitro aplicou a lei da vantagem no segundo tempo.
8104,Arbitragem,"Diante de 40 mil torcedores, o árbitro principal expulsou o técnico."
8105,Mercado da bola,O clube árabe sondou o técnico da seleção na decisão do estadual.
8106,Campeonato,O vice-líder conquistou a copa do estado na volta das férias.
8107,Campeonato,O clube recém-promovido perdeu a liderança da tabela no gramado encharcado.
8108,Partida,"O volante, em plena data FIFA, perdeu um gol feito."
8109,Treinamento,O preparador físico ajustou a bola parada pela primeira vez na temporada.
8110,Partida,"No confronto pela copa, o lateral-esquerdo chutou a bola para fora."
8111,Partida,"O zagueiro, na Arena da Baixada, sofreu uma lesão muscular."
8112,Mercado da bola,"Em noite de casa cheia, a diretoria apresentou o reforço à torcida."
8113,Partida,"Na quarta-feira à noite, o meia-armador marcou o gol da vitória."
8114,Mercado da bola,A diretoria anunciou a chegada do novo técnico no confronto pela copa.
8115,Campeonato,O lanterna eliminou o favorito ao título na quarta-feira à noite.
8116,Campeonato,O atual campeão empatou o jogo de ida durante a pré-temporada.
8117,Partida,O ponta-direita chutou cruzado para o gol no confronto pela copa.
8118,Mercado da bola,A diretoria renovou o vínculo do capitão na estreia do campeonato.
8119,Imprensa,A emissora de rádio previu o título do líder em plena data FIFA.
8120,Mercado da bola,O diretor de futebol anunciou a saída do capitão no domingo à tarde.
8121,Partida,"No meio da semana, o jogador reserva chutou forte de fora da área."
8122,Campeonato,"Durante a pré-temporada, o líder do campeonato conquistou a copa do estado."
8123,Partida,O jogador reserva cruzou para a área na abertura da rodada.
8124,Partida,"No meio da semana, o jogador reserva deu uma assistência precisa."
8125,Treinamento,"O auxiliar técnico, no estádio do rival, intensificou as cobranças de pênalti."
8126,Arbitragem,O árbitro de vídeo aplicou o cartão vermelho em meio à crise.
8127,Arbitragem,"A árbitra, na partida transmitida para todo o país, deu seis minutos de acréscimo."
8128,Torcida,"Na volta das férias, a torcida mandante cantou o nome do ídolo."
8129,Imprensa,O podcast de futebol narrou a virada histórica aos 45 minutos do segundo tempo.
8130,Torcida,"No último jogo do ano, a arquibancada vaiou o árbitro."
8131,Imprensa,A emissora de rádio criticou a escalação inicial no domingo à tarde.
8132,Categorias de base,"Na reta final da temporada, o menino da comunidade conquistou a Copinha."
8133,Partida,O lateral-esquerdo chutou cruzado para o gol para delírio da torcida.
8134,Categorias de base,"Sob forte chuva, o time sub-20 disputou a peneira regional."
8135,Torcida,"O torcedor mais antigo do clube, em noite de casa cheia, aplaudiu a homenagem ao ídolo."
8136,Imprensa,"Na volta das férias, o blogueiro esportivo criticou a atuação do time."
8137,Imprensa,"Após o intervalo, o podcast de futebol criticou a escalação inicial."
8138,Torcida,"Em plena data FIFA, o grupo de torcedores comemorou o gol da virada."
8139,Treinamento,"O fisiologista, na Arena da Baixada, intensificou os treinos de finalização."
8140,Arbitragem,"O árbitro de vídeo, após o intervalo, revisou o toque de mão."
8141,Arbitragem,"No estádio lotado, a assistente deu a bola ao chão."
8142,Treinamento,A comissão técnica intensificou o trabalho físico na Arena da Baixada.
8143,Imprensa,O jornalista esportivo criticou a atuação do time no clássico de quarta-feira.
8144,Categorias de base,O coordenador da base assinou o primeiro contrato profissional no jogo do returno.
8145,Arbitragem,"No confronto pela copa, a árbitra anulou o gol por impedimento."
8146,Treinamento,O técnico liberou o lateral após exames no estádio do rival.
8147,Arbitragem,A assistente anulou o gol por impedimento na final da copa.
8148,Imprensa,"O jornalista esportivo, na reta final da temporada, previu o rebaixamento do clube."
8149,Imprensa,"No último jogo do ano, a repórter de campo noticiou a crise no vestiário."
8150,Categorias de base,O jovem goleiro assinou o primeiro contrato profissional em meio à crise.
8151,Partida,O centroavante marcou o gol da vitória em plena data FIFA.
8152,Torcida,A arquibancada vaiou o jogador adversário em noite de casa cheia.
8153,Torcida,"No segundo tempo, a charanga lotou a frente do centro de treinamento."
8154,Arbitragem,O bandeirinha ignorou o toque de mão logo no primeiro minuto.
8155,Treinamento,"O preparador físico, antes do intervalo, testou três zagueiros."
8156,Partida,O capitão do time cabeceou no canto do goleiro no gramado encharcado.
8157,Imprensa,A coluna do jornal noticiou a venda do atacante em pleno feriado.
8158,Torcida,"A torcida mandante, no estádio lotado, comemorou o gol da virada."
8159,Partida,"O atacante, no estádio do rival, finalizou com o pé esquerdo."
8160,Imprensa,"Em meio à crise, o comentarista revelou o novo patrocinador."
8161,Campeonato,"Pela primeira vez na temporada, o vice-líder eliminou o favorito ao título."
8162,Torcida,"A torcida mandante, no estádio do rival, vaiou o time na saída de campo."
8163,Treinamento,O preparador de goleiros testou três zagueiros na abertura da rodada.
8164,Torcida,"Na abertura da rodada, a torcida organizada fez uma grande recepção ao elenco."
8165,Mercado da bola,"No segundo tempo, o empresário negociou o empréstimo do lateral."
8166,Imprensa,"O blogueiro esportivo, para delírio da torcida, revelou os bastidores da negociação."
8167,Mercado da bola,O empresário recusou a oferta do rival no jogo de ida.
8168,Partida,"Em pleno feriado, o camisa 10 finalizou por cobertura."
8169,Partida,"Na estreia do campeonato, o zagueiro cabeceou após o escanteio."
8170,Categorias de base,O treinador do sub-17 impressionou a comissão técnica no estádio lotado.
8171,Mercado da bola,"O gerente de futebol, em plena data FIFA, recusou a troca de jogadores."
8172,Partida,O centroavante marcou um golaço no segundo tempo.
8173,Treinamento,"Na estreia do campeonato, o treinador interino comandou a atividade de finalização."
8174,Torcida,"Durante a pré-temporada, a torcida visitante fez uma grande recepção ao elenco."
8175,Imprensa,"O narrador, no jogo de ida, previu o título do líder."
8176,Treinamento,O auxiliar técnico comandou o rachão em plena data FIFA.
8177,Partida,O ponta-direita cabeceou após o escanteio na rodada de domingo.
8178,Mercado da bola,"Durante a pré-temporada, o diretor de futebol sondou o técnico da seleção."
8179,Mercado da bola,"O investidor da SAF, logo no primeiro minuto, recusou uma proposta milionária."
8180,Partida,O ponta-direita marcou de falta no domingo à tarde.
8181,Treinamento,O analista de desempenho intensificou os treinos de finalização para delírio da torcida.
8182,Imprensa,O narrador narrou a decisão por pênaltis no estádio do rival.
8183,Categorias de base,O jovem goleiro foi promovido ao time sub-20 na Arena da Baixada.
8184,Imprensa,"Na noite de sábado, a coluna do jornal noticiou a crise no vestiário."
8185,Categorias de base,O jovem goleiro disputou a semifinal do sub-20 após o intervalo.
8186,Categorias de base,O olheiro assinou o primeiro contrato profissional na reta final da temporada.
8187,Mercado da bola,O agente do jogador sondou o técnico da seleção no jogo de ida.
8188,Treinamento,A comissão técnica testou um novo esquema tático no clássico de quarta-feira.
8189,Partida,"No segundo tempo, o volante cruzou na cabeça do centroavante."
8190,Treinamento,O treinador interino comandou o treino tático aos 45 minutos do segundo tempo.
8191,Partida,O atacante deu um carrinho perfeito na partida transmitida para todo o país.
8192,Arbitragem,O árbitro aplicou o cartão vermelho durante a pré-temporada.
8193,Mercado da bola,"A diretoria, após o intervalo, sondou um zagueiro do futebol argentino."
8194,Partida,"O capitão do time, depois de três derrotas seguidas, cabeceou para o fundo da rede."
8195,Categorias de base,O coordenador da base disputou a peneira regional no jogo do returno.
8196,Categorias de base,O jovem goleiro conquistou o torneio internacional de base na decisão do estadual.
8197,Arbitragem,O assistente de vídeo marcou o pênalti durante a pré-temporada.
8198,Imprensa,O comentarista narrou a virada histórica em plena data FIFA.
8199,Imprensa,"No estádio do rival, a coluna do jornal criticou o esquema tático."
8200,Imprensa,"A repórter de campo, no estádio do rival, criticou a arbitragem."
8201,Mercado da bola,A diretoria sondou o técnico da seleção aos 45 minutos do segundo tempo.
8202,Partida,"No último jogo do ano, o atacante sofreu uma lesão muscular."
8203,Mercado da bola,O clube rival sondou um zagueiro do futebol argentino na decisão do estadual.
8204,Torcida,"Antes do intervalo, a torcida jovem vaiou o jogador adversário."
8205,Arbitragem,A equipe de arbitragem ignorou as reclamações do banco antes do intervalo.
8206,Torcida,"No domingo à tarde, a torcida visitante aplaudiu a entrada do time em campo."
8207,Partida,O centroavante cruzou para a área no confronto pela copa.
8208,Categorias de base,"Na abertura da rodada, o menino da comunidade disputou a semifinal do sub-20."
8209,Arbitragem,"No último jogo do ano, a assistente marcou o impedimento."
8210,Categorias de base,O treinador do sub-17 disputou a final do sub-17 no meio da semana.
8211,Imprensa,A coluna do jornal noticiou a demissão do treinador em noite de casa cheia.
8212,Treinamento,"Nos acréscimos, o preparador físico ajustou o posicionamento da defesa."
8213,Campeonato,O favorito ao título foi rebaixado para a segunda divisão fora de casa.
8214,Treinamento,O técnico ajustou a bola parada no segundo tempo.
8215,Torcida,O grupo de torcedores fez um protesto pacífico na decisão do estadual.
8216,Treinamento,"Em plena data FIFA, o fisiologista comandou o rachão."
8217,Imprensa,O jornalista esportivo previu uma goleada no clássico nos acréscimos.
8218,Arbitragem,O árbitro de vídeo marcou o impedimento no clássico de quarta-feira.
8219,Imprensa,"O blogueiro esportivo, na quarta-feira à noite, entrevistou o presidente do clube."
8220,Torcida,"No segundo tempo, a torcida jovem fez um mosaico gigante."
8221,Partida,O volante marcou o gol da vitória na reta final da temporada.
8222,Partida,O centroavante cabeceou após o escanteio na decisão do estadual.
8223,Campeonato,O time visitante assumiu a liderança da tabela no estádio do rival.
8224,Categorias de base,"O time sub-15, no domingo à tarde, estreou no time profissional."
8225,Partida,O lateral-esquerdo marcou o gol da vitória sob forte chuva.
8226,Partida,"O atacante, na Arena da Baixada, marcou o gol da vitória."
8227,Mercado da bola,"Durante a pré-temporada, o gerente de futebol renovou o vínculo do capitão."
8228,Imprensa,A coluna do jornal noticiou a lesão do artilheiro na quarta-feira à noite.
8229,Arbitragem,"Em plena data FIFA, o árbitro de vídeo anulou o pênalti após revisão."
8230,Categorias de base,"Na decisão do estadual, o garoto da base disputou a final do sub-17."
8231,Torcida,O torcedor fez uma grande recepção ao elenco na partida transmitida para todo o país.
8232,Imprensa,"O narrador, na quarta-feira à noite, elogiou o desempenho do goleiro."
8233,Arbitragem,"Na volta das férias, o juiz da partida revisou o toque de mão."
8234,Imprensa,"Na rodada de domingo, a repórter de campo elogiou a estreia do reforço."
8235,Campeonato,O favorito ao título empatou com o rival na volta das férias.
8236,Partida,O capitão do time cruzou rasteiro para o meio na despedida do ídolo.
8237,Campeonato,"Diante de 40 mil torcedores, o atual campeão perdeu a invencibilidade."
8238,Categorias de base,"No estádio lotado, o garoto da base foi promovido ao elenco principal."
8239,Arbitragem,"Antes do intervalo, o árbitro marcou o pênalti."
8240,Imprensa,O canal de esportes elogiou a estreia do reforço no estádio do rival.
8241,Partida,"O jogador reserva, na despedida do ídolo, deu um chapéu no marcador."
8242,Categorias de base,O coordenador da base revelou um lateral promissor no clássico de quarta-feira.
8243,Arbitragem,A equipe de arbitragem marcou um escanteio duvidoso no estádio do rival.
8244,Categorias de base,"O time sub-15, diante de 40 mil torcedores, conquistou o torneio internacional de base."
8245,Partida,O lateral-esquerdo perdeu a chance de empatar em meio à crise.
8246,Campeonato,O atual campeão foi rebaixado para a segunda divisão nos acréscimos.
8247,Imprensa,"No estádio lotado, a emissora de rádio entrevistou o autor do gol."
8248,Partida,"O lateral-esquerdo, no confronto pela copa, finalizou rente à trave."
8249,Campeonato,O time do interior garantiu a vaga na Libertadores no estádio do rival.
8250,Arbitragem,O árbitro de vídeo deu o apito final na quarta-feira à noite.
8251,Treinamento,"Antes do intervalo, o treinador interino intensificou o trabalho físico."
8252,Imprensa,O narrador noticiou a lesão do artilheiro no domingo à tarde.
8253,Mercado da bola,"No estádio lotado, o clube rival anunciou o reforço para a temporada."
8254,Partida,"Para delírio da torcida, o lateral-esquerdo cabeceou por cima do travessão."
8255,Campeonato,"O lanterna, antes do intervalo, empatou com o rival."
8256,Campeonato,O atual campeão venceu por goleada no jogo de ida.
8257,Categorias de base,O garoto da base revelou um goleiro de futuro antes do intervalo.
8258,Arbitragem,O árbitro aplicou a lei da vantagem em noite de casa cheia.
8259,Torcida,A torcida mandante vaiou a escalação do técnico na final da copa.
8260,Torcida,O grupo de torcedores aplaudiu a homenagem ao ídolo após o intervalo.
8261,Imprensa,O jornalista esportivo narrou a virada histórica na reta final da temporada.
8262,Treinamento,O coordenador técnico comandou o treino tático no meio da semana.
8263,Treinamento,"Para delírio da torcida, o treinador interino comandou a atividade de finalização."
8264,Categorias de base,O treinador do sub-17 conquistou o torneio internacional de base aos 45 minutos do segundo tempo.
8265,Torcida,"Na Arena da Baixada, o torcedor mais antigo do clube aplaudiu a entrada do time em campo."
8266,Torcida,"A torcida visitante, logo no primeiro minuto, pediu a contratação de um centroavante."
8267,Imprensa,"A repórter de campo, fora de casa, entrevistou o técnico."
8268,Mercado da bola,"O clube europeu, no último jogo do ano, recusou uma proposta milionária."
8269,Campeonato,"No jogo do returno, o azarão da competição garantiu a classificação para as quartas."
8270,Categorias de base,"O menino da comunidade, no clássico de quarta-feira, conquistou a Copinha."
8271,Mercado da bola,"A diretoria, em pleno feriado, sondou o técnico da seleção."
8272,Torcida,"Antes do intervalo, o torcedor mais antigo do clube comemorou o título estadual."
8273,Mercado da bola,O empresário anunciou a chegada do novo técnico na volta das férias.
8274,Categorias de base,"Para delírio da torcida, a promessa do clube conquistou a Copinha."
8275,Torcida,"Na decisão do estadual, o torcedor vaiou a escalação do técnico."
8276,Campeonato,"O atual campeão, na decisão do estadual, eliminou o atual campeão."
8277,Torcida,"Na partida transmitida para todo o país, o sócio-torcedor vaiou o jogador adversário."
8278,Partida,"O atacante, no jogo do returno, cabeceou após o escanteio."
8279,Imprensa,"No domingo à tarde, a emissora de rádio noticiou a demissão do treinador."
8280,Torcida,"Na final da copa, a torcida mandante cantou sem parar."
8281,Treinamento,"O auxiliar técnico, aos 45 minutos do segundo tempo, fechou o treino à imprensa."
8282,Torcida,"A torcida organizada, pela primeira vez na temporada, lotou o estádio."
8283,Campeonato,"O líder do campeonato, no clássico de quarta-feira, assumiu a liderança da tabela."
8284,Mercado da bola,"O presidente do clube, antes do intervalo, anunciou a saída do capitão."
8285,Arbitragem,O árbitro marcou o pênalti no jogo do returno.
8286,Imprensa,A coluna do jornal entrevistou o autor do gol após o intervalo.
8287,Categorias de base,O time sub-15 disputou a peneira regional durante a pré-temporada.
8288,Imprensa,"A emissora de rádio, fora de casa, narrou o golaço da rodada."
8289,Partida,O volante chutou a bola para fora na abertura da rodada.
8290,Campeonato,"Depois de três derrotas seguidas, o líder do campeonato venceu a partida decisiva."
8291,Campeonato,"O azarão da competição, na noite de sábado, eliminou o atual campeão."
8292,Treinamento,O analista de desempenho testou o jovem da base no time titular durante a pré-temporada.
8293,Categorias de base,"O coordenador da base, em plena data FIFA, estreou no time profissional."
8294,Torcida,"A charanga, no estádio lotado, cantou sem parar."
8295,Campeonato,O time visitante venceu o clássico regional logo no primeiro minuto.
8296,Mercado da bola,"No gramado encharcado, o presidente do clube apresentou o novo uniforme."
8297,Imprensa,O blogueiro esportivo revelou os bastidores da negociação na despedida do ídolo.
8298,Treinamento,"Nos acréscimos, o fisiologista testou o meia na lateral."
8299,Imprensa,"Antes do intervalo, a coluna do jornal revelou os bastidores da negociação."
8300,Categorias de base,O time sub-20 disputou a final do sub-17 na despedida do ídolo.
8301,Treinamento,"O auxiliar técnico, na volta das férias, planejou a pré-temporada."
8302,Torcida,O torcedor mais antigo do clube comemorou o gol da virada depois de três derrotas seguidas.
8303,Campeonato,O clube recém-promovido foi rebaixado para a segunda divisão no jogo do centenário do clube.
8304,Arbitragem,"O árbitro, no jogo do centenário do clube, expulsou o volante adversário."
8305,Categorias de base,A escolinha de futebol impressionou a comissão técnica no estádio lotado.
8306,Treinamento,"Na abertura da rodada, o fisiologista comandou o rachão."
8307,Torcida,"O torcedor, na partida transmitida para todo o país, pediu a contratação de um centroavante."
8308,Arbitragem,"O quarto árbitro, em pleno feriado, aplicou o cartão vermelho."
8309,Partida,O camisa 10 sofreu um pênalti fora de casa.
8310,Partida,"O capitão do time, na decisão do estadual, finalizou de primeira."
8311,Mercado da bola,"O agente do jogador, na noite de sábado, negociou a contratação do volante."
8312,Mercado da bola,O agente do jogador negociou a contratação do volante no jogo do centenário do clube.
8313,Treinamento,"O preparador de goleiros, sob forte chuva, ajustou a bola parada."
8314,Mercado da bola,"No estádio do rival, o diretor de futebol pagou a primeira parcela da transferência."
8315,Campeonato,"O líder do campeonato, em noite de casa cheia, empatou o jogo de ida."
8316,Partida,"Na despedida do ídolo, o ponta-direita finalizou de primeira."
8317,Mercado da bola,O gerente de futebol pagou as luvas do reforço nos acréscimos.
8318,Partida,O camisa 10 finalizou na trave no clássico de quarta-feira.
8319,Partida,"O camisa 10, em plena data FIFA, finalizou rente à trave."
8320,Campeonato,"O time da casa, no jogo de ida, venceu o confronto direto."
8321,Partida,"No meio da semana, o capitão do time marcou um golaço."
8322,Treinamento,"O preparador de goleiros, no estádio lotado, liberou o elenco para o fim de semana."
8323,Treinamento,O departamento médico comandou o treino tático fora de casa.
8324,Campeonato,O líder do campeonato perdeu a final nos pênaltis sob forte chuva.
8325,Imprensa,"A emissora de rádio, na rodada de domingo, noticiou a crise no vestiário."
8326,Campeonato,O time visitante venceu o confronto direto logo no primeiro minuto.
8327,Categorias de base,"Antes do intervalo, o olheiro foi promovido ao elenco principal."
8328,Partida,"Na noite de sábado, o jogador reserva cruzou para a área."
8329,Partida,O meia-armador sofreu uma lesão muscular aos 45 minutos do segundo tempo.
8330,Mercado da bola,"A diretoria, na despedida do ídolo, pagou as luvas do reforço."
8331,Categorias de base,"Durante a pré-temporada, o time sub-15 disputou a final do sub-17."
8332,Treinamento,"O técnico, na quarta-feira à noite, ajustou a saída de bola."
8333,Campeonato,"O clube recém-promovido, na abertura da rodada, perdeu a liderança da tabela."
8334,Categorias de base,"O coordenador da base, na noite de sábado, assinou com um clube europeu."
8335,Torcida,O torcedor aplaudiu a entrada do time em campo pela primeira vez na temporada.
8336,Torcida,O sócio-torcedor vaiou o time na saída de campo fora de casa.
8337,Campeonato,"No último jogo do ano, o vice-líder eliminou o favorito ao título."
8338,Partida,"Depois de três derrotas seguidas, o centroavante finalizou na trave."
8339,Torcida,A charanga fez uma festa bonita no jogo do returno.
8340,Treinamento,O preparador físico testou o jovem da base no time titular antes do intervalo.
8341,Mercado da bola,"O presidente do clube, antes do intervalo, negociou a liberação do meia."
8342,Categorias de base,A escolinha de futebol revelou um novo talento no confronto pela copa.
8343,Treinamento,A comissão técnica ajustou a marcação por pressão em pleno feriado.
8344,Arbitragem,A assistente marcou o impedimento na reta final da temporada.
8345,Partida,O capitão do time sofreu uma lesão muscular na volta das férias.
8346,Partida,O centroavante finalizou de primeira no gramado encharcado.
8347,Mercado da bola,"Aos 45 minutos do segundo tempo, a diretoria renovou o contrato do goleiro."
8348,Arbitragem,"Na noite de sábado, o assistente de vídeo expulsou o zagueiro."
8349,Mercado da bola,"O clube europeu, na abertura da rodada, negociou o empréstimo do lateral."
8350,Partida,O zagueiro chutou cruzado para o gol no estádio lotado.
8351,Categorias de base,"No meio da semana, o time sub-15 disputou a semifinal do sub-20."
8352,Campeonato,"Na Arena da Baixada, o clube recém-promovido conquistou o título nacional."
8353,Mercado da bola,O investidor da SAF sondou um zagueiro do futebol argentino no gramado encharcado.
8354,Categorias de base,"Em noite de casa cheia, o coordenador da base estreou no time profissional."
8355,Arbitragem,"A equipe de arbitragem, no último jogo do ano, aplicou o cartão amarelo."
8356,Arbitragem,"Em meio à crise, o árbitro revisou o toque de mão."
8357,Campeonato,O azarão da competição venceu o confronto direto no clássico de quarta-feira.
8358,Partida,"O atacante, após o intervalo, marcou um golaço."
8359,Torcida,"A arquibancada, na noite de sábado, vaiou o time na saída de campo."
8360,Categorias de base,"O jovem goleiro, nos acréscimos, estreou com gol."
8361,Arbitragem,A assistente expulsou o zagueiro na noite de sábado.
8362,Partida,"O camisa 10, no confronto pela copa, finalizou de primeira."
8363,Imprensa,O jornalista esportivo elogiou a postura do time na decisão do estadual.
8364,Partida,"Diante de 40 mil torcedores, o lateral-esquerdo marcou dois gols."
8365,Arbitragem,"Para delírio da torcida, o bandeirinha deu o apito final."
8366,Arbitragem,"Aos 45 minutos do segundo tempo, o árbitro revisou o lance no monitor."
8367,Arbitragem,"O bandeirinha, em pleno feriado, ignorou o toque de mão."
8368,Imprensa,"O canal de esportes, em plena data FIFA, noticiou a demissão do treinador."
8369,Categorias de base,"Depois de três derrotas seguidas, o jovem goleiro estreou no time profissional."
8370,Imprensa,"O podcast de futebol, antes do intervalo, noticiou a lesão do artilheiro."
8371,Arbitragem,O quarto árbitro anulou o gol por falta no goleiro no jogo do returno.
8372,Mercado da bola,O gerente de futebol negociou a contratação do volante sob forte chuva.
8373,Partida,"No segundo tempo, o camisa 10 chutou cruzado para o gol."
8374,Campeonato,"No jogo de ida, o time da casa eliminou o favorito ao título."
8375,Torcida,"Em noite de casa cheia, o torcedor cantou sem parar."
8376,Partida,"Na abertura da rodada, o camisa 10 cabeceou para o fundo da rede."
8377,Partida,"Sob forte chuva, o camisa 10 marcou de pênalti."
8378,Campeonato,"Sob forte chuva, o líder do campeonato eliminou o favorito ao título."
8379,Mercado da bola,O agente do jogador pagou as luvas do reforço depois de três derrotas seguidas.
8380,Treinamento,"O fisiologista, logo no primeiro minuto, planejou a pré-temporada."
8381,Torcida,"A torcida organizada, na noite de sábado, cantou o nome do ídolo."
8382,Campeonato,O favorito ao título perdeu a final nos pênaltis no estádio lotado.
8383,Categorias de base,O time sub-15 estreou no time profissional na final da copa.
8384,Partida,"O volante, em meio à crise, cabeceou após o escanteio."
8385,Partida,O jogador reserva marcou um golaço na quarta-feira à noite.
8386,Torcida,"O torcedor mais antigo do clube, no meio da semana, pediu mais raça aos jogadores."
8387,Arbitragem,"No estádio do rival, o bandeirinha expulsou o zagueiro."
8388,Categorias de base,"O menino da comunidade, sob forte chuva, foi promovido ao elenco principal."
8389,Torcida,"Aos 45 minutos do segundo tempo, a torcida organizada fez um mosaico gigante."
8390,Categorias de base,O menino da comunidade impressionou a comissão técnica na quarta-feira à noite.
8391,Arbitragem,"No meio da semana, o árbitro marcou o pênalti."
8392,Torcida,"A torcida organizada, na estreia do campeonato, lotou o estádio."
8393,Treinamento,A comissão técnica ajustou o posicionamento da defesa na despedida do ídolo.
8394,Mercado da bola,O gerente de futebol pagou as luvas do reforço na partida transmitida para todo o país.
8395,Campeonato,"O vice-líder, na estreia do campeonato, assumiu a vice-liderança."
8396,Torcida,"Na decisão do estadual, a charanga cantou o nome do ídolo."
8397,Partida,"O volante, em plena data FIFA, cabeceou após o escanteio."
8398,Imprensa,O blogueiro esportivo narrou a decisão por pênaltis no gramado encharcado.
8399,Partida,"O meia-armador, na final da copa, chutou cruzado para o gol."
8400,Partida,"No meio da semana, o camisa 10 chutou forte de fora da área."
8401,Torcida,"O sócio-torcedor, na despedida do ídolo, cantou sem parar."
8402,Arbitragem,"Para delírio da torcida, a equipe de arbitragem deu a bola ao chão."
8403,Treinamento,"Aos 45 minutos do segundo tempo, o treinador interino testou um novo esquema tático."
8404,Arbitragem,O árbitro principal marcou o tiro de meta aos 45 minutos do segundo tempo.
8405,Imprensa,O narrador elogiou a postura do time na quarta-feira à noite.
8406,Mercado da bola,"O clube rival, em meio à crise, sondou um ponta do interior paulista."
8407,Imprensa,"O canal de esportes, na abertura da rodada, criticou a atuação do time."
8408,Imprensa,"Depois de três derrotas seguidas, o canal de esportes revelou os bastidores da negociação."
8409,Imprensa,O jornalista esportivo revelou o novo patrocinador pela primeira vez na temporada.
8410,Categorias de base,O treinador do sub-17 disputou a peneira regional no gramado encharcado.
8411,Campeonato,"O líder do campeonato, na decisão do estadual, venceu a partida decisiva."
8412,Mercado da bola,"O presidente do clube, diante de 40 mil torcedores, recusou a troca de jogadores."
8413,Arbitragem,"No gramado encharcado, o juiz da partida anulou o pênalti após revisão."
8414,Categorias de base,"A escolinha de futebol, depois de três derrotas seguidas, estreou na seleção de base."
8415,Campeonato,"Na Arena da Baixada, o atual campeão empatou com o rival."
8416,Torcida,"O sócio-torcedor, na partida transmitida para todo o país, cantou o hino do clube."
8417,Mercado da bola,"Sob forte chuva, o clube europeu renovou o contrato do goleiro."
8418,Mercado da bola,"No meio da semana, o empresário recusou a troca de jogadores."
8419,Partida,"Na quarta-feira à noite, o meia-armador deu um carrinho perfeito."
8420,Mercado da bola,"Na despedida do ídolo, o diretor de futebol sondou um zagueiro do futebol argentino."
8421,Partida,"O centroavante, no estádio lotado, marcou de pênalti."
8422,Campeonato,O atual campeão foi rebaixado para a segunda divisão durante a pré-temporada.
8423,Partida,"O meia-armador, pela primeira vez na temporada, deu um chapéu no marcador."
8424,Partida,O lateral-esquerdo chutou forte de fora da área no gramado encharcado.
8425,Partida,"O atacante, na abertura da rodada, cabeceou após o escanteio."
8426,Arbitragem,O árbitro principal revisou o toque de mão na reta final da temporada.
8427,Torcida,O grupo de torcedores vaiou a escalação do técnico na Arena da Baixada.
8428,Campeonato,"O azarão da competição, em plena data FIFA, perdeu a invencibilidade."
8429,Partida,"Depois de três derrotas seguidas, o atacante finalizou na trave."
8430,Categorias de base,"Na abertura da rodada, o menino da comunidade estreou com gol."
8431,Torcida,"A charanga, no estádio lotado, pediu mais raça aos jogadores."
8432,Campeonato,"O vice-líder, na partida transmitida para todo o país, garantiu a vaga na Libertadores."
8433,Partida,"O camisa 10, no jogo do returno, marcou de pênalti."
8434,Partida,"O ponta-direita, em plena data FIFA, cabeceou por cima do travessão."
8435,Imprensa,"Antes do intervalo, o comentarista criticou o esquema tático."
8436,Imprensa,O canal de esportes elogiou o trabalho do técnico diante de 40 mil torcedores.
8437,Campeonato,"O azarão da competição, antes do intervalo, conquistou o título nacional."
8438,Torcida,"A charanga, aos 45 minutos do segundo tempo, aplaudiu o goleiro."
8439,Campeonato,"No estádio lotado, o time da casa foi rebaixado para a segunda divisão."
8440,Partida,"O zagueiro, em meio à crise, deu um chapéu no marcador."
8441,Arbitragem,"A árbitra, na quarta-feira à noite, revisou a jogada do gol."
8442,Partida,"No domingo à tarde, o zagueiro finalizou rente à trave."
8443,Treinamento,"O coordenador técnico, diante de 40 mil torcedores, ajustou o posicionamento da defesa."
8444,Imprensa,"Na rodada de domingo, o setorista narrou o golaço da rodada."
8445,Torcida,"Na volta das férias, o torcedor mais antigo do clube cantou durante os noventa minutos."
8446,Treinamento,"Na final da copa, o fisiologista intensificou o trabalho físico."
8447,Campeonato,"O clube recém-promovido, no meio da semana, venceu o clássico regional."
8448,Campeonato,O time visitante empatou o jogo de ida na Arena da Baixada.
8449,Partida,O volante cabeceou após o escanteio no clássico de quarta-feira.
8450,Campeonato,O azarão da competição assumiu a liderança da tabela na rodada de domingo.
8451,Partida,O ponta-direita cabeceou para o fundo da rede na abertura da rodada.
8452,Campeonato,"O time visitante, na Arena da Baixada, conquistou o acesso à Série A."
8453,Categorias de base,"Antes do intervalo, o treinador do sub-17 assinou com um clube europeu."
8454,Torcida,"No gramado encharcado, o grupo de torcedores fez uma festa bonita."
8455,Imprensa,"O blogueiro esportivo, antes do intervalo, elogiou a postura do time."
8456,Imprensa,"No último jogo do ano, o jornalista esportivo entrevistou o capitão."
8457,Imprensa,"Em noite de casa cheia, o blogueiro esportivo noticiou a lesão do artilheiro."
8458,Partida,O jogador reserva cabeceou no canto do goleiro pela primeira vez na temporada.
8459,Treinamento,"Em plena data FIFA, o técnico ajustou a saída de bola."
8460,Campeonato,"No confronto pela copa, o time da casa empatou o jogo de ida."
8461,Torcida,"A charanga, no confronto pela copa, vaiou a escalação do técnico."
8462,Categorias de base,"O jovem goleiro, fora de casa, impressionou os olheiros europeus."
8463,Imprensa,O canal de esportes entrevistou o presidente do clube logo no primeiro minuto.
8464,Imprensa,"Fora de casa, a repórter de campo narrou a virada histórica."
8465,Arbitragem,A assistente ignorou o toque de mão em noite de casa cheia.
8466,Imprensa,A repórter de campo elogiou o desempenho do goleiro no jogo do returno.
8467,Campeonato,"Na despedida do ídolo, o time da casa conquistou o título nacional."
8468,Treinamento,O coordenador técnico intensificou o trabalho físico no meio da semana.
8469,Treinamento,"O treinador interino, no segundo tempo, fechou a escalação para o clássico."
8470,Torcida,"Para delírio da torcida, o grupo de torcedores pediu a contratação de um centroavante."
8471,Torcida,"A torcida jovem, na rodada de domingo, cantou sem parar."
8472,Mercado da bola,O investidor da SAF recusou uma proposta milionária na partida transmitida para todo o país.
8473,Treinamento,O preparador físico testou o meia na lateral no gramado encharcado.
8474,Treinamento,"O técnico, aos 45 minutos do segundo tempo, intensificou o trabalho físico."
8475,Partida,"Na volta das férias, o capitão do time cruzou rasteiro para o meio."
8476,Treinamento,"Na Arena da Baixada, o coordenador técnico planejou a sequência de jogos."
8477,Mercado da bola,"No jogo de ida, o clube europeu renovou o contrato do goleiro."
8478,Campeonato,"O atual campeão, nos acréscimos, venceu a partida decisiva."
8479,Treinamento,O coordenador técnico ajustou a marcação por pressão na final da copa.
8480,Treinamento,"A comissão técnica, na estreia do campeonato, liberou o elenco para o fim de semana."
8481,Treinamento,"O treinador interino, diante de 40 mil torcedores, fechou a escalação para o clássico."
8482,Categorias de base,"A escolinha de futebol, na decisão do estadual, disputou a peneira regional."
8483,Arbitragem,"A assistente, no gramado encharcado, ignorou as reclamações do banco."
8484,Campeonato,"O vice-líder, no último jogo do ano, perdeu a invencibilidade."
8485,Imprensa,"O podcast de futebol, antes do intervalo, revelou os bastidores da negociação."
8486,Partida,"Depois de três derrotas seguidas, o camisa 10 marcou o gol de empate."
8487,Torcida,"No jogo do returno, a arquibancada lotou o aeroporto."
8488,Mercado da bola,O clube rival pagou a primeira parcela da transferência em pleno feriado.
8489,Treinamento,"O preparador físico, para delírio da torcida, testou um novo esquema tático."
8490,Arbitragem,"Para delírio da torcida, o juiz da partida anulou o gol por falta no goleiro."
8491,Partida,"No jogo do returno, o centroavante cruzou rasteiro para o meio."
8492,Partida,"Durante a pré-temporada, o ponta-direita finalizou rente à trave."
8493,Partida,"Durante a pré-temporada, o centroavante cruzou rasteiro para o meio."
8494,Campeonato,"O time do interior, sob forte chuva, venceu o clássico regional."
8495,Treinamento,O técnico testou o jovem da base no time titular no gramado encharcado.
8496,Arbitragem,O assistente de vídeo ignorou as reclamações do banco no confronto pela copa.
8497,Partida,"Em noite de casa cheia, o zagueiro perdeu um gol feito."
8498,Campeonato,O time do interior empatou o jogo de ida nos acréscimos.
8499,Imprensa,"Sob forte chuva, o blogueiro esportivo entrevistou o capitão."
8500,Partida,O atacante chutou a bola para fora no último jogo do ano.
8501,Treinamento,"Na volta das férias, a comissão técnica planejou a sequência de jogos."
8502,Partida,"O centroavante, no clássico de quarta-feira, perdeu a chance de empatar."
8503,Mercado da bola,"O agente do jogador, no jogo do centenário do clube, anunciou a chegada do novo técnico."
8504,Categorias de base,"Sob forte chuva, o time sub-20 disputou a final do sub-17."
8505,Arbitragem,"O juiz da partida, diante de 40 mil torcedores, marcou o pênalti."
8506,Arbitragem,"O assistente de vídeo, no jogo do returno, anulou o pênalti após revisão."
8507,Torcida,"O sócio-torcedor, no meio da semana, fez uma grande recepção ao elenco."
8508,Mercado da bola,O diretor de futebol recusou a oferta do rival no jogo do centenário do clube.
8509,Arbitragem,"No jogo do centenário do clube, o árbitro principal ignorou as reclamações do banco."
8510,Campeonato,"O líder do campeonato, antes do intervalo, empatou sem gols."
8511,Partida,"O lateral-esquerdo, no último jogo do ano, sofreu uma lesão muscular."
8512,Campeonato,"No clássico de quarta-feira, o clube recém-promovido venceu por goleada."
8513,Campeonato,"Na quarta-feira à noite, o time do interior perdeu a invencibilidade."
8514,Arbitragem,"O árbitro, no confronto pela copa, deu a bola ao chão."
8515,Mercado da bola,"O gerente de futebol, na quarta-feira à noite, apresentou o novo uniforme."
8516,Campeonato,"O clube recém-promovido, para delírio da torcida, perdeu a invencibilidade."
8517,Arbitragem,"O árbitro de vídeo, sob forte chuva, expulsou o técnico."
8518,Categorias de base,"Após o intervalo, a promessa do clube revelou um goleiro de futuro."
8519,Mercado da bola,"O gerente de futebol, na abertura da rodada, anunciou a chegada do novo técnico."
8520,Partida,"No jogo de ida, o jogador reserva marcou dois gols."
8521,Partida,"O centroavante, no meio da semana, marcou um golaço."
8522,Torcida,"Diante de 40 mil torcedores, a torcida visitante lotou o aeroporto."
8523,Categorias de base,"Diante de 40 mil torcedores, o menino da comunidade revelou um novo talento."
8524,Treinamento,O preparador de goleiros intensificou as cobranças de pênalti no confronto pela copa.
8525,Imprensa,O jornalista esportivo narrou a virada histórica no estádio do rival.
8526,Partida,"O jogador reserva, na despedida do ídolo, finalizou de primeira."
8527,Treinamento,"O preparador físico, no segundo tempo, planejou a sequência de jogos."
8528,Categorias de base,"Após o intervalo, a promessa do clube disputou a peneira regional."
8529,Imprensa,"O podcast de futebol, na partida transmitida para todo o país, entrevistou o presidente do clube."
8530,Torcida,"O sócio-torcedor, no confronto pela copa, comemorou o gol da virada."
8531,Treinamento,"O técnico, na noite de sábado, ajustou o posicionamento da defesa."
8532,Partida,"No meio da semana, o meia-armador chutou a bola no ângulo."
8533,Mercado da bola,"O clube rival, fora de casa, negociou o empréstimo do lateral."
8534,Imprensa,O comentarista revelou os bastidores da negociação no último jogo do ano.
8535,Imprensa,O canal de esportes entrevistou o capitão em plena data FIFA.
8536,Treinamento,"Na noite de sábado, o auxiliar técnico testou o meia na lateral."
8537,Partida,"O camisa 10, na Arena da Baixada, chutou a bola no ângulo."
8538,Torcida,"A torcida organizada, no jogo de ida, lotou o estádio."
8539,Torcida,"A torcida jovem, no confronto pela copa, vaiou o time na saída de campo."
8540,Categorias de base,"O jovem goleiro, após o intervalo, estreou no time profissional."
8541,Imprensa,A emissora de rádio criticou a arbitragem no estádio do rival.
8542,Mercado da bola,O clube árabe apresentou o reforço à torcida em meio à crise.
8543,Torcida,"A charanga, na decisão do estadual, cantou o hino do clube."
8544,Campeonato,"O time visitante, no domingo à tarde, empatou sem gols."
8545,Torcida,"O torcedor mais antigo do clube, no jogo do returno, cantou o nome do ídolo."
8546,Campeonato,"O azarão da competição, no domingo à tarde, empatou sem gols."
8547,Torcida,O torcedor lotou a frente do centro de treinamento no último jogo do ano.
8548,Partida,"O jogador reserva, em noite de casa cheia, marcou dois gols."
8549,Campeonato,O clube recém-promovido assumiu a liderança da tabela no jogo de ida.
8550,Arbitragem,"Em noite de casa cheia, a equipe de arbitragem expulsou o zagueiro."
8551,Partida,"Na decisão do estadual, o lateral-esquerdo finalizou por cobertura."
8552,Torcida,"Antes do intervalo, a torcida jovem comemorou o título estadual."
8553,Campeonato,O favorito ao título perdeu a liderança da tabela nos acréscimos.
8554,Partida,O jogador reserva chutou a bola no ângulo na Arena da Baixada.
8555,Mercado da bola,"O presidente do clube, aos 45 minutos do segundo tempo, negociou o empréstimo do lateral."
8556,Partida,"O zagueiro, na decisão do estadual, cabeceou no canto do goleiro."
8557,Mercado da bola,O clube rival renovou o contrato do artilheiro no meio da semana.
8558,Campeonato,"No jogo do centenário do clube, o lanterna conquistou o acesso à Série A."
8559,Treinamento,O departamento médico intensificou os treinos de finalização diante de 40 mil torcedores.
8560,Torcida,"A torcida mandante, diante de 40 mil torcedores, aplaudiu o elenco após a derrota."
8561,Campeonato,"Na decisão do estadual, o time da casa venceu a partida decisiva."
8562,Treinamento,"Na Arena da Baixada, o fisiologista planejou a sequência de jogos."
8563,Partida,O meia-armador deu uma assistência precisa na final da copa.
8564,Torcida,"O torcedor mais antigo do clube, fora de casa, comemorou o acesso à primeira divisão."
8565,Campeonato,"Na noite de sábado, o time visitante garantiu a classificação para as quartas."
8566,Arbitragem,A equipe de arbitragem aplicou a lei da vantagem em noite de casa cheia.
8567,Imprensa,"No estádio lotado, o narrador criticou a arbitragem."
8568,Categorias de base,"Sob forte chuva, o jovem goleiro revelou um lateral promissor."
8569,Torcida,"A torcida organizada, nos acréscimos, pediu a saída do técnico."
8570,Imprensa,"Na decisão do estadual, o blogueiro esportivo revelou o novo patrocinador."
8571,Categorias de base,"O olheiro, no clássico de quarta-feira, foi promovido ao elenco principal."
8572,Mercado da bola,"No estádio do rival, o clube europeu recusou a oferta do rival."
8573,Imprensa,"Antes do intervalo, o narrador elogiou o desempenho do goleiro."
8574,Categorias de base,A promessa do clube impressionou a comissão técnica na partida transmitida para todo o país.
8575,Partida,"Fora de casa, o ponta-direita sofreu uma lesão muscular."
8576,Treinamento,O analista de desempenho liberou o atacante para o jogo no gramado encharcado.
8577,Torcida,O grupo de torcedores comemorou a classificação logo no primeiro minuto.
8578,Torcida,"Na estreia do campeonato, a torcida jovem comemorou o acesso à primeira divisão."
8579,Treinamento,O fisiologista ajustou a saída de bola antes do intervalo.
8580,Torcida,"O torcedor, na quarta-feira à noite, lotou o aeroporto."
8581,Arbitragem,O árbitro de vídeo deu a bola ao chão no gramado encharcado.
8582,Torcida,A torcida visitante vaiou a escalação do técnico diante de 40 mil torcedores.
8583,Partida,O zagueiro sofreu uma lesão muscular na rodada de domingo.
8584,Imprensa,"Depois de três derrotas seguidas, o setorista criticou a arbitragem."
8585,Imprensa,O jornalista esportivo revelou a escalação do clássico antes do intervalo.
8586,Partida,"O volante, na volta das férias, marcou de falta."
8587,Categorias de base,O time sub-20 estreou na seleção de base fora de casa.
8588,Imprensa,"A coluna do jornal, no clássico de quarta-feira, elogiou o desempenho do goleiro."
8589,Campeonato,"Sob forte chuva, o time visitante assumiu a vice-liderança."
8590,Torcida,O grupo de torcedores cantou o nome do ídolo depois de três derrotas seguidas.
8591,Treinamento,"O coordenador técnico, na partida transmitida para todo o país, planejou a recuperação dos atletas."
8592,Partida,"O volante, pela primeira vez na temporada, marcou dois gols."
8593,Arbitragem,O bandeirinha marcou a falta na entrada da área na decisão do estadual.
8594,Campeonato,O favorito ao título perdeu a liderança da tabela diante de 40 mil torcedores.
8595,Imprensa,"O comentarista, para delírio da torcida, entrevistou o técnico."
8596,Partida,O zagueiro cruzou rasteiro para o meio no jogo do returno.
8597,Torcida,"O torcedor mais antigo do clube, sob forte chuva, aplaudiu o elenco após a derrota."
8598,Categorias de base,"Na abertura da rodada, o olheiro estreou com gol."
8599,Partida,O capitão do time cabeceou no canto do goleiro no estádio do rival.
8600,Partida,"No jogo de ida, o camisa 10 perdeu um gol feito."
8601,Mercado da bola,A diretoria negociou a contratação do volante no confronto pela copa.
8602,Torcida,"A charanga, no último jogo do ano, pediu a contratação de um centroavante."
8603,Partida,O jogador reserva perdeu a chance de empatar no gramado encharcado.
8604,Arbitragem,"O bandeirinha, na volta das férias, ignorou o pedido de pênalti."
8605,Imprensa,O comentarista entrevistou o autor do gol nos acréscimos.
8606,Arbitragem,"O árbitro principal, antes do intervalo, aplicou o cartão amarelo."
8607,Treinamento,O analista de desempenho liberou o elenco para o fim de semana no jogo do returno.
8608,Arbitragem,"O assistente de vídeo, na Arena da Baixada, deu o apito final."
8609,Arbitragem,"A assistente, no estádio lotado, marcou o tiro de meta."
8610,Treinamento,O técnico liberou o elenco para o fim de semana no domingo à tarde.
8611,Arbitragem,"Aos 45 minutos do segundo tempo, a assistente aplicou o cartão amarelo."
8612,Imprensa,O jornalista esportivo narrou a virada histórica nos acréscimos.
8613,Campeonato,O clube recém-promovido garantiu a permanência na primeira divisão durante a pré-temporada.
8614,Mercado da bola,O clube europeu recusou a oferta do rival em meio à crise.
8615,Treinamento,"O treinador interino, no meio da semana, ajustou a bola parada."
8616,Arbitragem,"No estádio lotado, o bandeirinha marcou um escanteio duvidoso."
8617,Partida,"No clássico de quarta-feira, o atacante cabeceou para o fundo da rede."
8618,Mercado da bola,O presidente do clube negociou a venda do jovem atacante em noite de casa cheia.
8619,Partida,"Na volta das férias, o lateral-esquerdo finalizou com o pé esquerdo."
8620,Arbitragem,"O assistente de vídeo, no estádio do rival, marcou o tiro de meta."
8621,Partida,"O volante, depois de três derrotas seguidas, deu um chapéu no marcador."
8622,Campeonato,"Durante a pré-temporada, o atual campeão venceu a partida decisiva."
8623,Partida,"O volante, no meio da semana, marcou um golaço."
8624,Mercado da bola,O agente do jogador recusou a oferta do rival na partida transmitida para todo o país.
8625,Treinamento,O coordenador técnico testou três zagueiros na Arena da Baixada.
8626,Imprensa,A repórter de campo criticou a arbitragem na quarta-feira à noite.
8627,Torcida,"No estádio lotado, a charanga fez uma grande recepção ao elenco."
8628,Torcida,"A charanga, na noite de sábado, vaiou o time na saída de campo."
8629,Treinamento,"O auxiliar técnico, antes do intervalo, liberou o atacante para o jogo."
8630,Campeonato,"Na quarta-feira à noite, o time do interior empatou sem gols."
8631,Treinamento,"Na final da copa, o analista de desempenho liberou o atacante para o jogo."
8632,Torcida,"A charanga, na estreia do campeonato, comemorou a classificação."
8633,Partida,"Aos 45 minutos do segundo tempo, o centroavante cabeceou no canto do goleiro."
8634,Partida,O zagueiro marcou dois gols pela primeira vez na temporada.
8635,Categorias de base,"Durante a pré-temporada, o coordenador da base disputou a final do sub-17."
8636,Campeonato,O time da casa conquistou o acesso à Série A pela primeira vez na temporada.
8637,Treinamento,"No jogo do centenário do clube, o preparador de goleiros comandou o rachão."
8638,Arbitragem,"O árbitro, aos 45 minutos do segundo tempo, revisou o lance no monitor."
8639,Mercado da bola,"Antes do intervalo, o clube rival pagou as luvas do reforço."
8640,Treinamento,"No clássico de quarta-feira, o departamento médico fechou o treino à imprensa."
8641,Torcida,"A torcida jovem, no estádio lotado, pediu a contratação de um centroavante."
8642,Categorias de base,"Fora de casa, o coordenador da base assinou o primeiro contrato profissional."
8643,Campeonato,"Após o intervalo, o vice-líder empatou com o rival."
8644,Categorias de base,"Na rodada de domingo, o jovem goleiro disputou a peneira regional."
8645,Partida,O volante deu uma assistência precisa na noite de sábado.
8646,Torcida,O torcedor pediu a saída do técnico na final da copa.
8647,Categorias de base,"Depois de três derrotas seguidas, o time sub-15 impressionou a comissão técnica."
8648,Partida,O camisa 10 cabeceou no canto do goleiro logo no primeiro minuto.
8649,Mercado da bola,O agente do jogador recusou uma proposta milionária diante de 40 mil torcedores.
8650,Arbitragem,A árbitra anulou o pênalti após revisão em noite de casa cheia.
8651,Torcida,"A torcida jovem, na noite de sábado, aplaudiu a homenagem ao ídolo."
8652,Mercado da bola,O agente do jogador renovou o contrato do goleiro sob forte chuva.
8653,Arbitragem,O árbitro principal expulsou o técnico no estádio do rival.
8654,Partida,O centroavante marcou de falta na reta final da temporada.
8655,Torcida,"A torcida organizada, em noite de casa cheia, lotou o aeroporto."
8656,Campeonato,O favorito ao título eliminou o favorito ao título na estreia do campeonato.
8657,Imprensa,"No jogo de ida, o canal de esportes narrou a decisão por pênaltis."
8658,Arbitragem,"No segundo tempo, o juiz da partida revisou o lance no monitor."
8659,Campeonato,"Logo no primeiro minuto, o time do interior venceu o clássico regional."
8660,Partida,"Na final da copa, o capitão do time cabeceou no canto do goleiro."
8661,Imprensa,O jornalista esportivo elogiou o desempenho do goleiro pela primeira vez na temporada.
8662,Torcida,A torcida mandante aplaudiu a entrada do time em campo na final da copa.
8663,Categorias de base,O coordenador da base conquistou a Copinha antes do intervalo.
8664,Mercado da bola,O agente do jogador anunciou um patrocínio master no segundo tempo.
8665,Partida,"Na final da copa, o jogador reserva perdeu a chance de empatar."
8666,Treinamento,"O fisiologista, na despedida do ídolo, testou o meia na lateral."
8667,Campeonato,"Na despedida do ídolo, o atual campeão eliminou o favorito ao título."
8668,Partida,"Nos acréscimos, o centroavante marcou dois gols."
8669,Partida,O camisa 10 deu um chapéu no marcador na estreia do campeonato.
8670,Torcida,A charanga lotou o aeroporto na abertura da rodada.
8671,Arbitragem,O quarto árbitro deu a bola ao chão na estreia do campeonato.
8672,Mercado da bola,O empresário apresentou o novo camisa 9 no meio da semana.
8673,Partida,O lateral-esquerdo deu uma assistência precisa em plena data FIFA.
8674,Torcida,A torcida organizada lotou o estádio logo no primeiro minuto.
8675,Partida,"Em meio à crise, o centroavante deu uma assistência precisa."
8676,Mercado da bola,"No último jogo do ano, o investidor da SAF renovou o contrato do artilheiro."
8677,Partida,"O camisa 10, na despedida do ídolo, deu uma assistência precisa."
8678,Treinamento,O departamento médico liberou o atacante para o jogo na decisão do estadual.
8679,Imprensa,O podcast de futebol narrou a decisão por pênaltis diante de 40 mil torcedores.
8680,Partida,"Logo no primeiro minuto, o camisa 10 deu um chapéu no marcador."
8681,Treinamento,O analista de desempenho liberou o elenco para o fim de semana no meio da semana.
8682,Arbitragem,"O árbitro, na reta final da temporada, anulou o gol por impedimento."
8683,Treinamento,"O preparador físico, no domingo à tarde, fechou o treino à imprensa."
8684,Imprensa,O blogueiro esportivo revelou o novo patrocinador no jogo do centenário do clube.
8685,Partida,"Na volta das férias, o jogador reserva chutou forte de fora da área."
8686,Partida,"O volante, na quarta-feira à noite, finalizou na trave."
8687,Mercado da bola,"O clube árabe, no estádio do rival, apresentou o novo uniforme."
8688,Treinamento,A comissão técnica comandou o rachão em meio à crise.
8689,Campeonato,O vice-líder venceu a partida decisiva na reta final da temporada.
8690,Mercado da bola,"O clube rival, na estreia do campeonato, renovou o vínculo do capitão."
8691,Torcida,"No clássico de quarta-feira, a charanga fez um mosaico gigante."
8692,Campeonato,"Durante a pré-temporada, o azarão da competição garantiu a permanência na primeira divisão."
8693,Mercado da bola,"O clube rival, na noite de sábado, recusou a troca de jogadores."
8694,Treinamento,O fisiologista liberou o elenco para o fim de semana no jogo do returno.
8695,Arbitragem,"O árbitro, diante de 40 mil torcedores, ignorou o toque de mão."
8696,Campeonato,"Nos acréscimos, o azarão da competição perdeu a invencibilidade."
8697,Partida,O camisa 10 finalizou com o pé esquerdo no gramado encharcado.
8698,Torcida,A arquibancada aplaudiu a entrada do time em campo na estreia do campeonato.
8699,Treinamento,"O fisiologista, fora de casa, ajustou o posicionamento da defesa."
8700,Torcida,"O torcedor mais antigo do clube, antes do intervalo, fez uma festa bonita."
8701,Categorias de base,"Sob forte chuva, a escolinha de futebol impressionou a comissão técnica."
8702,Imprensa,O blogueiro esportivo criticou a arbitragem no jogo do returno.
8703,Categorias de base,"O time sub-15, em plena data FIFA, disputou a semifinal do sub-20."
8704,Campeonato,"No estádio do rival, o azarão da competição empatou o jogo de ida."
8705,Arbitragem,O juiz da partida ignorou as reclamações do banco na rodada de domingo.
8706,Imprensa,O blogueiro esportivo revelou os bastidores da negociação logo no primeiro minuto.
8707,Torcida,A torcida mandante cantou durante os noventa minutos na noite de sábado.
8708,Treinamento,"Sob forte chuva, o preparador de goleiros fechou o treino à imprensa."
8709,Campeonato,"Aos 45 minutos do segundo tempo, o lanterna empatou com o rival."
8710,Campeonato,O líder do campeonato foi rebaixado para a segunda divisão no estádio lotado.
8711,Imprensa,"A coluna do jornal, no último jogo do ano, entrevistou o técnico."
8712,Imprensa,"O podcast de futebol, nos acréscimos, elogiou a estreia do reforço."
8713,Campeonato,O time da casa empatou sem gols na Arena da Baixada.
8714,Partida,"Na quarta-feira à noite, o atacante sofreu uma lesão muscular."
8715,Partida,O centroavante cruzou rasteiro para o meio depois de três derrotas seguidas.
8716,Partida,"No último jogo do ano, o centroavante cabeceou no canto do goleiro."
8717,Categorias de base,"Depois de três derrotas seguidas, o olheiro foi promovido ao time sub-20."
8718,Treinamento,"O preparador de goleiros, antes do intervalo, intensificou os treinos de finalização."
8719,Treinamento,"O coordenador técnico, no jogo do centenário do clube, ajustou a marcação por pressão."
8720,Torcida,"A torcida jovem, no último jogo do ano, comemorou a classificação."
8721,Partida,O camisa 10 perdeu um gol feito antes do intervalo.
8722,Campeonato,"No estádio lotado, o atual campeão venceu por goleada."
8723,Imprensa,O narrador previu o rebaixamento do clube sob forte chuva.
8724,Categorias de base,O coordenador da base revelou um goleiro de futuro sob forte chuva.
8725,Torcida,A arquibancada comemorou a classificação no estádio do rival.
8726,Mercado da bola,O clube árabe pagou a primeira parcela da transferência em plena data FIFA.
8727,Mercado da bola,"O agente do jogador, em pleno feriado, renovou o vínculo do capitão."
8728,Arbitragem,O juiz da partida aplicou a lei da vantagem no jogo do returno.
8729,Mercado da bola,"O empresário, no estádio lotado, anunciou um patrocínio master."
8730,Arbitragem,"Durante a pré-temporada, o árbitro de vídeo marcou um escanteio duvidoso."
8731,Treinamento,"Fora de casa, o treinador interino comandou o rachão."
8732,Arbitragem,"O quarto árbitro, na estreia do campeonato, aplicou a lei da vantagem."
8733,Imprensa,O jornalista esportivo noticiou a crise no vestiário na Arena da Baixada.
8734,Partida,"O zagueiro, em noite de casa cheia, cabeceou após o escanteio."
8735,Treinamento,O fisiologista testou o meia na lateral no gramado encharcado.
8736,Campeonato,O lanterna venceu a partida decisiva no jogo do centenário do clube.
8737,Mercado da bola,O presidente do clube pagou as luvas do reforço em noite de casa cheia.
8738,Campeonato,O lanterna conquistou o acesso à Série A na volta das férias.
8739,Partida,"O capitão do time, no estádio lotado, marcou de falta."
8740,Campeonato,"O azarão da competição, nos acréscimos, perdeu a final nos pênaltis."
8741,Mercado da bola,"O empresário, no estádio do rival, sondou um zagueiro do futebol argentino."
8742,Imprensa,O comentarista criticou a atuação do time durante a pré-temporada.
8743,Categorias de base,"O garoto da base, no domingo à tarde, conquistou a Copinha."
8744,Arbitragem,"O juiz da partida, no jogo do centenário do clube, revisou o lance no monitor."
8745,Arbitragem,"Pela primeira vez na temporada, a equipe de arbitragem aplicou o cartão vermelho."
8746,Torcida,"A torcida jovem, em noite de casa cheia, vaiou o jogador adversário."
8747,Torcida,"A torcida visitante, na rodada de domingo, fez uma grande recepção ao elenco."
8748,Partida,O volante chutou forte de fora da área no jogo do centenário do clube.
8749,Campeonato,"O time do interior, para delírio da torcida, venceu por goleada."
8750,Torcida,A charanga aplaudiu a entrada do time em campo no jogo de ida.
8751,Mercado da bola,"Nos acréscimos, o clube árabe negociou a contratação do volante."
8752,Partida,"O capitão do time, na volta das férias, marcou de falta."
8753,Imprensa,"O canal de esportes, no jogo do returno, previu o título do líder."
8754,Partida,"O meia-armador, no segundo tempo, sofreu uma lesão muscular."
8755,Partida,"Na Arena da Baixada, o lateral-esquerdo finalizou com o pé esquerdo."
8756,Arbitragem,"No último jogo do ano, o bandeirinha aplicou o cartão amarelo."
8757,Arbitragem,"Diante de 40 mil torcedores, o assistente de vídeo revisou o toque de mão."
8758,Treinamento,O treinador interino testou um novo esquema tático depois de três derrotas seguidas.
8759,Arbitragem,"Após o intervalo, o assistente de vídeo deu seis minutos de acréscimo."
8760,Arbitragem,O árbitro principal deu seis minutos de acréscimo nos acréscimos.
8761,Treinamento,"Sob forte chuva, o auxiliar técnico planejou a pré-temporada."
8762,Partida,O camisa 10 chutou forte de fora da área no gramado encharcado.
8763,Mercado da bola,"O diretor de futebol, durante a pré-temporada, anunciou a chegada do novo técnico."
8764,Imprensa,A repórter de campo noticiou a lesão do artilheiro na final da copa.
8765,Categorias de base,O menino da comunidade foi promovido ao time sub-20 no estádio do rival.
8766,Arbitragem,"Na Arena da Baixada, o árbitro de vídeo expulsou o volante adversário."
8767,Arbitragem,"No último jogo do ano, o árbitro deu seis minutos de acréscimo."
8768,Partida,"Diante de 40 mil torcedores, o ponta-direita deu um drible desconcertante."
8769,Mercado da bola,"O presidente do clube, no domingo à tarde, pagou a multa rescisória."
8770,Torcida,A torcida visitante pediu a saída do técnico em plena data FIFA.
8771,Partida,"No gramado encharcado, o volante chutou forte de fora da área."
8772,Partida,"O lateral-esquerdo, para delírio da torcida, perdeu um gol feito."
8773,Partida,"O jogador reserva, aos 45 minutos do segundo tempo, sofreu um pênalti."
8774,Treinamento,"O analista de desempenho, no gramado encharcado, intensificou o trabalho físico."
8775,Arbitragem,"O quarto árbitro, sob forte chuva, revisou o toque de mão."
8776,Arbitragem,"Na estreia do campeonato, a assistente deu seis minutos de acréscimo."
8777,Campeonato,"Em meio à crise, o time da casa conquistou o título nacional."
8778,Campeonato,"Na estreia do campeonato, o lanterna venceu por goleada."
8779,Arbitragem,O quarto árbitro marcou o impedimento no clássico de quarta-feira.
8780,Treinamento,"No jogo do returno, o auxiliar técnico ajustou a bola parada."
8781,Torcida,"No jogo do centenário do clube, a torcida jovem cantou o nome do ídolo."
8782,Mercado da bola,O presidente do clube renovou o contrato do artilheiro no clássico de quarta-feira.
8783,Imprensa,O podcast de futebol revelou o novo patrocinador na decisão do estadual.
8784,Partida,"O camisa 10, fora de casa, marcou dois gols."
8785,Categorias de base,"O olheiro, no último jogo do ano, estreou no time profissional."
8786,Campeonato,"O clube recém-promovido, nos acréscimos, eliminou o favorito ao título."
8787,Imprensa,"O setorista, no clássico de quarta-feira, elogiou a estreia do reforço."
8788,Imprensa,O jornalista esportivo elogiou a postura do time em pleno feriado.
8789,Campeonato,"No jogo do centenário do clube, o time da casa garantiu a permanência na primeira divisão."
8790,Campeonato,"O time do interior, no jogo do centenário do clube, venceu por goleada."
8791,Imprensa,"O jornalista esportivo, na reta final da temporada, narrou a decisão por pênaltis."
8792,Partida,"O lateral-esquerdo, no jogo do returno, marcou dois gols."
8793,Torcida,"A torcida visitante, depois de três derrotas seguidas, vaiou o árbitro."
8794,Campeonato,"Na Arena da Baixada, o azarão da competição venceu o clássico regional."
8795,Arbitragem,"Fora de casa, o assistente de vídeo ignorou o toque de mão."
8796,Partida,"O capitão do time, na volta das férias, deu um drible desconcertante."
8797,Partida,"Sob forte chuva, o lateral-esquerdo sofreu uma lesão muscular."
8798,Mercado da bola,"Na quarta-feira à noite, o empresário renovou o vínculo do capitão."
8799,Imprensa,"A coluna do jornal, depois de três derrotas seguidas, entrevistou o autor do gol."
8800,Torcida,A torcida organizada pediu mais raça aos jogadores no estádio do rival.
8801,Categorias de base,O treinador do sub-17 conquistou o torneio internacional de base logo no primeiro minuto.
8802,Campeonato,"O favorito ao título, na noite de sábado, empatou o jogo de ida."
8803,Torcida,A torcida jovem aplaudiu o goleiro logo no primeiro minuto.
8804,Arbitragem,"Pela primeira vez na temporada, a assistente ignorou as reclamações do banco."
8805,Partida,"O meia-armador, no jogo de ida, perdeu um gol feito."
8806,Treinamento,"No jogo de ida, o preparador físico ajustou o posicionamento da defesa."
8807,Mercado da bola,"Na quarta-feira à noite, o empresário recusou a oferta do rival."
8808,Mercado da bola,"O empresário, no domingo à tarde, negociou a liberação do meia."
8809,Campeonato,"O vice-líder, no jogo do returno, empatou o jogo de ida."
8810,Imprensa,"O narrador, fora de casa, narrou a decisão por pênaltis."
8811,Imprensa,"O comentarista, em plena data FIFA, criticou a atuação do time."
8812,Treinamento,O preparador de goleiros planejou a sequência de jogos em meio à crise.
8813,Categorias de base,"No jogo de ida, o time sub-20 assinou o primeiro contrato profissional."
8814,Mercado da bola,"O gerente de futebol, na final da copa, renovou o contrato do goleiro."
8815,Torcida,"O torcedor mais antigo do clube, em pleno feriado, vaiou a escalação do técnico."
8816,Torcida,"Nos acréscimos, a torcida mandante lotou a frente do centro de treinamento."
8817,Treinamento,"No domingo à tarde, o analista de desempenho ajustou a marcação por pressão."
8818,Arbitragem,"O árbitro principal, na estreia do campeonato, aplicou o cartão vermelho."
8819,Categorias de base,"A escolinha de futebol, para delírio da torcida, conquistou o título estadual juvenil."
8820,Partida,"O zagueiro, logo no primeiro minuto, cabeceou no canto do goleiro."
8821,Campeonato,"No segundo tempo, o time do interior perdeu a invencibilidade."
8822,Campeonato,O time da casa garantiu a permanência na primeira divisão em meio à crise.
8823,Treinamento,"No jogo do returno, o preparador de goleiros comandou a atividade de finalização."
8824,Partida,O centroavante cabeceou por cima do travessão no domingo à tarde.
8825,Torcida,"No jogo do returno, o torcedor mais antigo do clube cantou o nome do ídolo."
8826,Torcida,A torcida visitante pediu mais raça aos jogadores no segundo tempo.
8827,Partida,O volante deu um drible desconcertante após o intervalo.
8828,Treinamento,O fisiologista intensificou o trabalho físico na estreia do campeonato.
8829,Arbitragem,O quarto árbitro marcou o impedimento no jogo do returno.
8830,Partida,"O capitão do time, no segundo tempo, finalizou com o pé esquerdo."
8831,Treinamento,O treinador interino testou um novo esquema tático no segundo tempo.
8832,Torcida,O sócio-torcedor comemorou o gol da virada no segundo tempo.
8833,Imprensa,"O setorista, em plena data FIFA, noticiou a demissão do treinador."
8834,Mercado da bola,"O agente do jogador, na final da copa, sondou um ponta do interior paulista."
8835,Torcida,"Durante a pré-temporada, a torcida mandante pediu a contratação de um centroavante."
8836,Categorias de base,"O menino da comunidade, diante de 40 mil torcedores, conquistou a Copinha."
8837,Partida,"O lateral-esquerdo, na abertura da rodada, chutou cruzado para o gol."
8838,Arbitragem,"A equipe de arbitragem, sob forte chuva, anulou o gol por impedimento."
8839,Torcida,A arquibancada comemorou o acesso à primeira divisão no domingo à tarde.
8840,Categorias de base,"O time sub-15, na abertura da rodada, assinou o primeiro contrato profissional."
8841,Treinamento,O preparador de goleiros liberou o lateral após exames sob forte chuva.
8842,Partida,"Para delírio da torcida, o centroavante deu uma assistência precisa."
8843,Categorias de base,"Fora de casa, o jovem goleiro impressionou os olheiros europeus."
8844,Torcida,"Logo no primeiro minuto, a charanga lotou o aeroporto."
8845,Treinamento,O departamento médico testou o meia na lateral diante de 40 mil torcedores.
8846,Arbitragem,O quarto árbitro deu o apito final fora de casa.
8847,Treinamento,"Na estreia do campeonato, o auxiliar técnico comandou o rachão."
8848,Treinamento,O departamento médico planejou a pré-temporada em noite de casa cheia.
8849,Treinamento,O preparador de goleiros comandou o rachão no confronto pela copa.
8850,Treinamento,"Na noite de sábado, o técnico comandou o treino tático."
8851,Partida,"Em noite de casa cheia, o lateral-esquerdo sofreu uma lesão muscular."
8852,Imprensa,"Logo no primeiro minuto, o canal de esportes revelou a escalação do clássico."
8853,Imprensa,O comentarista noticiou a lesão do artilheiro na estreia do campeonato.
8854,Arbitragem,"No último jogo do ano, a árbitra ignorou o toque de mão."
8855,Torcida,A torcida visitante fez uma festa bonita na volta das férias.
8856,Imprensa,"O blogueiro esportivo, no gramado encharcado, elogiou a postura do time."
8857,Categorias de base,"A promessa do clube, aos 45 minutos do segundo tempo, estreou na seleção de base."
8858,Torcida,O grupo de torcedores lotou a frente do centro de treinamento depois de três derrotas seguidas.
8859,Mercado da bola,"Em pleno feriado, o empresário recusou a oferta do rival."
8860,Torcida,"O sócio-torcedor, na estreia do campeonato, pediu a contratação de um centroavante."
8861,Categorias de base,"O garoto da base, após o intervalo, revelou um novo talento."
8862,Campeonato,O vice-líder empatou o jogo de ida aos 45 minutos do segundo tempo.
8863,Imprensa,"No jogo do returno, o canal de esportes narrou a virada histórica."
8864,Partida,O zagueiro marcou o gol da vitória para delírio da torcida.
8865,Arbitragem,"O árbitro de vídeo, depois de três derrotas seguidas, deu o apito final."
8866,Mercado da bola,O agente do jogador pagou as luvas do reforço no clássico de quarta-feira.
8867,Mercado da bola,O clube rival anunciou a chegada do novo técnico em noite de casa cheia.
8868,Campeonato,"O time do interior, no estádio do rival, venceu o confronto direto."
8869,Torcida,"No jogo do returno, a torcida visitante fez um protesto pacífico."
8870,Mercado da bola,O gerente de futebol sondou um ponta do interior paulista no estádio lotado.
8871,Categorias de base,"O menino da comunidade, no meio da semana, impressionou a comissão técnica."
8872,Categorias de base,A escolinha de futebol impressionou a comissão técnica na decisão do estadual.
8873,Categorias de base,O time sub-15 impressionou a comissão técnica no segundo tempo.
8874,Campeonato,O time visitante venceu a partida decisiva sob forte chuva.
8875,Treinamento,"O técnico, no segundo tempo, liberou o elenco para o fim de semana."
8876,Mercado da bola,"Na rodada de domingo, o gerente de futebol anunciou a saída do capitão."
8877,Treinamento,"O preparador físico, em noite de casa cheia, planejou a recuperação dos atletas."
8878,Treinamento,"A comissão técnica, no domingo à tarde, testou um novo esquema tático."
8879,Treinamento,"Diante de 40 mil torcedores, o preparador de goleiros comandou o treino tático."
8880,Torcida,"A charanga, no estádio do rival, fez um mosaico gigante."
8881,Campeonato,O clube recém-promovido eliminou o favorito ao título em plena data FIFA.
8882,Imprensa,"No meio da semana, o setorista criticou a atuação do time."
8883,Campeonato,O clube recém-promovido garantiu a classificação para as quartas no jogo do centenário do clube.
8884,Arbitragem,"Na final da copa, o árbitro anulou o pênalti após revisão."
8885,Categorias de base,"No jogo do returno, o menino da comunidade assinou o primeiro contrato profissional."
8886,Treinamento,"O preparador físico, na noite de sábado, testou o jovem da base no time titular."
8887,Campeonato,"O time da casa, aos 45 minutos do segundo tempo, garantiu a vaga na Libertadores."
8888,Imprensa,"No gramado encharcado, o narrador noticiou a demissão do treinador."
8889,Categorias de base,O time sub-20 impressionou o técnico do profissional na Arena da Baixada.
8890,Campeonato,"O time da casa, logo no primeiro minuto, venceu o confronto direto."
8891,Campeonato,"Depois de três derrotas seguidas, o lanterna venceu o confronto direto."
8892,Partida,"O zagueiro, no gramado encharcado, cabeceou no canto do goleiro."
8893,Mercado da bola,"O empresário, logo no primeiro minuto, pagou a multa rescisória."
8894,Partida,"Durante a pré-temporada, o zagueiro marcou o gol de empate."
8895,Arbitragem,"Na final da copa, a árbitra aplicou o cartão vermelho."
8896,Mercado da bola,"A diretoria, após o intervalo, pagou a primeira parcela da transferência."
8897,Treinamento,"O coordenador técnico, nos acréscimos, planejou a sequência de jogos."
8898,Arbitragem,"O quarto árbitro, sob forte chuva, aplicou o cartão amarelo."
8899,Partida,"No segundo tempo, o capitão do time sofreu uma falta dura."
8900,Campeonato,"O clube recém-promovido, antes do intervalo, empatou sem gols."
8901,Mercado da bola,O agente do jogador pagou a multa rescisória no jogo do centenário do clube.
8902,Torcida,A charanga vaiou o jogador adversário no jogo do centenário do clube.
8903,Arbitragem,"A assistente, na reta final da temporada, revisou o toque de mão."
8904,Partida,"No meio da semana, o camisa 10 cruzou para a área."
8905,Mercado da bola,"Em noite de casa cheia, o clube europeu apresentou o reforço à torcida."
8906,Partida,O capitão do time deu um carrinho perfeito na Arena da Baixada.
8907,Imprensa,"O podcast de futebol, pela primeira vez na temporada, narrou a decisão por pênaltis."
8908,Mercado da bola,"Fora de casa, o gerente de futebol anunciou um patrocínio master."
8909,Categorias de base,"No confronto pela copa, o time sub-15 disputou a final do sub-17."
8910,Imprensa,"O podcast de futebol, na partida transmitida para todo o país, criticou a atuação do time."
8911,Mercado da bola,"O diretor de futebol, no jogo de ida, negociou a contratação do volante."
8912,Imprensa,"O setorista, na Arena da Baixada, entrevistou o capitão."
8913,Campeonato,"O azarão da competição, na noite de sábado, venceu o confronto direto."
8914,Imprensa,"O setorista, no último jogo do ano, noticiou a demissão do treinador."
8915,Partida,"Em pleno feriado, o volante marcou o gol da vitória."
8916,Campeonato,"O time visitante, no jogo do returno, empatou sem gols."
8917,Partida,O jogador reserva chutou forte de fora da área na decisão do estadual.
8918,Treinamento,"No confronto pela copa, a comissão técnica comandou a atividade de finalização."
8919,Torcida,"A torcida organizada, na quarta-feira à noite, vaiou o time na saída de campo."
8920,Imprensa,"No segundo tempo, o setorista narrou a decisão por pênaltis."
8921,Treinamento,O departamento médico fechou a escalação para o clássico na volta das férias.
8922,Imprensa,O blogueiro esportivo entrevistou o capitão no gramado encharcado.
8923,Categorias de base,"Na final da copa, a escolinha de futebol revelou um lateral promissor."
8924,Campeonato,O azarão da competição eliminou o atual campeão aos 45 minutos do segundo tempo.
8925,Torcida,"O torcedor, em noite de casa cheia, fez uma grande recepção ao elenco."
8926,Categorias de base,"A promessa do clube, na estreia do campeonato, foi promovido ao time sub-20."
8927,Treinamento,"Em pleno feriado, o treinador interino comandou o coletivo com os titulares."
8928,Campeonato,O vice-líder assumiu a vice-liderança na reta final da temporada.
8929,Arbitragem,A árbitra expulsou o zagueiro para delírio da torcida.
8930,Categorias de base,"O time sub-20, em noite de casa cheia, revelou um lateral promissor."
8931,Arbitragem,O árbitro de vídeo ignorou o toque de mão no clássico de quarta-feira.
8932,Campeonato,O atual campeão assumiu a liderança da tabela em plena data FIFA.
8933,Campeonato,O azarão da competição garantiu a permanência na primeira divisão na decisão do estadual.
8934,Partida,O zagueiro chutou a bola no ângulo na estreia do campeonato.
8935,Arbitragem,"Na quarta-feira à noite, a árbitra marcou um escanteio duvidoso."
8936,Imprensa,"No segundo tempo, a emissora de rádio previu uma goleada no clássico."
8937,Campeonato,"O atual campeão, na abertura da rodada, venceu a partida decisiva."
8938,Imprensa,"Depois de três derrotas seguidas, o setorista narrou a decisão por pênaltis."
8939,Mercado da bola,"No estádio lotado, o clube europeu anunciou a chegada do novo técnico."
8940,Arbitragem,"O árbitro principal, no estádio lotado, expulsou o técnico."
8941,Arbitragem,"O árbitro de vídeo, na Arena da Baixada, revisou o toque de mão."
8942,Campeonato,"O favorito ao título, na Arena da Baixada, conquistou a copa do estado."
8943,Treinamento,"No segundo tempo, o técnico ajustou o posicionamento da defesa."
8944,Partida,O volante chutou a bola no ângulo em meio à crise.
8945,Imprensa,"Aos 45 minutos do segundo tempo, a repórter de campo criticou a atuação do time."
8946,Treinamento,"Na abertura da rodada, a comissão técnica comandou a atividade de finalização."
8947,Arbitragem,O árbitro ignorou o toque de mão no meio da semana.
8948,Arbitragem,"Em pleno feriado, o árbitro de vídeo aplicou o cartão vermelho."
8949,Categorias de base,O time sub-15 disputou a final do sub-17 após o intervalo.
8950,Imprensa,"O jornalista esportivo, logo no primeiro minuto, criticou a atuação do time."
8951,Imprensa,A repórter de campo entrevistou o presidente do clube em meio à crise.
8952,Partida,"O camisa 10, na rodada de domingo, finalizou na trave."
8953,Torcida,"Durante a pré-temporada, a torcida mandante aplaudiu a homenagem ao ídolo."
8954,Categorias de base,O coordenador da base estreou com gol depois de três derrotas seguidas.
8955,Mercado da bola,"O agente do jogador, no jogo do returno, apresentou o novo uniforme."
8956,Arbitragem,"O árbitro principal, pela primeira vez na temporada, revisou o toque de mão."
8957,Partida,"Na Arena da Baixada, o jogador reserva deu um carrinho perfeito."
8958,Arbitragem,"O árbitro principal, no jogo de ida, anulou o gol por falta no goleiro."
8959,Mercado da bola,"No gramado encharcado, o agente do jogador pagou a multa rescisória."
8960,Arbitragem,"O árbitro, na Arena da Baixada, deu o apito final."
8961,Campeonato,"Em meio à crise, o líder do campeonato perdeu a final nos pênaltis."
8962,Imprensa,O narrador revelou a escalação do clássico na despedida do ídolo.
8963,Arbitragem,"Sob forte chuva, a equipe de arbitragem marcou o tiro de meta."
8964,Arbitragem,"No segundo tempo, a árbitra revisou o toque de mão."
8965,Torcida,"A torcida visitante, na volta das férias, lotou o estádio."
8966,Torcida,A charanga lotou o estádio na abertura da rodada.
8967,Partida,O centroavante finalizou com o pé esquerdo sob forte chuva.
8968,Categorias de base,"O time sub-15, no domingo à tarde, disputou a semifinal do sub-20."
8969,Arbitragem,"Antes do intervalo, a equipe de arbitragem marcou o pênalti."
8970,Torcida,"A torcida organizada, aos 45 minutos do segundo tempo, cantou o nome do ídolo."
8971,Torcida,O sócio-torcedor vaiou a escalação do técnico no estádio lotado.
8972,Treinamento,A comissão técnica intensificou os treinos de finalização para delírio da torcida.
8973,Torcida,"A torcida mandante, na volta das férias, comemorou o título estadual."
8974,Imprensa,O blogueiro esportivo criticou a escalação inicial em pleno feriado.
8975,Torcida,"Em meio à crise, a torcida organizada lotou o estádio."
8976,Campeonato,"O time visitante, na final da copa, perdeu a liderança da tabela."
8977,Partida,"O camisa 10, diante de 40 mil torcedores, sofreu uma lesão muscular."
8978,Arbitragem,"Na Arena da Baixada, a equipe de arbitragem revisou a jogada do gol."
8979,Imprensa,"Durante a pré-temporada, o blogueiro esportivo narrou a virada histórica."
8980,Partida,O centroavante chutou cruzado para o gol nos acréscimos.
8981,Imprensa,O comentarista criticou a atuação do time no jogo do returno.
8982,Treinamento,"O departamento médico, no jogo do returno, planejou a sequência de jogos."
8983,Arbitragem,"No último jogo do ano, o árbitro de vídeo ignorou as reclamações do banco."
8984,Treinamento,O técnico comandou a atividade de finalização no estádio lotado.
8985,Torcida,O sócio-torcedor lotou o aeroporto na decisão do estadual.
8986,Categorias de base,O garoto da base disputou a peneira regional no estádio do rival.
8987,Torcida,A torcida visitante fez uma festa bonita no estádio do rival.
8988,Campeonato,O time do interior garantiu a permanência na primeira divisão na final da copa.
8989,Campeonato,O time visitante foi rebaixado para a segunda divisão no estádio do rival.
8990,Torcida,O torcedor pediu mais raça aos jogadores durante a pré-temporada.
8991,Partida,"Na decisão do estadual, o camisa 10 marcou um golaço."
8992,Arbitragem,"No domingo à tarde, o quarto árbitro ignorou o pedido de pênalti."
8993,Campeonato,O líder do campeonato assumiu a vice-liderança na estreia do campeonato.
8994,Categorias de base,O garoto da base impressionou o técnico do profissional fora de casa.
8995,Torcida,"O grupo de torcedores, na quarta-feira à noite, aplaudiu o elenco após a derrota."
8996,Categorias de base,"O garoto da base, no último jogo do ano, assinou o primeiro contrato profissional."
8997,Treinamento,O preparador físico intensificou os treinos de finalização após o intervalo.
8998,Partida,O jogador reserva finalizou com o pé esquerdo nos acréscimos.
8999,Partida,"O atacante, nos acréscimos, perdeu o pênalti."
9000,Mercado da bola,"No clássico de quarta-feira, o clube rival recusou uma proposta milionária."
9001,Torcida,A torcida mandante vaiou a escalação do técnico no último jogo do ano.
9002,Partida,"O zagueiro, no domingo à tarde, finalizou de primeira."
9003,Arbitragem,O quarto árbitro revisou a jogada do gol nos acréscimos.
9004,Campeonato,"Na quarta-feira à noite, o vice-líder conquistou o título nacional."
9005,Partida,O capitão do time cruzou na cabeça do centroavante na final da copa.
9006,Partida,"Na reta final da temporada, o jogador reserva sofreu uma falta dura."
9007,Mercado da bola,O empresário apresentou o novo uniforme no estádio do rival.
9008,Treinamento,"Na volta das férias, o analista de desempenho intensificou as cobranças de pênalti."
9009,Torcida,A charanga cantou o nome do ídolo no segundo tempo.
9010,Partida,"O camisa 10, após o intervalo, finalizou por cobertura."
9011,Treinamento,"O treinador interino, no jogo do returno, testou três zagueiros."
9012,Torcida,"Em pleno feriado, o sócio-torcedor comemorou a classificação."
9013,Campeonato,"Na decisão do estadual, o lanterna empatou o jogo de ida."
9014,Arbitragem,O juiz da partida ignorou as reclamações do banco em pleno feriado.
9015,Treinamento,"Em plena data FIFA, o treinador interino comandou o rachão."
9016,Treinamento,"O coordenador técnico, no segundo tempo, planejou a sequência de jogos."
9017,Campeonato,O atual campeão eliminou o atual campeão fora de casa.
9018,Partida,"O centroavante, durante a pré-temporada, finalizou com o pé esquerdo."
9019,Categorias de base,O coordenador da base impressionou os olheiros europeus na quarta-feira à noite.
9020,Arbitragem,"Em pleno feriado, o árbitro principal marcou o impedimento."
9021,Treinamento,"O técnico, no estádio do rival, testou três zagueiros."
9022,Campeonato,"Na estreia do campeonato, o clube recém-promovido garantiu a classificação para as quartas."
9023,Campeonato,O lanterna eliminou o favorito ao título em plena data FIFA.
9024,Treinamento,"O auxiliar técnico, na decisão do estadual, ajustou a bola parada."
9025,Torcida,"No gramado encharcado, o torcedor comemorou a classificação."
9026,Torcida,"No jogo do returno, a torcida jovem comemorou o acesso à primeira divisão."
9027,Imprensa,"Pela primeira vez na temporada, o podcast de futebol criticou a arbitragem."
9028,Mercado da bola,"Na reta final da temporada, o agente do jogador recusou a troca de jogadores."
9029,Treinamento,O técnico planejou a sequência de jogos na final da copa.
9030,Campeonato,O clube recém-promovido venceu por goleada nos acréscimos.
9031,Torcida,"Na despedida do ídolo, o grupo de torcedores fez uma grande recepção ao elenco."
9032,Campeonato,"No estádio lotado, o vice-líder eliminou o atual campeão."
9033,Torcida,O torcedor mais antigo do clube lotou a frente do centro de treinamento no gramado encharcado.
9034,Campeonato,"O time da casa, para delírio da torcida, assumiu a vice-liderança."
9035,Imprensa,"Logo no primeiro minuto, a coluna do jornal criticou a escalação inicial."
9036,Imprensa,"A coluna do jornal, na reta final da temporada, noticiou a venda do atacante."
9037,Partida,"No segundo tempo, o atacante deu uma assistência precisa."
9038,Torcida,O torcedor vaiou o árbitro aos 45 minutos do segundo tempo.
9039,Partida,"O jogador reserva, na volta das férias, chutou forte de fora da área."
9040,Partida,O atacante finalizou na trave na partida transmitida para todo o país.
9041,Mercado da bola,"Pela primeira vez na temporada, o presidente do clube anunciou um patrocínio master."
9042,Mercado da bola,"O presidente do clube, na rodada de domingo, negociou a contratação do volante."
9043,Imprensa,"Fora de casa, o canal de esportes narrou a decisão por pênaltis."
9044,Torcida,A arquibancada aplaudiu a homenagem ao ídolo após o intervalo.
9045,Campeonato,"O time do interior, na abertura da rodada, empatou sem gols."
9046,Treinamento,O treinador interino intensificou as cobranças de pênalti na Arena da Baixada.
9047,Partida,"Na Arena da Baixada, o volante chutou a bola no ângulo."
9048,Partida,"O ponta-direita, na Arena da Baixada, chutou a bola no ângulo."
9049,Imprensa,"O jornalista esportivo, fora de casa, elogiou a postura do time."
9050,Categorias de base,"Em noite de casa cheia, a promessa do clube revelou um goleiro de futuro."
9051,Campeonato,"O favorito ao título, no meio da semana, foi rebaixado para a segunda divisão."
9052,Campeonato,O líder do campeonato garantiu a permanência na primeira divisão no jogo do centenário do clube.
9053,Treinamento,O departamento médico ajustou a marcação por pressão na despedida do ídolo.
9054,Mercado da bola,"Na rodada de domingo, o clube árabe negociou a contratação do volante."
9055,Torcida,"O sócio-torcedor, no estádio do rival, aplaudiu o goleiro."
9056,Partida,"Em noite de casa cheia, o ponta-direita perdeu a chance de empatar."
9057,Campeonato,"Em noite de casa cheia, o time visitante garantiu a permanência na primeira divisão."
9058,Mercado da bola,"O clube árabe, no domingo à tarde, apresentou o novo camisa 9."
9059,Mercado da bola,"Na despedida do ídolo, o gerente de futebol anunciou o reforço para a temporada."
9060,Treinamento,"O técnico, na despedida do ídolo, testou três zagueiros."
9061,Partida,"O zagueiro, em pleno feriado, finalizou de primeira."
9062,Mercado da bola,"Na quarta-feira à noite, o diretor de futebol renovou o contrato do artilheiro."
9063,Imprensa,"Durante a pré-temporada, a repórter de campo previu o título do líder."
9064,Torcida,"A torcida jovem, no jogo do centenário do clube, pediu a saída do técnico."
9065,Treinamento,"Nos acréscimos, o treinador interino comandou a atividade de finalização."
9066,Categorias de base,"Na decisão do estadual, o coordenador da base impressionou a comissão técnica."
9067,Arbitragem,"No gramado encharcado, o juiz da partida marcou a falta na entrada da área."
9068,Treinamento,A comissão técnica ajustou a marcação por pressão no jogo do centenário do clube.
9069,Torcida,A torcida organizada aplaudiu a entrada do time em campo no clássico de quarta-feira.
9070,Imprensa,"O podcast de futebol, no gramado encharcado, criticou a atuação do time."
9071,Arbitragem,"Na estreia do campeonato, o árbitro principal aplicou o cartão vermelho."
9072,Partida,"O atacante, pela primeira vez na temporada, marcou de falta."
9073,Treinamento,O auxiliar técnico intensificou as cobranças de pênalti na volta das férias.
9074,Campeonato,O time visitante empatou com o rival na volta das férias.
9075,Categorias de base,"Em plena data FIFA, o time sub-20 disputou a semifinal do sub-20."
9076,Arbitragem,O árbitro principal expulsou o volante adversário no jogo do returno.
9077,Partida,"Na Arena da Baixada, o lateral-esquerdo deu um drible desconcertante."
9078,Imprensa,O setorista criticou a atuação do time para delírio da torcida.
9079,Campeonato,"O atual campeão, na despedida do ídolo, conquistou o título nacional."
9080,Partida,"O capitão do time, nos acréscimos, chutou forte de fora da área."
9081,Torcida,O grupo de torcedores pediu mais raça aos jogadores diante de 40 mil torcedores.
9082,Arbitragem,"No estádio lotado, o árbitro principal revisou a jogada do gol."
9083,Campeonato,"O lanterna, logo no primeiro minuto, perdeu a invencibilidade."
9084,Partida,"O jogador reserva, na decisão do estadual, cabeceou após o escanteio."
9085,Categorias de base,"O time sub-15, na noite de sábado, revelou um lateral promissor."
9086,Mercado da bola,"Na partida transmitida para todo o país, o clube rival apresentou o novo camisa 9."
9087,Mercado da bola,O agente do jogador sondou um ponta do interior paulista no gramado encharcado.
9088,Torcida,"No jogo do returno, a torcida visitante fez um mosaico gigante."
9089,Treinamento,O preparador físico planejou a pré-temporada no domingo à tarde.
9090,Campeonato,O lanterna venceu o confronto direto na decisão do estadual.
9091,Partida,"Aos 45 minutos do segundo tempo, o capitão do time chutou cruzado para o gol."
9092,Categorias de base,"Aos 45 minutos do segundo tempo, o time sub-20 impressionou a comissão técnica."
9093,Mercado da bola,A diretoria pagou as luvas do reforço logo no primeiro minuto.
9094,Imprensa,"A repórter de campo, na partida transmitida para todo o país, entrevistou o autor do gol."
9095,Partida,"Para delírio da torcida, o atacante deu um chapéu no marcador."
9096,Imprensa,"Na volta das férias, o canal de esportes narrou o golaço da rodada."
9097,Treinamento,A comissão técnica testou o jovem da base no time titular no domingo à tarde.
9098,Arbitragem,"O árbitro, na abertura da rodada, marcou o impedimento."
9099,Torcida,A torcida mandante cantou o hino do clube em meio à crise.
9100,Categorias de base,"Em meio à crise, o olheiro conquistou o título estadual juvenil."
9101,Mercado da bola,"O presidente do clube, diante de 40 mil torcedores, negociou a venda do jovem atacante."
9102,Torcida,"O grupo de torcedores, após o intervalo, aplaudiu o goleiro."
9103,Arbitragem,"Após o intervalo, o árbitro de vídeo deu o apito final."
9104,Treinamento,"Na abertura da rodada, a comissão técnica fechou o treino à imprensa."
9105,Imprensa,"Após o intervalo, o setorista noticiou a venda do atacante."
9106,Partida,"O centroavante, fora de casa, cruzou para a área."
9107,Mercado da bola,"No jogo do returno, a diretoria pagou a primeira parcela da transferência."
9108,Categorias de base,"O time sub-15, antes do intervalo, foi promovido ao time sub-20."
9109,Torcida,"A charanga, em noite de casa cheia, pediu a contratação de um centroavante."
9110,Arbitragem,O assistente de vídeo revisou a jogada do gol na reta final da temporada.
9111,Categorias de base,"Antes do intervalo, o menino da comunidade impressionou os olheiros europeus."
9112,Campeonato,"Fora de casa, o time do interior venceu o confronto direto."
9113,Torcida,"O grupo de torcedores, na abertura da rodada, vaiou o árbitro."
9114,Categorias de base,O jovem goleiro conquistou a Copinha no clássico de quarta-feira.
9115,Torcida,A torcida organizada comemorou a classificação na Arena da Baixada.
9116,Arbitragem,"A assistente, depois de três derrotas seguidas, ignorou o toque de mão."
9117,Partida,"No gramado encharcado, o zagueiro marcou o gol de empate."
9118,Partida,"O meia-armador, na final da copa, sofreu um pênalti."
9119,Mercado da bola,"O diretor de futebol, nos acréscimos, recusou a oferta do rival."
9120,Treinamento,"O analista de desempenho, aos 45 minutos do segundo tempo, ajustou a saída de bola."
9121,Categorias de base,"O treinador do sub-17, no segundo tempo, conquistou a Copinha."
9122,Arbitragem,A assistente revisou a jogada do gol na volta das férias.
9123,Mercado da bola,O empresário anunciou a saída do capitão em meio à crise.
9124,Partida,O jogador reserva sofreu uma falta dura na reta final da temporada.
9125,Imprensa,"Em plena data FIFA, o setorista previu o título do líder."
9126,Campeonato,O clube recém-promovido assumiu a liderança da tabela nos acréscimos.
9127,Torcida,A charanga cantou sem parar na reta final da temporada.
9128,Partida,"O capitão do time, para delírio da torcida, cruzou rasteiro para o meio."
9129,Arbitragem,"Na decisão do estadual, a assistente marcou a falta na entrada da área."
9130,Treinamento,"No jogo de ida, o treinador interino ajustou o posicionamento da defesa."
9131,Torcida,"A torcida organizada, sob forte chuva, vaiou o time na saída de campo."
9132,Arbitragem,"O árbitro principal, fora de casa, ignorou o pedido de pênalti."
9133,Arbitragem,"Depois de três derrotas seguidas, o árbitro de vídeo aplicou a lei da vantagem."
9134,Partida,O jogador reserva finalizou com o pé esquerdo na final da copa.
9135,Partida,O ponta-direita marcou de falta para delírio da torcida.
9136,Imprensa,"Sob forte chuva, a emissora de rádio entrevistou o capitão."
9137,Mercado da bola,O clube rival apresentou o reforço à torcida na Arena da Baixada.
9138,Arbitragem,O árbitro de vídeo anulou o gol por falta no goleiro na noite de sábado.
9139,Imprensa,"O comentarista, na quarta-feira à noite, previu o título do líder."
9140,Mercado da bola,"O clube árabe, durante a pré-temporada, pagou a multa rescisória."
9141,Arbitragem,O árbitro principal anulou o gol por falta no goleiro na decisão do estadual.
9142,Arbitragem,"A equipe de arbitragem, na rodada de domingo, expulsou o técnico."
9143,Mercado da bola,"No gramado encharcado, o clube rival negociou a contratação do volante."
9144,Treinamento,"No último jogo do ano, o departamento médico comandou o rachão."
9145,Arbitragem,"O quarto árbitro, na rodada de domingo, expulsou o técnico."
9146,Imprensa,"O comentarista, na noite de sábado, entrevistou o capitão."
9147,Torcida,"Em pleno feriado, a torcida visitante cantou durante os noventa minutos."
9148,Torcida,"O torcedor mais antigo do clube, na abertura da rodada, lotou o aeroporto."
9149,Categorias de base,"Aos 45 minutos do segundo tempo, o menino da comunidade disputou a final do sub-17."
9150,Categorias de base,"O olheiro, no último jogo do ano, revelou um lateral promissor."
9151,Partida,O lateral-esquerdo deu um drible desconcertante nos acréscimos.
9152,Partida,"Diante de 40 mil torcedores, o meia-armador finalizou por cobertura."
9153,Imprensa,O narrador entrevistou o autor do gol no jogo do returno.
9154,Campeonato,"Na decisão do estadual, o time do interior empatou sem gols."
9155,Imprensa,O podcast de futebol entrevistou o presidente do clube no estádio do rival.
9156,Treinamento,"O analista de desempenho, em noite de casa cheia, planejou a pré-temporada."
9157,Campeonato,"Fora de casa, o time visitante venceu por goleada."
9158,Categorias de base,"O treinador do sub-17, na despedida do ídolo, disputou a semifinal do sub-20."
9159,Arbitragem,O árbitro marcou o tiro de meta fora de casa.
9160,Torcida,"Antes do intervalo, o torcedor aplaudiu a homenagem ao ídolo."
9161,Arbitragem,O árbitro marcou a falta na entrada da área em noite de casa cheia.
9162,Torcida,"A torcida organizada, na abertura da rodada, fez uma festa bonita."
9163,Arbitragem,"Depois de três derrotas seguidas, o juiz da partida deu a bola ao chão."
9164,Arbitragem,"Diante de 40 mil torcedores, o árbitro de vídeo expulsou o técnico."
9165,Categorias de base,"O garoto da base, na despedida do ídolo, revelou um novo talento."
9166,Mercado da bola,O clube rival sondou um ponta do interior paulista no confronto pela copa.
9167,Arbitragem,"Sob forte chuva, o árbitro de vídeo deu seis minutos de acréscimo."
9168,Torcida,"A charanga, pela primeira vez na temporada, aplaudiu a homenagem ao ídolo."
9169,Imprensa,"A emissora de rádio, no estádio do rival, entrevistou o técnico."
9170,Treinamento,O departamento médico comandou o rachão na abertura da rodada.
9171,Campeonato,"Na quarta-feira à noite, o favorito ao título venceu por goleada."
9172,Campeonato,"Logo no primeiro minuto, o favorito ao título venceu a partida decisiva."
9173,Imprensa,"Na final da copa, o comentarista revelou a escalação do clássico."
9174,Campeonato,"O clube recém-promovido, na estreia do campeonato, garantiu a permanência na primeira divisão."
9175,Arbitragem,"A árbitra, após o intervalo, ignorou o toque de mão."
9176,Campeonato,O time da casa assumiu a liderança da tabela no jogo do centenário do clube.
9177,Partida,"No último jogo do ano, o zagueiro marcou um golaço."
9178,Treinamento,"O treinador interino, na volta das férias, ajustou a marcação por pressão."
9179,Partida,"Nos acréscimos, o meia-armador marcou de pênalti."
9180,Mercado da bola,"O agente do jogador, no jogo de ida, anunciou um patrocínio master."
9181,Categorias de base,"O garoto da base, na abertura da rodada, revelou um goleiro de futuro."
9182,Imprensa,"Depois de três derrotas seguidas, o podcast de futebol elogiou a estreia do reforço."
9183,Partida,"O lateral-esquerdo, fora de casa, cabeceou no canto do goleiro."
9184,Treinamento,O fisiologista fechou a escalação para o clássico no jogo do centenário do clube.
9185,Torcida,"Na estreia do campeonato, a torcida visitante vaiou o árbitro."
9186,Partida,O zagueiro marcou o gol da vitória no segundo tempo.
9187,Arbitragem,A assistente expulsou o volante adversário pela primeira vez na temporada.
9188,Arbitragem,"O juiz da partida, na rodada de domingo, aplicou o cartão vermelho."
9189,Torcida,"Na noite de sábado, a torcida jovem aplaudiu o goleiro."
9190,Torcida,"Antes do intervalo, a arquibancada vaiou a escalação do técnico."
9191,Categorias de base,"O time sub-15, nos acréscimos, assinou com um clube europeu."
9192,Mercado da bola,A diretoria sondou um ponta do interior paulista sob forte chuva.
9193,Arbitragem,O árbitro de vídeo aplicou o cartão amarelo no estádio lotado.
9194,Torcida,A torcida jovem lotou o aeroporto no estádio do rival.
9195,Mercado da bola,"O gerente de futebol, na abertura da rodada, negociou o empréstimo do lateral."
9196,Campeonato,O líder do campeonato conquistou a copa do estado diante de 40 mil torcedores.
9197,Categorias de base,"O treinador do sub-17, depois de três derrotas seguidas, conquistou o título estadual juvenil."
9198,Imprensa,"Em plena data FIFA, a coluna do jornal previu uma goleada no clássico."
9199,Categorias de base,O coordenador da base estreou no time profissional depois de três derrotas seguidas.
9200,Arbitragem,"No segundo tempo, o árbitro anulou o gol por impedimento."
9201,Imprensa,"Após o intervalo, a coluna do jornal narrou o golaço da rodada."
9202,Treinamento,"A comissão técnica, na decisão do estadual, planejou a pré-temporada."
9203,Campeonato,"O vice-líder, no gramado encharcado, empatou sem gols."
9204,Campeonato,"O time do interior, para delírio da torcida, foi rebaixado para a segunda divisão."
9205,Arbitragem,"Na volta das férias, a árbitra deu o apito final."
9206,Imprensa,"O comentarista, em pleno feriado, elogiou a postura do time."
9207,Torcida,"Na reta final da temporada, o torcedor mais antigo do clube cantou sem parar."
9208,Mercado da bola,O presidente do clube apresentou o reforço à torcida no último jogo do ano.
9209,Mercado da bola,O clube rival anunciou a saída do capitão sob forte chuva.
9210,Treinamento,"O treinador interino, em meio à crise, testou o meia na lateral."
9211,Torcida,O torcedor aplaudiu a entrada do time em campo no domingo à tarde.
9212,Treinamento,"O preparador físico, na partida transmitida para todo o país, comandou o coletivo com os titulares."
9213,Arbitragem,"A assistente, depois de três derrotas seguidas, aplicou o cartão amarelo."
9214,Partida,"Na noite de sábado, o zagueiro finalizou de primeira."
9215,Imprensa,A emissora de rádio noticiou a demissão do treinador na noite de sábado.
9216,Torcida,"No confronto pela copa, o torcedor mais antigo do clube cantou o hino do clube."
9217,Arbitragem,A assistente revisou a jogada do gol na abertura da rodada.
9218,Campeonato,O clube recém-promovido assumiu a liderança da tabela na quarta-feira à noite.
9219,Categorias de base,"Pela primeira vez na temporada, a escolinha de futebol estreou com gol."
9220,Partida,"Para delírio da torcida, o ponta-direita perdeu o pênalti."
9221,Campeonato,O líder do campeonato conquistou o acesso à Série A na reta final da temporada.
9222,Partida,"No gramado encharcado, o volante perdeu o pênalti."
9223,Imprensa,"No gramado encharcado, o podcast de futebol narrou a virada histórica."
9224,Mercado da bola,"Na noite de sábado, o clube rival anunciou a saída do capitão."
9225,Categorias de base,"O treinador do sub-17, durante a pré-temporada, assinou o primeiro contrato profissional."
9226,Treinamento,O auxiliar técnico testou três zagueiros nos acréscimos.
9227,Categorias de base,"O garoto da base, na noite de sábado, disputou a semifinal do sub-20."
9228,Arbitragem,O árbitro aplicou o cartão vermelho no confronto pela copa.
9229,Imprensa,"Na reta final da temporada, o canal de esportes narrou o golaço da rodada."
9230,Categorias de base,"Aos 45 minutos do segundo tempo, o olheiro estreou na seleção de base."
9231,Arbitragem,A assistente ignorou as reclamações do banco na quarta-feira à noite.
9232,Campeonato,"Na partida transmitida para todo o país, o atual campeão perdeu a liderança da tabela."
9233,Treinamento,"O preparador de goleiros, sob forte chuva, ajustou o posicionamento da defesa."
9234,Torcida,A torcida mandante vaiou o time na saída de campo em noite de casa cheia.
9235,Campeonato,"O atual campeão, na noite de sábado, perdeu a final nos pênaltis."
9236,Torcida,"A charanga, em meio à crise, cantou durante os noventa minutos."
9237,Mercado da bola,"O clube europeu, em noite de casa cheia, pagou a multa rescisória."
9238,Treinamento,"Na despedida do ídolo, o analista de desempenho comandou o rachão."
9239,Arbitragem,"Na Arena da Baixada, o bandeirinha aplicou a lei da vantagem."
9240,Campeonato,"O clube recém-promovido, no gramado encharcado, venceu por goleada."
9241,Mercado da bola,"O clube árabe, no meio da semana, pagou a primeira parcela da transferência."
9242,Partida,O atacante finalizou por cobertura na partida transmitida para todo o país.
9243,Partida,"Depois de três derrotas seguidas, o volante chutou cruzado para o gol."
9244,Imprensa,"Na despedida do ídolo, a emissora de rádio elogiou o desempenho do goleiro."
9245,Treinamento,"A comissão técnica, no domingo à tarde, liberou o lateral após exames."
9246,Torcida,A torcida jovem lotou o aeroporto na decisão do estadual.
9247,Imprensa,"Logo no primeiro minuto, o comentarista previu o título do líder."
9248,Arbitragem,"O juiz da partida, na reta final da temporada, ignorou o pedido de pênalti."
9249,Categorias de base,"O coordenador da base, sob forte chuva, impressionou os olheiros europeus."
9250,Categorias de base,O time sub-15 revelou um goleiro de futuro no jogo do centenário do clube.
9251,Arbitragem,A equipe de arbitragem expulsou o técnico na Arena da Baixada.
9252,Partida,"O atacante, na partida transmitida para todo o país, finalizou por cobertura."
9253,Campeonato,O líder do campeonato garantiu a permanência na primeira divisão em noite de casa cheia.
9254,Mercado da bola,"O presidente do clube, após o intervalo, negociou o empréstimo do lateral."
9255,Arbitragem,"No clássico de quarta-feira, o assistente de vídeo anulou o gol por falta no goleiro."
9256,Categorias de base,"Depois de três derrotas seguidas, a promessa do clube disputou a semifinal do sub-20."
9257,Mercado da bola,"No último jogo do ano, o empresário anunciou a chegada do novo técnico."
9258,Treinamento,O preparador físico testou três zagueiros logo no primeiro minuto.
9259,Imprensa,O jornalista esportivo elogiou a estreia do reforço no meio da semana.
9260,Categorias de base,A promessa do clube revelou um novo talento na despedida do ídolo.
9261,Partida,O centroavante perdeu o pênalti no segundo tempo.
9262,Mercado da bola,"O gerente de futebol, logo no primeiro minuto, pagou as luvas do reforço."
9263,Treinamento,O analista de desempenho fechou a escalação para o clássico em meio à crise.
9264,Partida,"O atacante, na partida transmitida para todo o país, finalizou rente à trave."
9265,Treinamento,O técnico ajustou a saída de bola antes do intervalo.
9266,Arbitragem,"Diante de 40 mil torcedores, a equipe de arbitragem revisou o lance no monitor."
9267,Imprensa,"Na decisão do estadual, a coluna do jornal noticiou a venda do atacante."
9268,Arbitragem,O árbitro principal expulsou o zagueiro aos 45 minutos do segundo tempo.
9269,Categorias de base,"A escolinha de futebol, no confronto pela copa, conquistou a Copinha."
9270,Categorias de base,O olheiro estreou com gol na partida transmitida para todo o país.
9271,Arbitragem,A assistente marcou o tiro de meta na volta das férias.
9272,Mercado da bola,O clube rival apresentou o novo camisa 9 na decisão do estadual.
9273,Categorias de base,"O jovem goleiro, na volta das férias, disputou a final do sub-17."
9274,Treinamento,"Nos acréscimos, a comissão técnica fechou o treino à imprensa."
9275,Torcida,"A arquibancada, após o intervalo, comemorou o título estadual."
9276,Treinamento,"O técnico, na partida transmitida para todo o país, planejou a recuperação dos atletas."
9277,Partida,O volante marcou de pênalti no jogo do centenário do clube.
9278,Categorias de base,O olheiro conquistou o torneio internacional de base na Arena da Baixada.
9279,Arbitragem,A equipe de arbitragem expulsou o zagueiro nos acréscimos.
9280,Torcida,A charanga cantou sem parar antes do intervalo.
9281,Torcida,A torcida mandante fez uma grande recepção ao elenco na Arena da Baixada.
9282,Imprensa,A emissora de rádio noticiou a venda do atacante em plena data FIFA.
9283,Partida,O lateral-esquerdo marcou o gol da vitória pela primeira vez na temporada.
9284,Campeonato,"O azarão da competição, na despedida do ídolo, perdeu a liderança da tabela."
9285,Treinamento,"O treinador interino, fora de casa, planejou a recuperação dos atletas."
9286,Campeonato,O azarão da competição conquistou a copa do estado antes do intervalo.
9287,Arbitragem,"O árbitro, na rodada de domingo, anulou o gol por impedimento."
9288,Partida,"O meia-armador, aos 45 minutos do segundo tempo, chutou a bola no ângulo."
9289,Partida,"O lateral-esquerdo, logo no primeiro minuto, marcou dois gols."
9290,Mercado da bola,"O clube rival, na abertura da rodada, negociou o empréstimo do lateral."
9291,Partida,O centroavante cabeceou para o fundo da rede na despedida do ídolo.
9292,Categorias de base,"No segundo tempo, a escolinha de futebol disputou a peneira regional."
9293,Partida,O lateral-esquerdo perdeu um gol feito na volta das férias.
9294,Torcida,A torcida mandante aplaudiu o goleiro no estádio do rival.
9295,Torcida,A torcida organizada vaiou o jogador adversário na final da copa.
9296,Treinamento,"Na reta final da temporada, o departamento médico ajustou a marcação por pressão."
9297,Torcida,"Em noite de casa cheia, a torcida organizada lotou o aeroporto."
9298,Campeonato,"Fora de casa, o líder do campeonato eliminou o favorito ao título."
9299,Mercado da bola,O clube europeu negociou a venda do jovem atacante na volta das férias.
9300,Mercado da bola,"O gerente de futebol, diante de 40 mil torcedores, renovou o contrato do goleiro."
9301,Arbitragem,O quarto árbitro ignorou as reclamações do banco aos 45 minutos do segundo tempo.
9302,Imprensa,O comentarista revelou o novo patrocinador no último jogo do ano.
9303,Mercado da bola,"Durante a pré-temporada, o clube árabe renovou o contrato do goleiro."
9304,Torcida,"A torcida mandante, no clássico de quarta-feira, fez um protesto pacífico."
9305,Mercado da bola,"O presidente do clube, na despedida do ídolo, recusou a troca de jogadores."
9306,Categorias de base,"O time sub-20, na rodada de domingo, conquistou o título estadual juvenil."
9307,Partida,"Na rodada de domingo, o ponta-direita chutou forte de fora da área."
9308,Mercado da bola,O empresário sondou um zagueiro do futebol argentino no clássico de quarta-feira.
9309,Campeonato,"No confronto pela copa, o vice-líder foi rebaixado para a segunda divisão."
9310,Partida,"Na reta final da temporada, o capitão do time marcou de falta."
9311,Partida,"Em pleno feriado, o capitão do time chutou cruzado para o gol."
9312,Imprensa,"Na noite de sábado, a coluna do jornal entrevistou o capitão."
9313,Mercado da bola,"O presidente do clube, sob forte chuva, recusou a oferta do rival."
9314,Treinamento,"O departamento médico, na abertura da rodada, testou um novo esquema tático."
9315,Partida,"O capitão do time, na reta final da temporada, deu um drible desconcertante."
9316,Imprensa,O setorista entrevistou o capitão aos 45 minutos do segundo tempo.
9317,Arbitragem,"Na final da copa, o bandeirinha aplicou o cartão amarelo."
9318,Campeonato,"No domingo à tarde, o líder do campeonato conquistou o título nacional."
9319,Campeonato,"No estádio do rival, o atual campeão venceu por goleada."
9320,Mercado da bola,O presidente do clube recusou uma proposta milionária após o intervalo.
9321,Treinamento,O treinador interino intensificou o trabalho físico fora de casa.
9322,Mercado da bola,O clube rival sondou o técnico da seleção no domingo à tarde.
9323,Treinamento,"Na noite de sábado, o fisiologista comandou o treino tático."
9324,Torcida,"O torcedor mais antigo do clube, para delírio da torcida, vaiou o jogador adversário."
9325,Mercado da bola,"No estádio do rival, o clube europeu renovou o contrato do goleiro."
9326,Arbitragem,"O juiz da partida, em noite de casa cheia, marcou o impedimento."
9327,Partida,O ponta-direita deu um carrinho perfeito no segundo tempo.
9328,Torcida,A torcida mandante comemorou a classificação no jogo do returno.
9329,Campeonato,"Na quarta-feira à noite, o favorito ao título assumiu a liderança da tabela."
9330,Torcida,A torcida mandante fez uma festa bonita no domingo à tarde.
9331,Arbitragem,"A assistente, fora de casa, ignorou o pedido de pênalti."
9332,Arbitragem,"A assistente, no gramado encharcado, marcou o tiro de meta."
9333,Torcida,"Na partida transmitida para todo o país, a charanga comemorou o acesso à primeira divisão."
9334,Mercado da bola,O empresário negociou a liberação do meia em pleno feriado.
9335,Treinamento,"Na decisão do estadual, o auxiliar técnico fechou a escalação para o clássico."
9336,Treinamento,O treinador interino planejou a recuperação dos atletas para delírio da torcida.
9337,Imprensa,"O blogueiro esportivo, em meio à crise, criticou a escalação inicial."
9338,Arbitragem,"O quarto árbitro, no confronto pela copa, expulsou o volante adversário."
9339,Partida,"O camisa 10, nos acréscimos, marcou o gol da vitória."
9340,Treinamento,O coordenador técnico liberou o elenco para o fim de semana em plena data FIFA.
9341,Mercado da bola,"O agente do jogador, em pleno feriado, anunciou um patrocínio master."
9342,Torcida,"O sócio-torcedor, na despedida do ídolo, cantou o hino do clube."
9343,Torcida,"A torcida visitante, no gramado encharcado, vaiou o time na saída de campo."
9344,Campeonato,O clube recém-promovido garantiu a classificação para as quartas para delírio da torcida.
9345,Torcida,"O torcedor, no meio da semana, fez uma festa bonita."
9346,Partida,O meia-armador chutou a bola para fora no estádio lotado.
9347,Categorias de base,A escolinha de futebol assinou com um clube europeu em noite de casa cheia.
9348,Campeonato,"O time da casa, para delírio da torcida, conquistou o título nacional."
9349,Imprensa,O blogueiro esportivo entrevistou o presidente do clube sob forte chuva.
9350,Campeonato,O atual campeão empatou sem gols na Arena da Baixada.
9351,Torcida,"No meio da semana, a charanga comemorou o acesso à primeira divisão."
9352,Imprensa,"Na final da copa, o blogueiro esportivo revelou os bastidores da negociação."
9353,Mercado da bola,"Antes do intervalo, o clube árabe anunciou a chegada do novo técnico."
9354,Torcida,"O torcedor mais antigo do clube, sob forte chuva, cantou durante os noventa minutos."
9355,Torcida,"O torcedor mais antigo do clube, em plena data FIFA, cantou durante os noventa minutos."
9356,Campeonato,"No confronto pela copa, o time do interior empatou com o rival."
9357,Categorias de base,"Em pleno feriado, o olheiro assinou com um clube europeu."
9358,Torcida,"Na estreia do campeonato, a torcida organizada pediu a contratação de um centroavante."
9359,Torcida,"O torcedor, no domingo à tarde, pediu a contratação de um centroavante."
9360,Imprensa,O podcast de futebol criticou o esquema tático na noite de sábado.
9361,Torcida,O torcedor aplaudiu o goleiro no jogo do centenário do clube.
9362,Imprensa,"O narrador, durante a pré-temporada, previu o título do líder."
9363,Partida,O lateral-esquerdo finalizou com o pé esquerdo em noite de casa cheia.
9364,Partida,"O centroavante, em plena data FIFA, sofreu uma lesão muscular."
9365,Mercado da bola,"Após o intervalo, o investidor da SAF sondou um zagueiro do futebol argentino."
9366,Partida,O zagueiro finalizou na trave na despedida do ídolo.
9367,Treinamento,O analista de desempenho comandou o treino tático no confronto pela copa.
9368,Partida,"Na decisão do estadual, o lateral-esquerdo deu uma assistência precisa."
9369,Treinamento,O departamento médico intensificou os treinos de finalização na despedida do ídolo.
9370,Torcida,"O sócio-torcedor, na rodada de domingo, fez um protesto pacífico."
9371,Categorias de base,"No confronto pela copa, o time sub-20 assinou o primeiro contrato profissional."
9372,Imprensa,A emissora de rádio elogiou a estreia do reforço diante de 40 mil torcedores.
9373,Mercado da bola,O gerente de futebol apresentou o novo uniforme no jogo do centenário do clube.
9374,Imprensa,"O canal de esportes, diante de 40 mil torcedores, elogiou a postura do time."
9375,Campeonato,O lanterna empatou sem gols na partida transmitida para todo o país.
9376,Torcida,A torcida organizada fez um protesto pacífico diante de 40 mil torcedores.
9377,Torcida,"A torcida visitante, na estreia do campeonato, vaiou o time na saída de campo."
9378,Treinamento,O fisiologista ajustou o posicionamento da defesa após o intervalo.
9379,Torcida,"O torcedor mais antigo do clube, no estádio do rival, comemorou o título estadual."
9380,Mercado da bola,"O clube europeu, no jogo do centenário do clube, pagou a multa rescisória."
9381,Treinamento,"O coordenador técnico, no jogo do returno, ajustou a saída de bola."
9382,Imprensa,A repórter de campo narrou a decisão por pênaltis na partida transmitida para todo o país.
9383,Treinamento,"Durante a pré-temporada, o analista de desempenho planejou a pré-temporada."
9384,Partida,"Em meio à crise, o jogador reserva cruzou na cabeça do centroavante."
9385,Torcida,"Na abertura da rodada, a torcida organizada vaiou a escalação do técnico."
9386,Arbitragem,A equipe de arbitragem ignorou o toque de mão no estádio lotado.
9387,Campeonato,"O vice-líder, aos 45 minutos do segundo tempo, garantiu a permanência na primeira divisão."
9388,Partida,O ponta-direita finalizou com o pé esquerdo aos 45 minutos do segundo tempo.
9389,Imprensa,"Na reta final da temporada, o comentarista elogiou a estreia do reforço."
9390,Categorias de base,"No jogo de ida, o menino da comunidade assinou o primeiro contrato profissional."
9391,Torcida,"O grupo de torcedores, no confronto pela copa, comemorou a classificação."
9392,Torcida,"Na final da copa, a charanga aplaudiu a homenagem ao ídolo."
9393,Torcida,"No gramado encharcado, a torcida organizada vaiou a escalação do técnico."
9394,Partida,"Em noite de casa cheia, o centroavante perdeu um gol feito."
9395,Campeonato,"O time do interior, na decisão do estadual, eliminou o atual campeão."
9396,Arbitragem,"O árbitro, pela primeira vez na temporada, revisou a jogada do gol."
9397,Torcida,"O sócio-torcedor, aos 45 minutos do segundo tempo, pediu a saída do técnico."
9398,Mercado da bola,"Na noite de sábado, o agente do jogador negociou o empréstimo do lateral."
9399,Torcida,O sócio-torcedor aplaudiu o goleiro logo no primeiro minuto.
9400,Torcida,O torcedor mais antigo do clube lotou a frente do centro de treinamento na Arena da Baixada.
9401,Partida,"No estádio do rival, o capitão do time marcou de pênalti."
9402,Arbitragem,O árbitro de vídeo ignorou o pedido de pênalti aos 45 minutos do segundo tempo.
9403,Mercado da bola,"O clube árabe, em pleno feriado, sondou o técnico da seleção."
9404,Partida,O meia-armador deu uma assistência precisa em meio à crise.
9405,Mercado da bola,"No jogo do returno, o empresário pagou as luvas do reforço."
9406,Campeonato,"No segundo tempo, o time visitante assumiu a vice-liderança."
9407,Torcida,"A torcida visitante, no domingo à tarde, aplaudiu o goleiro."
9408,Arbitragem,"O assistente de vídeo, na Arena da Baixada, anulou o gol por falta no goleiro."
9409,Partida,"No segundo tempo, o lateral-esquerdo finalizou por cobertura."
9410,Categorias de base,"A escolinha de futebol, em noite de casa cheia, impressionou os olheiros europeus."
9411,Arbitragem,"A árbitra, na final da copa, marcou a falta na entrada da área."
9412,Mercado da bola,"Para delírio da torcida, o clube árabe sondou o técnico da seleção."
9413,Torcida,"Diante de 40 mil torcedores, o sócio-torcedor pediu mais raça aos jogadores."
9414,Torcida,O grupo de torcedores pediu mais raça aos jogadores sob forte chuva.
9415,Treinamento,"Na abertura da rodada, o departamento médico comandou o coletivo com os titulares."
9416,Campeonato,"Na Arena da Baixada, o clube recém-promovido empatou o jogo de ida."
9417,Imprensa,"Na Arena da Baixada, a repórter de campo narrou o golaço da rodada."
9418,Partida,"O camisa 10, pela primeira vez na temporada, deu uma assistência precisa."
9419,Treinamento,"O preparador de goleiros, logo no primeiro minuto, fechou a escalação para o clássico."
9420,Treinamento,"O preparador físico, em plena data FIFA, ajustou a marcação por pressão."
9421,Treinamento,O preparador de goleiros intensificou as cobranças de pênalti no jogo do returno.
9422,Categorias de base,O time sub-15 estreou com gol depois de três derrotas seguidas.
9423,Partida,O camisa 10 marcou de pênalti pela primeira vez na temporada.
9424,Arbitragem,A árbitra ignorou as reclamações do banco na partida transmitida para todo o país.
9425,Partida,"Durante a pré-temporada, o atacante cruzou para a área."
9426,Arbitragem,"A equipe de arbitragem, na decisão do estadual, marcou o tiro de meta."
9427,Treinamento,"O auxiliar técnico, no estádio do rival, testou três zagueiros."
9428,Imprensa,A repórter de campo previu uma goleada no clássico diante de 40 mil torcedores.
9429,Treinamento,"Em noite de casa cheia, o fisiologista comandou a atividade de finalização."
9430,Mercado da bola,"O diretor de futebol, no confronto pela copa, pagou a primeira parcela da transferência."
9431,Mercado da bola,"Na volta das férias, o clube europeu sondou um zagueiro do futebol argentino."
9432,Arbitragem,"A árbitra, em meio à crise, marcou o pênalti."
9433,Torcida,"A torcida mandante, na volta das férias, comemorou o gol da virada."
9434,Categorias de base,"A escolinha de futebol, antes do intervalo, estreou na seleção de base."
9435,Imprensa,O podcast de futebol entrevistou o técnico na noite de sábado.
9436,Campeonato,O lanterna perdeu a liderança da tabela no gramado encharcado.
9437,Partida,"Em meio à crise, o zagueiro finalizou de primeira."
9438,Treinamento,A comissão técnica comandou o coletivo com os titulares no jogo do returno.
9439,Partida,"O jogador reserva, antes do intervalo, finalizou na trave."
9440,Categorias de base,"O menino da comunidade, no jogo do returno, conquistou o torneio internacional de base."
9441,Mercado da bola,"O clube rival, na decisão do estadual, sondou um ponta do interior paulista."
9442,Partida,O meia-armador chutou a bola no ângulo na volta das férias.
9443,Campeonato,O líder do campeonato venceu por goleada para delírio da torcida.
9444,Imprensa,"No segundo tempo, a coluna do jornal elogiou o trabalho do técnico."
9445,Campeonato,"O azarão da competição, no meio da semana, perdeu a final nos pênaltis."
9446,Imprensa,"A repórter de campo, no jogo do centenário do clube, entrevistou o técnico."
9447,Partida,"Sob forte chuva, o meia-armador marcou de falta."
9448,Imprensa,O comentarista narrou o golaço da rodada no confronto pela copa.
9449,Campeonato,O azarão da competição garantiu a permanência na primeira divisão na quarta-feira à noite.
9450,Mercado da bola,O clube europeu renovou o contrato do goleiro na final da copa.
9451,Mercado da bola,O empresário sondou um zagueiro do futebol argentino nos acréscimos.
9452,Categorias de base,O time sub-15 revelou um novo talento na despedida do ídolo.
9453,Mercado da bola,"O clube árabe, na reta final da temporada, anunciou a saída do capitão."
9454,Imprensa,"Antes do intervalo, a repórter de campo entrevistou o capitão."
9455,Partida,O meia-armador cruzou para a área no jogo de ida.
9456,Arbitragem,A assistente marcou a falta na entrada da área na noite de sábado.
9457,Partida,"O ponta-direita, no gramado encharcado, marcou de falta."
9458,Partida,"O volante, no estádio do rival, finalizou de primeira."
9459,Mercado da bola,"O clube árabe, em noite de casa cheia, apresentou o novo camisa 9."
9460,Imprensa,O comentarista previu uma goleada no clássico na partida transmitida para todo o país.
9461,Mercado da bola,"O agente do jogador, em noite de casa cheia, anunciou a chegada do novo técnico."
9462,Treinamento,"O preparador físico, no jogo do centenário do clube, intensificou as cobranças de pênalti."
9463,Arbitragem,"O bandeirinha, em meio à crise, revisou a jogada do gol."
9464,Mercado da bola,O empresário negociou a liberação do meia nos acréscimos.
9465,Mercado da bola,"O agente do jogador, sob forte chuva, recusou uma proposta milionária."
9466,Imprensa,"O comentarista, na noite de sábado, entrevistou o presidente do clube."
9467,Arbitragem,"Na partida transmitida para todo o país, o bandeirinha deu a bola ao chão."
9468,Partida,"Em plena data FIFA, o zagueiro marcou de pênalti."
9469,Campeonato,"Na final da copa, o clube recém-promovido conquistou a copa do estado."
9470,Partida,"Em noite de casa cheia, o ponta-direita chutou cruzado para o gol."
9471,Mercado da bola,"Pela primeira vez na temporada, o investidor da SAF apresentou o novo camisa 9."
9472,Categorias de base,"O menino da comunidade, na quarta-feira à noite, revelou um goleiro de futuro."
9473,Partida,O atacante finalizou por cobertura logo no primeiro minuto.
9474,Treinamento,O treinador interino testou três zagueiros sob forte chuva.
9475,Imprensa,"A coluna do jornal, na noite de sábado, entrevistou o técnico."
9476,Torcida,A charanga pediu a saída do técnico no gramado encharcado.
9477,Treinamento,"O departamento médico, na decisão do estadual, testou três zagueiros."
9478,Campeonato,"O lanterna, na abertura da rodada, venceu o clássico regional."
9479,Torcida,A torcida organizada comemorou o gol da virada na partida transmitida para todo o país.
9480,Treinamento,"O treinador interino, aos 45 minutos do segundo tempo, planejou a pré-temporada."
9481,Mercado da bola,"Na estreia do campeonato, o gerente de futebol apresentou o reforço à torcida."
9482,Campeonato,"O time da casa, no meio da semana, conquistou a copa do estado."
9483,Imprensa,A repórter de campo entrevistou o capitão fora de casa.
9484,Arbitragem,"Na decisão do estadual, o árbitro principal marcou o tiro de meta."
9485,Arbitragem,O assistente de vídeo revisou o toque de mão no estádio do rival.
9486,Imprensa,"Na quarta-feira à noite, o podcast de futebol elogiou a postura do time."
9487,Partida,"O volante, no último jogo do ano, deu uma assistência precisa."
9488,Treinamento,"O auxiliar técnico, nos acréscimos, fechou a escalação para o clássico."
9489,Campeonato,"Em meio à crise, o favorito ao título eliminou o atual campeão."
9490,Partida,O centroavante cabeceou após o escanteio na despedida do ídolo.
9491,Torcida,A arquibancada pediu mais raça aos jogadores na decisão do estadual.
9492,Mercado da bola,O clube rival sondou um zagueiro do futebol argentino na abertura da rodada.
9493,Categorias de base,O olheiro estreou no time profissional em plena data FIFA.
9494,Categorias de base,O coordenador da base revelou um novo talento depois de três derrotas seguidas.
9495,Arbitragem,"Durante a pré-temporada, o árbitro principal expulsou o técnico."
9496,Categorias de base,A promessa do clube estreou com gol na estreia do campeonato.
9497,Partida,"O lateral-esquerdo, no estádio do rival, deu um carrinho perfeito."
9498,Torcida,"A arquibancada, depois de três derrotas seguidas, comemorou o título estadual."
9499,Imprensa,"O canal de esportes, na decisão do estadual, entrevistou o técnico."
9500,Torcida,"Na decisão do estadual, a torcida jovem pediu a contratação de um centroavante."
9501,Torcida,"No jogo do returno, a torcida visitante cantou sem parar."
9502,Treinamento,"O fisiologista, diante de 40 mil torcedores, comandou o treino tático."
9503,Categorias de base,"Na abertura da rodada, a escolinha de futebol conquistou a Copinha."
9504,Treinamento,"Sob forte chuva, o técnico comandou o coletivo com os titulares."
9505,Mercado da bola,O clube rival sondou um zagueiro do futebol argentino no clássico de quarta-feira.
9506,Imprensa,O jornalista esportivo previu uma goleada no clássico na quarta-feira à noite.
9507,Imprensa,O narrador revelou a escalação do clássico no último jogo do ano.
9508,Arbitragem,"Antes do intervalo, a assistente aplicou o cartão vermelho."
9509,Arbitragem,"O juiz da partida, em meio à crise, expulsou o zagueiro."
9510,Categorias de base,"O time sub-20, no jogo do returno, assinou com um clube europeu."
9511,Mercado da bola,O agente do jogador pagou a primeira parcela da transferência após o intervalo.
9512,Mercado da bola,O presidente do clube apresentou o novo uniforme no estádio do rival.
9513,Imprensa,"No segundo tempo, a emissora de rádio elogiou o desempenho do goleiro."
9514,Categorias de base,"A escolinha de futebol, antes do intervalo, disputou a final do sub-17."
9515,Arbitragem,"O quarto árbitro, para delírio da torcida, deu a bola ao chão."
9516,Arbitragem,O árbitro principal ignorou as reclamações do banco na partida transmitida para todo o país.
9517,Categorias de base,"Na decisão do estadual, o time sub-15 revelou um lateral promissor."
9518,Arbitragem,"Antes do intervalo, a árbitra aplicou o cartão vermelho."
9519,Arbitragem,"O assistente de vídeo, na despedida do ídolo, deu a bola ao chão."
9520,Treinamento,"O coordenador técnico, na rodada de domingo, fechou a escalação para o clássico."
9521,Imprensa,"Na rodada de domingo, a emissora de rádio previu uma goleada no clássico."
9522,Torcida,A torcida organizada aplaudiu o goleiro no confronto pela copa.
9523,Campeonato,O time do interior perdeu a liderança da tabela no clássico de quarta-feira.
9524,Treinamento,"O coordenador técnico, no clássico de quarta-feira, ajustou o posicionamento da defesa."
9525,Categorias de base,"O jovem goleiro, na estreia do campeonato, disputou a semifinal do sub-20."
9526,Torcida,A torcida jovem cantou sem parar no gramado encharcado.
9527,Campeonato,"Na volta das férias, o vice-líder perdeu a final nos pênaltis."
9528,Categorias de base,"Durante a pré-temporada, a promessa do clube foi promovido ao time sub-20."
9529,Categorias de base,"No estádio do rival, o menino da comunidade revelou um novo talento."
9530,Arbitragem,"O juiz da partida, na quarta-feira à noite, expulsou o zagueiro."
9531,Categorias de base,"Logo no primeiro minuto, o coordenador da base disputou a peneira regional."
9532,Categorias de base,O jovem goleiro revelou um lateral promissor para delírio da torcida.
9533,Campeonato,O líder do campeonato perdeu a liderança da tabela no último jogo do ano.
9534,Categorias de base,O coordenador da base revelou um lateral promissor na partida transmitida para todo o país.
9535,Campeonato,"O líder do campeonato, em noite de casa cheia, venceu o confronto direto."
9536,Treinamento,O treinador interino comandou o coletivo com os titulares na decisão do estadual.
9537,Categorias de base,A escolinha de futebol disputou a final do sub-17 na Arena da Baixada.
9538,Imprensa,"Em meio à crise, o jornalista esportivo noticiou a crise no vestiário."
9539,Campeonato,O vice-líder venceu por goleada no último jogo do ano.
9540,Torcida,O grupo de torcedores vaiou o time na saída de campo no clássico de quarta-feira.
9541,Partida,"Na reta final da temporada, o centroavante marcou de pênalti."
9542,Mercado da bola,"O empresário, para delírio da torcida, apresentou o novo camisa 9."
9543,Arbitragem,O assistente de vídeo marcou a falta na entrada da área em noite de casa cheia.
9544,Categorias de base,O coordenador da base revelou um novo talento em noite de casa cheia.
9545,Imprensa,"A coluna do jornal, depois de três derrotas seguidas, elogiou o trabalho do técnico."
9546,Imprensa,O setorista noticiou a lesão do artilheiro nos acréscimos.
9547,Imprensa,"A repórter de campo, em meio à crise, noticiou a demissão do treinador."
9548,Arbitragem,"O juiz da partida, no jogo do centenário do clube, aplicou o cartão amarelo."
9549,Partida,O capitão do time chutou a bola para fora sob forte chuva.
9550,Imprensa,"A coluna do jornal, no último jogo do ano, entrevistou o capitão."
9551,Partida,"No clássico de quarta-feira, o meia-armador marcou dois gols."
9552,Campeonato,"O lanterna, na partida transmitida para todo o país, assumiu a liderança da tabela."
9553,Mercado da bola,"Após o intervalo, o presidente do clube anunciou a saída do capitão."
9554,Mercado da bola,"Na final da copa, o diretor de futebol renovou o contrato do artilheiro."
9555,Mercado da bola,"Logo no primeiro minuto, o gerente de futebol pagou a primeira parcela da transferência."
9556,Treinamento,"O preparador físico, depois de três derrotas seguidas, ajustou a bola parada."
9557,Partida,"O meia-armador, no clássico de quarta-feira, sofreu uma lesão muscular."
9558,Arbitragem,"O quarto árbitro, no segundo tempo, marcou o impedimento."
9559,Torcida,"No último jogo do ano, o torcedor cantou o nome do ídolo."
9560,Categorias de base,"Na rodada de domingo, o coordenador da base assinou o primeiro contrato profissional."
9561,Torcida,"A arquibancada, no clássico de quarta-feira, cantou o nome do ídolo."
9562,Treinamento,"A comissão técnica, nos acréscimos, ajustou a saída de bola."
9563,Partida,"O jogador reserva, no meio da semana, finalizou com o pé esquerdo."
9564,Treinamento,"O departamento médico, na reta final da temporada, testou o jovem da base no time titular."
9565,Partida,"O centroavante, no último jogo do ano, marcou o gol da vitória."
9566,Campeonato,O lanterna garantiu a permanência na primeira divisão no estádio do rival.
9567,Imprensa,"A coluna do jornal, pela primeira vez na temporada, elogiou o desempenho do goleiro."
9568,Categorias de base,"O treinador do sub-17, logo no primeiro minuto, revelou um goleiro de futuro."
9569,Categorias de base,O jovem goleiro estreou com gol no jogo do centenário do clube.
9570,Torcida,"A torcida visitante, nos acréscimos, vaiou a escalação do técnico."
9571,Torcida,"Na Arena da Baixada, a arquibancada pediu a contratação de um centroavante."
9572,Arbitragem,O bandeirinha ignorou o toque de mão no último jogo do ano.
9573,Torcida,"O torcedor mais antigo do clube, no segundo tempo, pediu a saída do técnico."
9574,Categorias de base,O menino da comunidade conquistou o título estadual juvenil na partida transmitida para todo o país.
9575,Mercado da bola,"O clube árabe, antes do intervalo, anunciou um patrocínio master."
9576,Arbitragem,"O árbitro principal, na final da copa, expulsou o técnico."
9577,Torcida,"A torcida organizada, depois de três derrotas seguidas, pediu a saída do técnico."
9578,Campeonato,"No jogo do centenário do clube, o clube recém-promovido empatou sem gols."
9579,Categorias de base,"O time sub-15, na decisão do estadual, disputou a final do sub-17."
9580,Partida,"Em plena data FIFA, o ponta-direita chutou cruzado para o gol."
9581,Categorias de base,"O time sub-15, em plena data FIFA, conquistou o torneio internacional de base."
9582,Categorias de base,O olheiro estreou na seleção de base fora de casa.
9583,Categorias de base,O treinador do sub-17 conquistou o título estadual juvenil na estreia do campeonato.
9584,Partida,"O centroavante, no confronto pela copa, cruzou na cabeça do centroavante."
9585,Treinamento,O coordenador técnico comandou o coletivo com os titulares na partida transmitida para todo o país.
9586,Imprensa,O comentarista noticiou a lesão do artilheiro na final da copa.
9587,Arbitragem,O árbitro de vídeo expulsou o zagueiro na Arena da Baixada.
9588,Partida,"O centroavante, na noite de sábado, chutou forte de fora da área."
9589,Torcida,"A torcida mandante, antes do intervalo, vaiou o time na saída de campo."
9590,Treinamento,"O auxiliar técnico, na abertura da rodada, fechou o treino à imprensa."
9591,Campeonato,"Na rodada de domingo, o vice-líder garantiu a vaga na Libertadores."
9592,Categorias de base,O coordenador da base revelou um lateral promissor no meio da semana.
9593,Arbitragem,"Após o intervalo, a assistente revisou a jogada do gol."
9594,Imprensa,"O blogueiro esportivo, no domingo à tarde, previu uma goleada no clássico."
9595,Imprensa,"No gramado encharcado, o canal de esportes narrou a decisão por pênaltis."
9596,Categorias de base,"O time sub-15, sob forte chuva, conquistou o torneio internacional de base."
9597,Partida,O zagueiro marcou de falta na partida transmitida para todo o país.
9598,Torcida,O sócio-torcedor aplaudiu o goleiro depois de três derrotas seguidas.
9599,Treinamento,O técnico fechou a escalação para o clássico no último jogo do ano.
9600,Imprensa,O podcast de futebol previu uma goleada no clássico no jogo do centenário do clube.
9601,Arbitragem,"No estádio do rival, o árbitro expulsou o volante adversário."
9602,Imprensa,"O comentarista, pela primeira vez na temporada, revelou o novo patrocinador."
9603,Partida,"Depois de três derrotas seguidas, o capitão do time cabeceou após o escanteio."
9604,Arbitragem,"Na partida transmitida para todo o país, o árbitro principal aplicou o cartão vermelho."
9605,Torcida,"A torcida organizada, no último jogo do ano, vaiou o jogador adversário."
9606,Partida,"No jogo do returno, o atacante deu um drible desconcertante."
9607,Arbitragem,O árbitro principal marcou o impedimento no domingo à tarde.
9608,Categorias de base,"O menino da comunidade, na decisão do estadual, assinou o primeiro contrato profissional."
9609,Torcida,"A arquibancada, no gramado encharcado, comemorou o acesso à primeira divisão."
9610,Treinamento,"A comissão técnica, na rodada de domingo, intensificou as cobranças de pênalti."
9611,Mercado da bola,"O empresário, na Arena da Baixada, sondou um ponta do interior paulista."
9612,Mercado da bola,"O diretor de futebol, em pleno feriado, negociou o empréstimo do lateral."
9613,Categorias de base,O time sub-20 revelou um lateral promissor no estádio do rival.
9614,Treinamento,"O fisiologista, na reta final da temporada, comandou o rachão."
9615,Mercado da bola,"No meio da semana, a diretoria sondou um zagueiro do futebol argentino."
9616,Campeonato,O lanterna conquistou a copa do estado nos acréscimos.
9617,Treinamento,O técnico ajustou o posicionamento da defesa logo no primeiro minuto.
9618,Categorias de base,A promessa do clube disputou a semifinal do sub-20 sob forte chuva.
9619,Partida,"No último jogo do ano, o camisa 10 chutou a bola no ângulo."
9620,Torcida,O grupo de torcedores lotou o estádio depois de três derrotas seguidas.
9621,Mercado da bola,"Sob forte chuva, o investidor da SAF anunciou a saída do capitão."
9622,Mercado da bola,"Na noite de sábado, a diretoria apresentou o reforço à torcida."
9623,Imprensa,"O narrador, no meio da semana, revelou a escalação do clássico."
9624,Arbitragem,"Na final da copa, o árbitro principal ignorou o pedido de pênalti."
9625,Arbitragem,O assistente de vídeo anulou o gol por falta no goleiro diante de 40 mil torcedores.
9626,Mercado da bola,"Fora de casa, o clube rival renovou o contrato do artilheiro."
9627,Partida,O lateral-esquerdo perdeu o pênalti no estádio lotado.
9628,Campeonato,"Durante a pré-temporada, o time do interior venceu o confronto direto."
9629,Imprensa,"Na final da copa, a emissora de rádio previu o título do líder."
9630,Partida,"O centroavante, durante a pré-temporada, marcou dois gols."
9631,Torcida,O torcedor mais antigo do clube cantou o nome do ídolo na rodada de domingo.
9632,Torcida,O grupo de torcedores comemorou a classificação na final da copa.
9633,Arbitragem,"A assistente, depois de três derrotas seguidas, marcou um escanteio duvidoso."
9634,Treinamento,"O auxiliar técnico, na quarta-feira à noite, intensificou o trabalho físico."
9635,Torcida,"A arquibancada, na partida transmitida para todo o país, aplaudiu a homenagem ao ídolo."
9636,Torcida,"O torcedor mais antigo do clube, no meio da semana, aplaudiu o elenco após a derrota."
9637,Torcida,"Na reta final da temporada, o torcedor comemorou a classificação."
9638,Categorias de base,"Na decisão do estadual, o jovem goleiro disputou a semifinal do sub-20."
9639,Treinamento,"Diante de 40 mil torcedores, o preparador de goleiros intensificou os treinos de finalização."
9640,Treinamento,O analista de desempenho intensificou os treinos de finalização na Arena da Baixada.
9641,Treinamento,"O coordenador técnico, pela primeira vez na temporada, planejou a sequência de jogos."
9642,Treinamento,"O analista de desempenho, na rodada de domingo, comandou o rachão."
9643,Torcida,"No meio da semana, o torcedor mais antigo do clube cantou o hino do clube."
9644,Imprensa,"Na abertura da rodada, o canal de esportes narrou a virada histórica."
9645,Campeonato,O lanterna venceu o clássico regional sob forte chuva.
9646,Imprensa,A coluna do jornal noticiou a crise no vestiário após o intervalo.
9647,Partida,"O ponta-direita, fora de casa, chutou cruzado para o gol."
9648,Campeonato,"O favorito ao título, no meio da semana, garantiu a vaga na Libertadores."
9649,Campeonato,"No gramado encharcado, o lanterna assumiu a vice-liderança."
9650,Imprensa,"O podcast de futebol, em pleno feriado, revelou o novo patrocinador."
9651,Categorias de base,"No gramado encharcado, a escolinha de futebol disputou a semifinal do sub-20."
9652,Partida,"Aos 45 minutos do segundo tempo, o jogador reserva perdeu um gol feito."
9653,Partida,"O lateral-esquerdo, no estádio do rival, marcou o gol de empate."
9654,Partida,"Na rodada de domingo, o centroavante finalizou com o pé esquerdo."
9655,Partida,O capitão do time marcou um golaço no meio da semana.
9656,Partida,"O lateral-esquerdo, na rodada de domingo, cruzou para a área."
9657,Mercado da bola,"O gerente de futebol, na noite de sábado, apresentou o novo camisa 9."
9658,Campeonato,"No estádio do rival, o líder do campeonato garantiu a classificação para as quartas."
9659,Imprensa,"No domingo à tarde, a repórter de campo revelou a escalação do clássico."
9660,Torcida,A torcida visitante cantou o nome do ídolo na reta final da temporada.
9661,Imprensa,"O narrador, no jogo do returno, revelou o novo patrocinador."
9662,Partida,"No meio da semana, o zagueiro finalizou por cobertura."
9663,Treinamento,A comissão técnica testou o meia na lateral na estreia do campeonato.
9664,Categorias de base,"Na rodada de domingo, o coordenador da base revelou um novo talento."
9665,Campeonato,O time visitante eliminou o favorito ao título aos 45 minutos do segundo tempo.
9666,Partida,O camisa 10 cruzou rasteiro para o meio no domingo à tarde.
9667,Imprensa,"Na quarta-feira à noite, o narrador narrou a decisão por pênaltis."
9668,Partida,"Diante de 40 mil torcedores, o lateral-esquerdo perdeu o pênalti."
9669,Partida,"No jogo do returno, o ponta-direita chutou a bola para fora."
9670,Imprensa,O narrador noticiou a demissão do treinador na Arena da Baixada.
9671,Torcida,"Aos 45 minutos do segundo tempo, o torcedor mais antigo do clube lotou o aeroporto."
9672,Arbitragem,O árbitro principal ignorou o pedido de pênalti no estádio do rival.
9673,Torcida,A arquibancada pediu a saída do técnico aos 45 minutos do segundo tempo.
9674,Treinamento,"O analista de desempenho, nos acréscimos, ajustou a bola parada."
9675,Mercado da bola,"O clube rival, na despedida do ídolo, apresentou o reforço à torcida."
9676,Mercado da bola,"No domingo à tarde, a diretoria renovou o contrato do goleiro."
9677,Partida,"No confronto pela copa, o volante deu um carrinho perfeito."
9678,Torcida,"Na volta das férias, o torcedor mais antigo do clube lotou a frente do centro de treinamento."
9679,Arbitragem,O árbitro marcou um escanteio duvidoso no jogo do returno.
9680,Torcida,"No confronto pela copa, a charanga aplaudiu o elenco após a derrota."
9681,Campeonato,"O lanterna, na reta final da temporada, conquistou o título nacional."
9682,Treinamento,O preparador de goleiros liberou o atacante para o jogo no clássico de quarta-feira.
9683,Torcida,A charanga lotou o aeroporto em meio à crise.
9684,Mercado da bola,O clube europeu negociou o empréstimo do lateral diante de 40 mil torcedores.
9685,Treinamento,"O analista de desempenho, logo no primeiro minuto, intensificou o trabalho físico."
9686,Campeonato,"No confronto pela copa, o atual campeão eliminou o atual campeão."
9687,Imprensa,A coluna do jornal criticou a escalação inicial no domingo à tarde.
9688,Arbitragem,"Na volta das férias, o bandeirinha deu seis minutos de acréscimo."
9689,Campeonato,"Aos 45 minutos do segundo tempo, o azarão da competição garantiu a vaga na Libertadores."
9690,Campeonato,"O líder do campeonato, no segundo tempo, foi rebaixado para a segunda divisão."
9691,Campeonato,O vice-líder assumiu a liderança da tabela no estádio do rival.
9692,Categorias de base,"No meio da semana, o time sub-15 assinou com um clube europeu."
9693,Campeonato,O time da casa venceu o confronto direto pela primeira vez na temporada.
9694,Mercado da bola,O investidor da SAF anunciou a saída do capitão durante a pré-temporada.
9695,Campeonato,O clube recém-promovido venceu a partida decisiva no jogo de ida.
9696,Torcida,A torcida organizada pediu a saída do técnico no último jogo do ano.
9697,Mercado da bola,"O clube árabe, logo no primeiro minuto, sondou o técnico da seleção."
9698,Campeonato,"O lanterna, em plena data FIFA, perdeu a invencibilidade."
9699,Imprensa,"Na abertura da rodada, a repórter de campo entrevistou o autor do gol."
9700,Partida,O lateral-esquerdo cruzou rasteiro para o meio na volta das férias.
9701,Arbitragem,O árbitro revisou o toque de mão no jogo do returno.
9702,Mercado da bola,"Logo no primeiro minuto, o gerente de futebol recusou a troca de jogadores."
9703,Treinamento,O coordenador técnico testou um novo esquema tático diante de 40 mil torcedores.
9704,Treinamento,"O departamento médico, na rodada de domingo, planejou a recuperação dos atletas."
9705,Partida,"O lateral-esquerdo, na abertura da rodada, marcou de falta."
9706,Partida,"Após o intervalo, o centroavante cruzou para a área."
9707,Partida,"No gramado encharcado, o capitão do time deu um chapéu no marcador."
9708,Arbitragem,O bandeirinha expulsou o técnico na Arena da Baixada.
9709,Mercado da bola,O empresário renovou o contrato do artilheiro fora de casa.
9710,Categorias de base,"O garoto da base, no último jogo do ano, disputou a final do sub-17."
9711,Torcida,O torcedor cantou sem parar no segundo tempo.
9712,Torcida,"Na reta final da temporada, o sócio-torcedor comemorou o acesso à primeira divisão."
9713,Partida,"O volante, em plena data FIFA, marcou de pênalti."
9714,Partida,O centroavante cabeceou após o escanteio fora de casa.
9715,Arbitragem,O quarto árbitro anulou o pênalti após revisão na final da copa.
9716,Torcida,"O sócio-torcedor, na noite de sábado, fez uma festa bonita."
9717,Torcida,"O torcedor, na volta das férias, lotou o estádio."
9718,Imprensa,A coluna do jornal noticiou a demissão do treinador na despedida do ídolo.
9719,Arbitragem,"Sob forte chuva, o quarto árbitro marcou o tiro de meta."
9720,Treinamento,"A comissão técnica, no estádio lotado, ajustou a marcação por pressão."
9721,Torcida,"No clássico de quarta-feira, o torcedor vaiou a escalação do técnico."
9722,Partida,"O jogador reserva, pela primeira vez na temporada, cruzou rasteiro para o meio."
9723,Arbitragem,"Durante a pré-temporada, o árbitro principal revisou o toque de mão."
9724,Torcida,"A torcida visitante, na partida transmitida para todo o país, vaiou o time na saída de campo."
9725,Arbitragem,"Em meio à crise, a assistente ignorou o pedido de pênalti."
9726,Treinamento,O preparador de goleiros intensificou os treinos de finalização na volta das férias.
9727,Torcida,A torcida organizada pediu mais raça aos jogadores no jogo do returno.
9728,Mercado da bola,"O agente do jogador, após o intervalo, pagou as luvas do reforço."
9729,Arbitragem,"Diante de 40 mil torcedores, o árbitro principal marcou o tiro de meta."
9730,Torcida,"O grupo de torcedores, na volta das férias, vaiou o time na saída de campo."
9731,Treinamento,O auxiliar técnico planejou a recuperação dos atletas na final da copa.
9732,Campeonato,"O atual campeão, no estádio lotado, garantiu a permanência na primeira divisão."
9733,Treinamento,"Na Arena da Baixada, o treinador interino ajustou o posicionamento da defesa."
9734,Partida,"No domingo à tarde, o ponta-direita marcou dois gols."
9735,Campeonato,"Na decisão do estadual, o time da casa garantiu a vaga na Libertadores."
9736,Treinamento,O coordenador técnico ajustou o posicionamento da defesa diante de 40 mil torcedores.
9737,Categorias de base,O jovem goleiro foi promovido ao time sub-20 no segundo tempo.
9738,Torcida,"O grupo de torcedores, no jogo do centenário do clube, vaiou o time na saída de campo."
9739,Treinamento,"A comissão técnica, diante de 40 mil torcedores, intensificou o trabalho físico."
9740,Arbitragem,O árbitro de vídeo ignorou o pedido de pênalti no gramado encharcado.
9741,Campeonato,"O time do interior, em noite de casa cheia, conquistou o acesso à Série A."
9742,Campeonato,"No jogo do centenário do clube, o azarão da competição empatou o jogo de ida."
9743,Torcida,O grupo de torcedores fez um mosaico gigante no clássico de quarta-feira.
9744,Arbitragem,"Antes do intervalo, a equipe de arbitragem expulsou o técnico."
9745,Torcida,"No último jogo do ano, a arquibancada cantou o hino do clube."
9746,Campeonato,O líder do campeonato venceu o clássico regional no jogo de ida.
9747,Treinamento,"O preparador de goleiros, na partida transmitida para todo o país, fechou o treino à imprensa."
9748,Partida,"O capitão do time, no último jogo do ano, marcou o gol da vitória."
9749,Partida,"O centroavante, aos 45 minutos do segundo tempo, finalizou de primeira."
9750,Campeonato,"O atual campeão, no jogo do returno, perdeu a final nos pênaltis."
9751,Imprensa,O podcast de futebol previu o título do líder na decisão do estadual.
9752,Arbitragem,"O árbitro, fora de casa, ignorou o pedido de pênalti."
9753,Mercado da bola,"O presidente do clube, no último jogo do ano, anunciou o reforço para a temporada."
9754,Categorias de base,"Na volta das férias, o treinador do sub-17 foi promovido ao elenco principal."
9755,Campeonato,"Na reta final da temporada, o time do interior venceu a partida decisiva."
9756,Categorias de base,A promessa do clube impressionou os olheiros europeus sob forte chuva.
9757,Categorias de base,"O treinador do sub-17, na decisão do estadual, conquistou a Copinha."
9758,Categorias de base,"No gramado encharcado, o jovem goleiro estreou no time profissional."
9759,Partida,"O ponta-direita, na estreia do campeonato, perdeu o pênalti."
9760,Partida,"Na final da copa, o ponta-direita cruzou para a área."
9761,Treinamento,A comissão técnica comandou a atividade de finalização durante a pré-temporada.
9762,Mercado da bola,"A diretoria, no confronto pela copa, negociou o empréstimo do lateral."
9763,Categorias de base,"Após o intervalo, o treinador do sub-17 foi promovido ao elenco principal."
9764,Categorias de base,"A escolinha de futebol, no estádio do rival, impressionou os olheiros europeus."
9765,Torcida,"O grupo de torcedores, antes do intervalo, vaiou o árbitro."
9766,Partida,"O meia-armador, pela primeira vez na temporada, sofreu um pênalti."
9767,Campeonato,"O clube recém-promovido, no confronto pela copa, empatou com o rival."
9768,Categorias de base,"O coordenador da base, no último jogo do ano, assinou com um clube europeu."
9769,Torcida,"No jogo de ida, o torcedor aplaudiu a entrada do time em campo."
9770,Campeonato,"No estádio do rival, o vice-líder assumiu a vice-liderança."
9771,Mercado da bola,"Na noite de sábado, o empresário negociou a liberação do meia."
9772,Torcida,A torcida organizada pediu mais raça aos jogadores após o intervalo.
9773,Categorias de base,"Em pleno feriado, a escolinha de futebol foi promovido ao elenco principal."
9774,Mercado da bola,"No gramado encharcado, o agente do jogador anunciou o reforço para a temporada."
9775,Mercado da bola,"Durante a pré-temporada, o clube europeu recusou a troca de jogadores."
9776,Mercado da bola,O empresário pagou a primeira parcela da transferência no gramado encharcado.
9777,Categorias de base,"O olheiro, em plena data FIFA, disputou a final do sub-17."
9778,Partida,"O lateral-esquerdo, aos 45 minutos do segundo tempo, marcou dois gols."
9779,Arbitragem,"O árbitro, durante a pré-temporada, marcou um escanteio duvidoso."
9780,Imprensa,"A emissora de rádio, no domingo à tarde, criticou a escalação inicial."
9781,Partida,"O ponta-direita, durante a pré-temporada, deu um carrinho perfeito."
9782,Arbitragem,"No jogo do centenário do clube, a equipe de arbitragem ignorou o pedido de pênalti."
9783,Mercado da bola,O agente do jogador apresentou o reforço à torcida durante a pré-temporada.
9784,Partida,"Para delírio da torcida, o capitão do time cabeceou para o fundo da rede."
9785,Partida,"Na reta final da temporada, o capitão do time marcou o gol da vitória."
9786,Imprensa,O setorista previu uma goleada no clássico na despedida do ídolo.
9787,Arbitragem,O quarto árbitro expulsou o zagueiro no gramado encharcado.
9788,Imprensa,"O comentarista, antes do intervalo, previu uma goleada no clássico."
9789,Treinamento,A comissão técnica ajustou a saída de bola no segundo tempo.
9790,Torcida,"A torcida visitante, na final da copa, cantou o hino do clube."
9791,Torcida,O sócio-torcedor pediu mais raça aos jogadores no meio da semana.
9792,Arbitragem,A equipe de arbitragem revisou o lance no monitor no segundo tempo.
9793,Imprensa,"Na estreia do campeonato, o jornalista esportivo previu o rebaixamento do clube."
9794,Categorias de base,"Na quarta-feira à noite, o garoto da base disputou a semifinal do sub-20."
9795,Treinamento,O auxiliar técnico intensificou o trabalho físico em meio à crise.
9796,Imprensa,"No clássico de quarta-feira, o narrador noticiou a crise no vestiário."
9797,Imprensa,"O podcast de futebol, na Arena da Baixada, elogiou o desempenho do goleiro."
9798,Categorias de base,"Na decisão do estadual, o menino da comunidade conquistou o torneio internacional de base."
9799,Campeonato,"O azarão da competição, na estreia do campeonato, assumiu a vice-liderança."
9800,Partida,"O lateral-esquerdo, no clássico de quarta-feira, cabeceou após o escanteio."
9801,Arbitragem,A equipe de arbitragem deu a bola ao chão na noite de sábado.
9802,Categorias de base,O jovem goleiro revelou um lateral promissor no segundo tempo.
9803,Arbitragem,"O árbitro principal, diante de 40 mil torcedores, revisou a jogada do gol."
9804,Partida,O centroavante cabeceou por cima do travessão no jogo do returno.
9805,Categorias de base,"Na reta final da temporada, o garoto da base foi promovido ao elenco principal."
9806,Partida,"Na reta final da temporada, o jogador reserva perdeu um gol feito."
9807,Campeonato,"Diante de 40 mil torcedores, o vice-líder conquistou o acesso à Série A."
9808,Partida,"O ponta-direita, em noite de casa cheia, perdeu a chance de empatar."
9809,Categorias de base,"Em noite de casa cheia, a escolinha de futebol conquistou o título estadual juvenil."
9810,Imprensa,"O comentarista, no estádio lotado, previu o título do líder."
9811,Torcida,"O sócio-torcedor, na reta final da temporada, vaiou o time na saída de campo."
9812,Treinamento,"O treinador interino, na final da copa, ajustou a marcação por pressão."
9813,Categorias de base,"A promessa do clube, em meio à crise, assinou com um clube europeu."
9814,Imprensa,"No domingo à tarde, o comentarista entrevistou o técnico."
9815,Torcida,"Após o intervalo, a torcida jovem comemorou o título estadual."
9816,Treinamento,"O fisiologista, em plena data FIFA, liberou o elenco para o fim de semana."
9817,Partida,"Na rodada de domingo, o ponta-direita sofreu um pênalti."
9818,Imprensa,"O setorista, no clássico de quarta-feira, previu o rebaixamento do clube."
9819,Mercado da bola,"Em noite de casa cheia, o empresário sondou o técnico da seleção."
9820,Treinamento,"Durante a pré-temporada, o analista de desempenho comandou a atividade de finalização."
9821,Partida,"Na estreia do campeonato, o meia-armador perdeu um gol feito."
9822,Categorias de base,"O garoto da base, durante a pré-temporada, revelou um goleiro de futuro."
9823,Partida,"O lateral-esquerdo, nos acréscimos, finalizou rente à trave."
9824,Campeonato,"O clube recém-promovido, no jogo de ida, eliminou o favorito ao título."
9825,Partida,"Na despedida do ídolo, o lateral-esquerdo deu uma assistência precisa."
9826,Partida,O jogador reserva finalizou rente à trave no jogo de ida.
9827,Mercado da bola,"O gerente de futebol, no jogo de ida, renovou o contrato do artilheiro."
9828,Mercado da bola,"O clube rival, na quarta-feira à noite, anunciou a chegada do novo técnico."
9829,Campeonato,O time visitante assumiu a liderança da tabela nos acréscimos.
9830,Arbitragem,"O quarto árbitro, na despedida do ídolo, aplicou o cartão amarelo."
9831,Imprensa,"O blogueiro esportivo, no meio da semana, entrevistou o presidente do clube."
9832,Mercado da bola,O presidente do clube renovou o contrato do goleiro no estádio lotado.
9833,Arbitragem,O juiz da partida ignorou o toque de mão no jogo do returno.
9834,Campeonato,O clube recém-promovido conquistou a copa do estado na Arena da Baixada.
9835,Partida,O zagueiro finalizou com o pé esquerdo diante de 40 mil torcedores.
9836,Torcida,A charanga aplaudiu o elenco após a derrota na despedida do ídolo.
9837,Categorias de base,"A promessa do clube, no jogo do returno, foi promovido ao elenco principal."
9838,Imprensa,A coluna do jornal revelou a escalação do clássico na final da copa.
9839,Arbitragem,"Nos acréscimos, o árbitro marcou a falta na entrada da área."
9840,Arbitragem,"O árbitro de vídeo, no último jogo do ano, marcou um escanteio duvidoso."
9841,Imprensa,"Na abertura da rodada, a emissora de rádio criticou o esquema tático."
9842,Partida,"Aos 45 minutos do segundo tempo, o ponta-direita marcou o gol da vitória."
9843,Torcida,"Logo no primeiro minuto, o torcedor mais antigo do clube vaiou o time na saída de campo."
9844,Categorias de base,O time sub-15 disputou a peneira regional no confronto pela copa.
9845,Imprensa,"Em noite de casa cheia, a coluna do jornal narrou a decisão por pênaltis."
9846,Categorias de base,"Após o intervalo, o olheiro revelou um novo talento."
9847,Mercado da bola,"O presidente do clube, no jogo do returno, anunciou a chegada do novo técnico."
9848,Treinamento,"Na despedida do ídolo, o fisiologista liberou o atacante para o jogo."
9849,Torcida,"A torcida jovem, em meio à crise, lotou o estádio."
9850,Imprensa,A coluna do jornal entrevistou o autor do gol no clássico de quarta-feira.
9851,Categorias de base,"Na partida transmitida para todo o país, o coordenador da base impressionou a comissão técnica."
9852,Imprensa,O setorista entrevistou o autor do gol aos 45 minutos do segundo tempo.
9853,Treinamento,"O técnico, no confronto pela copa, fechou o treino à imprensa."
9854,Treinamento,O preparador físico testou três zagueiros na estreia do campeonato.
9855,Mercado da bola,"A diretoria, na final da copa, recusou a oferta do rival."
9856,Torcida,"No estádio lotado, a torcida jovem vaiou o time na saída de campo."
9857,Partida,"Em pleno feriado, o ponta-direita finalizou de primeira."
9858,Campeonato,O favorito ao título venceu por goleada em noite de casa cheia.
9859,Torcida,"No gramado encharcado, o sócio-torcedor vaiou a escalação do técnico."
9860,Partida,"O atacante, na noite de sábado, chutou a bola para fora."
9861,Torcida,"No gramado encharcado, o torcedor mais antigo do clube fez um protesto pacífico."
9862,Partida,"O meia-armador, na abertura da rodada, finalizou rente à trave."
9863,Imprensa,"Na estreia do campeonato, a repórter de campo noticiou a venda do atacante."
9864,Torcida,"Nos acréscimos, a arquibancada pediu a saída do técnico."
9865,Imprensa,"No domingo à tarde, o setorista revelou a escalação do clássico."
9866,Arbitragem,"O árbitro, pela primeira vez na temporada, marcou o pênalti."
9867,Treinamento,"Pela primeira vez na temporada, o técnico liberou o elenco para o fim de semana."
9868,Arbitragem,"O assistente de vídeo, na estreia do campeonato, anulou o pênalti após revisão."
9869,Partida,"Pela primeira vez na temporada, o capitão do time deu um drible desconcertante."
9870,Partida,O meia-armador deu um carrinho perfeito na volta das férias.
9871,Partida,"O atacante, após o intervalo, perdeu um gol feito."
9872,Categorias de base,"O time sub-20, na final da copa, revelou um lateral promissor."
9873,Arbitragem,"O bandeirinha, no segundo tempo, marcou a falta na entrada da área."
9874,Arbitragem,"O árbitro de vídeo, durante a pré-temporada, marcou o impedimento."
9875,Torcida,A charanga fez um mosaico gigante em plena data FIFA.
9876,Categorias de base,"Depois de três derrotas seguidas, a promessa do clube disputou a final do sub-17."
9877,Partida,"O meia-armador, na reta final da temporada, finalizou na trave."
9878,Partida,"O centroavante, no estádio lotado, perdeu um gol feito."
9879,Arbitragem,"A assistente, no confronto pela copa, anulou o gol por falta no goleiro."
9880,Imprensa,"Na partida transmitida para todo o país, a repórter de campo narrou o golaço da rodada."
9881,Treinamento,"Diante de 40 mil torcedores, o departamento médico planejou a sequência de jogos."
9882,Mercado da bola,"O clube europeu, na Arena da Baixada, recusou a oferta do rival."
9883,Campeonato,O vice-líder eliminou o atual campeão no jogo de ida.
9884,Mercado da bola,O empresário anunciou a saída do capitão em pleno feriado.
9885,Imprensa,"No estádio lotado, a repórter de campo criticou o esquema tático."
9886,Imprensa,A emissora de rádio narrou o golaço da rodada na estreia do campeonato.
9887,Campeonato,"No domingo à tarde, o azarão da competição conquistou a copa do estado."
9888,Treinamento,"O auxiliar técnico, no jogo do centenário do clube, liberou o elenco para o fim de semana."
9889,Mercado da bola,O gerente de futebol negociou o empréstimo do lateral na decisão do estadual.
9890,Partida,"O capitão do time, na final da copa, perdeu a chance de empatar."
9891,Partida,"Durante a pré-temporada, o atacante marcou um golaço."
9892,Categorias de base,"O time sub-15, na decisão do estadual, impressionou os olheiros europeus."
9893,Partida,"O ponta-direita, no segundo tempo, sofreu um pênalti."
9894,Imprensa,O setorista entrevistou o técnico na despedida do ídolo.
9895,Treinamento,"Após o intervalo, a comissão técnica testou o meia na lateral."
9896,Treinamento,"Após o intervalo, o preparador físico comandou o coletivo com os titulares."
9897,Partida,O atacante finalizou na trave durante a pré-temporada.
9898,Partida,O centroavante cabeceou no canto do goleiro na final da copa.
9899,Mercado da bola,A diretoria recusou uma proposta milionária no segundo tempo.
9900,Partida,O zagueiro cabeceou para o fundo da rede aos 45 minutos do segundo tempo.
9901,Campeonato,"O time visitante, depois de três derrotas seguidas, venceu o clássico regional."
9902,Treinamento,"O preparador de goleiros, logo no primeiro minuto, comandou o rachão."
9903,Campeonato,O líder do campeonato empatou o jogo de ida no domingo à tarde.
9904,Imprensa,"A emissora de rádio, na partida transmitida para todo o país, criticou a escalação inicial."
9905,Partida,"Na decisão do estadual, o lateral-esquerdo marcou dois gols."
9906,Torcida,"O torcedor mais antigo do clube, na quarta-feira à noite, vaiou a escalação do técnico."
9907,Imprensa,"A repórter de campo, diante de 40 mil torcedores, elogiou a postura do time."
9908,Mercado da bola,"O clube rival, no último jogo do ano, negociou o empréstimo do lateral."
9909,Torcida,A torcida visitante fez uma grande recepção ao elenco no meio da semana.
9910,Campeonato,O atual campeão conquistou o título nacional na despedida do ídolo.
9911,Treinamento,"O auxiliar técnico, na noite de sábado, comandou o treino tático."
9912,Arbitragem,"Na quarta-feira à noite, o árbitro de vídeo marcou o pênalti."
9913,Mercado da bola,"Na partida transmitida para todo o país, o presidente do clube pagou a primeira parcela da transferência."
9914,Treinamento,"Em meio à crise, o preparador físico testou três zagueiros."
9915,Treinamento,"Na despedida do ídolo, a comissão técnica intensificou os treinos de finalização."
9916,Partida,"Na rodada de domingo, o atacante marcou o gol da vitória."
9917,Treinamento,O preparador físico testou o meia na lateral depois de três derrotas seguidas.
9918,Partida,"O zagueiro, para delírio da torcida, sofreu uma lesão muscular."
9919,Arbitragem,"Na estreia do campeonato, o árbitro de vídeo marcou um escanteio duvidoso."
9920,Partida,"Na despedida do ídolo, o centroavante chutou a bola no ângulo."
9921,Partida,O ponta-direita deu uma assistência precisa no jogo de ida.
9922,Torcida,"Depois de três derrotas seguidas, o grupo de torcedores aplaudiu a entrada do time em campo."
9923,Imprensa,"No segundo tempo, a coluna do jornal entrevistou o capitão."
9924,Torcida,O sócio-torcedor vaiou o jogador adversário na decisão do estadual.
9925,Campeonato,"O time da casa, durante a pré-temporada, garantiu a classificação para as quartas."
9926,Imprensa,"O setorista, sob forte chuva, entrevistou o autor do gol."
9927,Mercado da bola,"Durante a pré-temporada, o gerente de futebol pagou a multa rescisória."
9928,Imprensa,"O narrador, na estreia do campeonato, criticou a escalação inicial."
9929,Torcida,"Em pleno feriado, a torcida mandante comemorou o título estadual."
9930,Categorias de base,"O time sub-20, no clássico de quarta-feira, conquistou o torneio internacional de base."
9931,Imprensa,"A coluna do jornal, sob forte chuva, revelou os bastidores da negociação."
9932,Treinamento,"No meio da semana, a comissão técnica intensificou os treinos de finalização."
9933,Categorias de base,"No jogo do centenário do clube, o menino da comunidade conquistou o título estadual juvenil."
9934,Arbitragem,O quarto árbitro revisou o lance no monitor pela primeira vez na temporada.
9935,Arbitragem,"Em plena data FIFA, a equipe de arbitragem marcou o pênalti."
9936,Mercado da bola,O diretor de futebol pagou as luvas do reforço na abertura da rodada.
9937,Categorias de base,"Em noite de casa cheia, o treinador do sub-17 revelou um lateral promissor."
9938,Partida,O lateral-esquerdo cruzou para a área no último jogo do ano.
9939,Partida,"No último jogo do ano, o centroavante marcou o gol da vitória."
9940,Imprensa,"A emissora de rádio, aos 45 minutos do segundo tempo, entrevistou o capitão."
9941,Partida,"O meia-armador, em noite de casa cheia, cruzou rasteiro para o meio."
9942,Imprensa,A coluna do jornal elogiou o trabalho do técnico no jogo de ida.
9943,Arbitragem,"O juiz da partida, no estádio lotado, anulou o pênalti após revisão."
9944,Mercado da bola,"O diretor de futebol, pela primeira vez na temporada, recusou a troca de jogadores."
9945,Mercado da bola,"O agente do jogador, sob forte chuva, negociou a venda do jovem atacante."
9946,Categorias de base,O garoto da base impressionou o técnico do profissional no gramado encharcado.
9947,Mercado da bola,"Na abertura da rodada, o clube árabe pagou as luvas do reforço."
9948,Treinamento,O auxiliar técnico fechou o treino à imprensa em plena data FIFA.
9949,Treinamento,"No último jogo do ano, o treinador interino liberou o atacante para o jogo."
9950,Torcida,A charanga aplaudiu o elenco após a derrota no confronto pela copa.
9951,Torcida,"No jogo do returno, a torcida organizada pediu a contratação de um centroavante."
9952,Partida,"O capitão do time, para delírio da torcida, perdeu a chance de empatar."
9953,Imprensa,"Aos 45 minutos do segundo tempo, a coluna do jornal entrevistou o presidente do clube."
9954,Imprensa,"O canal de esportes, após o intervalo, entrevistou o técnico."
9955,Imprensa,A emissora de rádio entrevistou o presidente do clube durante a pré-temporada.
9956,Arbitragem,"Diante de 40 mil torcedores, o assistente de vídeo anulou o pênalti após revisão."
9957,Categorias de base,"O menino da comunidade, no clássico de quarta-feira, conquistou o torneio internacional de base."
9958,Torcida,"O torcedor, na decisão do estadual, lotou o aeroporto."
9959,Torcida,"Na abertura da rodada, a torcida organizada aplaudiu o elenco após a derrota."
9960,Imprensa,"No segundo tempo, o canal de esportes entrevistou o capitão."
9961,Arbitragem,O árbitro de vídeo aplicou o cartão amarelo no meio da semana.
9962,Partida,O volante cabeceou por cima do travessão em meio à crise.
9963,Categorias de base,O menino da comunidade foi promovido ao time sub-20 na reta final da temporada.
9964,Treinamento,"Nos acréscimos, o técnico planejou a pré-temporada."
9965,Imprensa,"A coluna do jornal, sob forte chuva, previu o rebaixamento do clube."
9966,Torcida,"Diante de 40 mil torcedores, o torcedor mais antigo do clube cantou o hino do clube."
9967,Categorias de base,"O time sub-15, na reta final da temporada, assinou com um clube europeu."
9968,Imprensa,"Depois de três derrotas seguidas, o jornalista esportivo criticou o esquema tático."
9969,Categorias de base,"Para delírio da torcida, o garoto da base disputou a semifinal do sub-20."
9970,Torcida,"Fora de casa, a torcida jovem cantou o nome do ídolo."
9971,Treinamento,O analista de desempenho intensificou o trabalho físico na partida transmitida para todo o país.
9972,Arbitragem,O árbitro principal aplicou o cartão amarelo sob forte chuva.
9973,Partida,"Na final da copa, o centroavante finalizou de primeira."
9974,Arbitragem,O assistente de vídeo marcou um escanteio duvidoso na final da copa.
9975,Campeonato,"Fora de casa, o favorito ao título perdeu a liderança da tabela."
9976,Torcida,O grupo de torcedores pediu a contratação de um centroavante no estádio lotado.
9977,Imprensa,"No jogo do returno, o jornalista esportivo revelou os bastidores da negociação."
9978,Imprensa,"No jogo do returno, o narrador criticou a arbitragem."
9979,Treinamento,"Nos acréscimos, a comissão técnica testou um novo esquema tático."
9980,Categorias de base,"O coordenador da base, na final da copa, impressionou os olheiros europeus."
9981,Partida,"No estádio lotado, o meia-armador deu um chapéu no marcador."
9982,Torcida,O sócio-torcedor lotou a frente do centro de treinamento em meio à crise.
9983,Torcida,"A charanga, no confronto pela copa, lotou o aeroporto."
9984,Campeonato,"O time do interior, aos 45 minutos do segundo tempo, eliminou o favorito ao título."
9985,Imprensa,"No último jogo do ano, a repórter de campo criticou a atuação do time."
9986,Treinamento,"No segundo tempo, o analista de desempenho comandou a atividade de finalização."
9987,Arbitragem,O árbitro principal marcou a falta na entrada da área após o intervalo.
9988,Campeonato,"No domingo à tarde, o vice-líder empatou com o rival."
9989,Torcida,"A torcida jovem, no estádio lotado, vaiou o time na saída de campo."
9990,Torcida,"O sócio-torcedor, durante a pré-temporada, comemorou o gol da virada."
9991,Imprensa,"O narrador, no estádio do rival, elogiou a estreia do reforço."
9992,Mercado da bola,O clube rival anunciou a saída do capitão fora de casa.
9993,Campeonato,"Para delírio da torcida, o atual campeão conquistou o acesso à Série A."
9994,Campeonato,"O clube recém-promovido, na decisão do estadual, eliminou o atual campeão."
9995,Arbitragem,"Em plena data FIFA, o quarto árbitro ignorou o pedido de pênalti."
9996,Campeonato,O vice-líder eliminou o favorito ao título no domingo à tarde.
9997,Treinamento,O técnico comandou a atividade de finalização na despedida do ídolo.
9998,Imprensa,"O podcast de futebol, em meio à crise, noticiou a demissão do treinador."
9999,Arbitragem,"Em pleno feriado, o árbitro de vídeo anulou o gol por impedimento."
10000,Torcida,"O sócio-torcedor, na volta das férias, aplaudiu o elenco após a derrota."
